bus_name,departure_time,pick_up_point,arrival_time,drop_of_point,start_point,destination,An toàn,Thông tin chính xác,Thông tin đầy đủ,Thái độ nhân viên,Tiện nghi & thoải mái,Chất lượng dịch vụ,Đúng giờ,rating_overall,review_count,number_of_seat,price_original,price_discounted,discounted_percentage,day,date,duration_m
36 Limousine,09:00:00,Văn phòng,11:30:00,Văn phòng,Hà Nội,Thanh Hóa,4.8,4.8,4.8,4.7,4.7,4.7,4.7,4.8,502,11,230000,0,0.0,Wednesday,15-10-2025,150
Vân Anh Limousine,13:00:00,Bến xe,16:00:00,Bến xe,Hà Nội,Thanh Hóa,4.9,4.9,4.9,4.9,4.9,4.9,5.0,4.8,32,24,230000,200000,13.0,Wednesday,15-10-2025,180
Thành Trung Limousine,07:00:00,Văn phòng,09:00:00,Văn phòng,Hà Nội,Thanh Hóa,4.4,3.9,4.0,4.3,4.3,3.9,4.3,4.0,113,9,230000,210000,9.0,Wednesday,15-10-2025,120
Vĩnh Quang,11:25:00,Văn phòng,13:55:00,Văn phòng,Hà Nội,Thanh Hóa,5.0,4.8,4.9,4.9,4.9,4.9,4.8,4.8,25,10,170000,0,0.0,Wednesday,15-10-2025,150
Thơm Phụng,15:30:00,Bến xe,17:45:00,Other,Hà Nội,Thanh Hóa,4.9,4.6,4.8,4.8,4.6,4.5,5.0,4.6,18,46,150000,0,0.0,Wednesday,15-10-2025,135
Đức Phát,13:00:00,Văn phòng,15:30:00,Bến xe,Hà Nội,Thanh Hóa,4.8,4.7,4.7,4.6,4.7,4.6,4.8,4.7,87,11,210000,0,0.0,Wednesday,15-10-2025,150
Bình Hoài Limousine,15:00:00,Văn phòng,17:50:00,Other,Hà Nội,Thanh Hóa,4.2,4.0,4.1,4.3,4.1,4.0,4.6,4.0,297,10,230000,0,0.0,Wednesday,15-10-2025,170
An Phát,10:00:00,Văn phòng,13:00:00,Văn phòng,Hà Nội,Thanh Hóa,4.2,3.9,3.9,4.1,3.9,3.8,5.0,4.0,23,7,250000,0,0.0,Wednesday,15-10-2025,180
FUTA HÀ SƠN,17:30:00,Bến xe,20:00:00,Other,Hà Nội,Thanh Hóa,4.9,4.7,4.8,4.8,4.8,4.7,4.8,4.8,318,34,300000,0,0.0,Wednesday,15-10-2025,150
Thăng Long,22:10:00,Other,02:55:00,Other,Hà Nội,Thanh Hóa,4.8,4.7,4.8,4.7,4.4,4.5,4.8,4.6,438,40,200000,0,0.0,Wednesday,15-10-2025,285
36 Limousine,20:00:00,Văn phòng,22:30:00,Văn phòng,Hà Nội,Thanh Hóa,4.8,4.8,4.8,4.7,4.7,4.7,4.7,4.8,502,11,230000,0,0.0,Wednesday,15-10-2025,150
Vĩnh Quang,10:25:00,Văn phòng,12:55:00,Văn phòng,Hà Nội,Thanh Hóa,5.0,4.8,4.9,4.9,4.9,4.9,4.8,4.8,25,10,170000,0,0.0,Wednesday,15-10-2025,150
Thành Trung Limousine,20:00:00,Văn phòng,22:00:00,Văn phòng,Hà Nội,Thanh Hóa,4.4,3.9,4.0,4.3,4.3,3.9,4.3,4.0,113,11,230000,210000,9.0,Wednesday,15-10-2025,120
Thơm Phụng,16:30:00,Bến xe,18:45:00,Other,Hà Nội,Thanh Hóa,4.9,4.6,4.8,4.8,4.6,4.5,5.0,4.6,18,24,200000,0,0.0,Wednesday,15-10-2025,135
Đức Phát,13:00:00,Bến xe,15:30:00,Bến xe,Hà Nội,Thanh Hóa,4.8,4.7,4.7,4.6,4.7,4.6,4.8,4.7,87,24,250000,0,0.0,Wednesday,15-10-2025,150
Vân Anh Limousine,20:00:00,Bến xe,23:00:00,Bến xe,Hà Nội,Thanh Hóa,4.9,4.9,4.9,4.9,4.9,4.9,5.0,4.8,32,24,230000,200000,13.0,Wednesday,15-10-2025,180
Bình Hoài Limousine,14:00:00,Văn phòng,16:50:00,Other,Hà Nội,Thanh Hóa,4.2,4.0,4.1,4.3,4.1,4.0,4.6,4.0,297,10,230000,0,0.0,Wednesday,15-10-2025,170
An Phát,19:00:00,Văn phòng,22:00:00,Văn phòng,Hà Nội,Thanh Hóa,4.2,3.9,3.9,4.1,3.9,3.8,5.0,4.0,23,7,250000,0,0.0,Wednesday,15-10-2025,180
FUTA HÀ SƠN,23:50:00,Bến xe,01:50:00,Other,Hà Nội,Thanh Hóa,4.9,4.7,4.8,4.8,4.8,4.7,4.8,4.8,318,34,200000,0,0.0,Wednesday,15-10-2025,120
Thăng Long,23:15:00,Bến xe,02:15:00,Other,Hà Nội,Thanh Hóa,4.8,4.7,4.8,4.7,4.4,4.5,4.8,4.6,438,40,200000,0,0.0,Wednesday,15-10-2025,180
Nam Quỳnh Anh,21:30:00,Bến xe,02:30:00,Other,Hà Nội,Thanh Hóa,4.5,4.3,4.5,4.2,4.2,4.2,4.7,4.2,2035,22,350000,0,0.0,Wednesday,15-10-2025,300
HM Happycar,20:00:00,Other,23:00:00,Other,Hà Nội,Thanh Hóa,4.6,4.5,4.6,4.5,4.6,4.5,4.6,4.6,264,24,300000,0,0.0,Wednesday,15-10-2025,180
Phú Quý,22:40:00,Bến xe,01:40:00,Other,Hà Nội,Thanh Hóa,4.4,4.3,4.4,4.5,4.1,4.2,4.9,4.3,468,22,400000,0,0.0,Wednesday,15-10-2025,180
Bảo Ngọc Limousine,17:00:00,Bến xe,19:25:00,Other,Hà Nội,Thanh Hóa,4.8,4.9,4.9,4.9,4.2,4.2,5.0,4.2,18,32,220000,0,0.0,Wednesday,15-10-2025,145
36 Limousine,15:00:00,Văn phòng,17:30:00,Văn phòng,Hà Nội,Thanh Hóa,4.8,4.8,4.8,4.7,4.7,4.7,4.7,4.8,502,11,230000,0,0.0,Wednesday,15-10-2025,150
36 Limousine,05:30:00,Văn phòng,08:00:00,Văn phòng,Hà Nội,Thanh Hóa,4.8,4.8,4.8,4.7,4.7,4.7,4.7,4.8,502,11,230000,0,0.0,Wednesday,15-10-2025,150
36 Limousine,18:00:00,Văn phòng,20:30:00,Văn phòng,Hà Nội,Thanh Hóa,4.8,4.8,4.8,4.7,4.7,4.7,4.7,4.8,502,11,230000,0,0.0,Wednesday,15-10-2025,150
Thành Trung Limousine,15:00:00,Văn phòng,17:00:00,Văn phòng,Hà Nội,Thanh Hóa,4.4,3.9,4.0,4.3,4.3,3.9,4.3,4.0,113,11,230000,210000,9.0,Wednesday,15-10-2025,120
Thành Trung Limousine,19:00:00,Văn phòng,21:00:00,Văn phòng,Hà Nội,Thanh Hóa,4.4,3.9,4.0,4.3,4.3,3.9,4.3,4.0,113,11,230000,210000,9.0,Wednesday,15-10-2025,120
Đức Phát,20:00:00,Bến xe,22:30:00,Bến xe,Hà Nội,Thanh Hóa,4.8,4.7,4.7,4.6,4.7,4.6,4.8,4.7,87,24,250000,0,0.0,Wednesday,15-10-2025,150
Đức Phát,16:00:00,Văn phòng,18:30:00,Bến xe,Hà Nội,Thanh Hóa,4.8,4.7,4.7,4.6,4.7,4.6,4.8,4.7,87,11,210000,0,0.0,Wednesday,15-10-2025,150
Đức Phát,08:05:00,Bến xe,10:35:00,Bến xe,Hà Nội,Thanh Hóa,4.8,4.7,4.7,4.6,4.7,4.6,4.8,4.7,87,24,250000,0,0.0,Wednesday,15-10-2025,150
Thành Trung Limousine,14:00:00,Văn phòng,16:00:00,Văn phòng,Hà Nội,Thanh Hóa,4.4,3.9,4.0,4.3,4.3,3.9,4.3,4.0,113,11,230000,210000,9.0,Wednesday,15-10-2025,120
Thơm Phụng,10:00:00,Bến xe,12:15:00,Other,Hà Nội,Thanh Hóa,4.9,4.6,4.8,4.8,4.6,4.5,5.0,4.6,18,24,200000,0,0.0,Wednesday,15-10-2025,135
Vân Anh Limousine,11:00:00,Bến xe,14:00:00,Bến xe,Hà Nội,Thanh Hóa,4.9,4.9,4.9,4.9,4.9,4.9,5.0,4.8,32,24,230000,200000,13.0,Wednesday,15-10-2025,180
Vĩnh Quang,17:25:00,Văn phòng,19:55:00,Văn phòng,Hà Nội,Thanh Hóa,5.0,4.8,4.9,4.9,4.9,4.9,4.8,4.8,25,10,170000,0,0.0,Wednesday,15-10-2025,150
Thơm Phụng,13:30:00,Bến xe,15:45:00,Other,Hà Nội,Thanh Hóa,4.9,4.6,4.8,4.8,4.6,4.5,5.0,4.6,18,24,200000,0,0.0,Wednesday,15-10-2025,135
Vĩnh Quang,20:25:00,Văn phòng,22:55:00,Văn phòng,Hà Nội,Thanh Hóa,5.0,4.8,4.9,4.9,4.9,4.9,4.8,4.8,25,10,170000,0,0.0,Wednesday,15-10-2025,150
Vĩnh Quang,12:25:00,Văn phòng,14:55:00,Văn phòng,Hà Nội,Thanh Hóa,5.0,4.8,4.9,4.9,4.9,4.9,4.8,4.8,25,10,170000,0,0.0,Wednesday,15-10-2025,150
Vân Anh Limousine,17:00:00,Bến xe,20:00:00,Bến xe,Hà Nội,Thanh Hóa,4.9,4.9,4.9,4.9,4.9,4.9,5.0,4.8,32,24,230000,0,0.0,Wednesday,15-10-2025,180
36 Limousine,10:00:00,Văn phòng,12:30:00,Văn phòng,Hà Nội,Thanh Hóa,4.8,4.8,4.8,4.7,4.7,4.7,4.7,4.8,502,11,230000,0,0.0,Wednesday,15-10-2025,150
36 Limousine,14:00:00,Văn phòng,16:30:00,Văn phòng,Hà Nội,Thanh Hóa,4.8,4.8,4.8,4.7,4.7,4.7,4.7,4.8,502,11,230000,0,0.0,Wednesday,15-10-2025,150
36 Limousine,08:01:00,Văn phòng,10:31:00,Văn phòng,Hà Nội,Thanh Hóa,4.8,4.8,4.8,4.7,4.7,4.7,4.7,4.8,502,11,230000,0,0.0,Wednesday,15-10-2025,150
Đức Phát,15:00:00,Văn phòng,17:30:00,Bến xe,Hà Nội,Thanh Hóa,4.8,4.7,4.7,4.6,4.7,4.6,4.8,4.7,87,11,210000,0,0.0,Wednesday,15-10-2025,150
Đức Phát,18:00:00,Bến xe,20:30:00,Bến xe,Hà Nội,Thanh Hóa,4.8,4.7,4.7,4.6,4.7,4.6,4.8,4.7,87,24,250000,0,0.0,Wednesday,15-10-2025,150
Đức Phát,06:00:00,Bến xe,08:30:00,Bến xe,Hà Nội,Thanh Hóa,4.8,4.7,4.7,4.6,4.7,4.6,4.8,4.7,87,24,250000,0,0.0,Wednesday,15-10-2025,150
Thành Trung Limousine,18:00:00,Văn phòng,20:00:00,Văn phòng,Hà Nội,Thanh Hóa,4.4,3.9,4.0,4.3,4.3,3.9,4.3,4.0,113,11,230000,210000,9.0,Wednesday,15-10-2025,120
Thành Trung Limousine,11:00:00,Văn phòng,13:00:00,Văn phòng,Hà Nội,Thanh Hóa,4.4,3.9,4.0,4.3,4.3,3.9,4.3,4.0,113,11,230000,210000,9.0,Wednesday,15-10-2025,120
Vĩnh Quang,21:25:00,Văn phòng,23:55:00,Văn phòng,Hà Nội,Thanh Hóa,5.0,4.8,4.9,4.9,4.9,4.9,4.8,4.8,25,10,170000,0,0.0,Wednesday,15-10-2025,150
Vĩnh Quang,06:25:00,Văn phòng,08:55:00,Văn phòng,Hà Nội,Thanh Hóa,5.0,4.8,4.9,4.9,4.9,4.9,4.8,4.8,25,10,170000,0,0.0,Wednesday,15-10-2025,150
Vĩnh Quang,08:25:00,Văn phòng,10:55:00,Văn phòng,Hà Nội,Thanh Hóa,5.0,4.8,4.9,4.9,4.9,4.9,4.8,4.8,25,10,170000,0,0.0,Wednesday,15-10-2025,150
Vân Anh Limousine,16:00:00,Bến xe,19:00:00,Bến xe,Hà Nội,Thanh Hóa,4.9,4.9,4.9,4.9,4.9,4.9,5.0,4.8,32,24,230000,200000,13.0,Wednesday,15-10-2025,180
Bình Hoài Limousine,18:00:00,Văn phòng,20:50:00,Other,Hà Nội,Thanh Hóa,4.2,4.0,4.1,4.3,4.1,4.0,4.6,4.0,297,10,230000,0,0.0,Wednesday,15-10-2025,170
Thành Trung Limousine,17:00:00,Văn phòng,19:00:00,Văn phòng,Hà Nội,Thanh Hóa,4.4,3.9,4.0,4.3,4.3,3.9,4.3,4.0,113,11,230000,210000,9.0,Wednesday,15-10-2025,120
Vân Anh Limousine,13:00:00,Bến xe,16:00:00,Bến xe,Hà Nội,Thanh Hóa,4.9,4.9,4.9,4.9,4.9,4.9,5.0,4.8,32,24,230000,0,0.0,Wednesday,15-10-2025,180
Thơm Phụng,12:00:00,Bến xe,14:15:00,Other,Hà Nội,Thanh Hóa,4.9,4.6,4.8,4.8,4.6,4.5,5.0,4.6,18,34,150000,0,0.0,Wednesday,15-10-2025,135
Thơm Phụng,18:30:00,Bến xe,20:45:00,Other,Hà Nội,Thanh Hóa,4.9,4.6,4.8,4.8,4.6,4.5,5.0,4.6,18,24,200000,0,0.0,Wednesday,15-10-2025,135
Bình Hoài Limousine,18:00:00,Văn phòng,20:20:00,Văn phòng,Hà Nội,Thanh Hóa,4.2,4.0,4.1,4.3,4.1,4.0,4.6,4.0,297,10,230000,0,0.0,Wednesday,15-10-2025,140
Bình Hoài Limousine,06:00:00,Văn phòng,08:20:00,Văn phòng,Hà Nội,Thanh Hóa,4.2,4.0,4.1,4.3,4.1,4.0,4.6,4.0,297,10,230000,0,0.0,Wednesday,15-10-2025,140
An Phát,07:00:00,Văn phòng,10:00:00,Văn phòng,Hà Nội,Thanh Hóa,4.2,3.9,3.9,4.1,3.9,3.8,5.0,4.0,23,7,250000,0,0.0,Wednesday,15-10-2025,180
An Phát,12:00:00,Văn phòng,15:00:00,Văn phòng,Hà Nội,Thanh Hóa,4.2,3.9,3.9,4.1,3.9,3.8,5.0,4.0,23,7,250000,0,0.0,Wednesday,15-10-2025,180
An Phát,15:00:00,Văn phòng,18:00:00,Văn phòng,Hà Nội,Thanh Hóa,4.2,3.9,3.9,4.1,3.9,3.8,5.0,4.0,23,7,250000,0,0.0,Wednesday,15-10-2025,180
Thơm Phụng,21:30:00,Bến xe,23:45:00,Other,Hà Nội,Thanh Hóa,4.9,4.6,4.8,4.8,4.6,4.5,5.0,4.6,18,24,250000,0,0.0,Wednesday,15-10-2025,135
FUTA HÀ SƠN,05:30:00,Bến xe,07:30:00,Other,Hà Nội,Thanh Hóa,4.9,4.7,4.8,4.8,4.8,4.7,4.8,4.8,318,34,200000,0,0.0,Wednesday,15-10-2025,120
FUTA HÀ SƠN,17:30:00,Bến xe,19:30:00,Other,Hà Nội,Thanh Hóa,4.9,4.7,4.8,4.8,4.8,4.7,4.8,4.8,318,34,200000,0,0.0,Wednesday,15-10-2025,120
FUTA HÀ SƠN,14:30:00,Bến xe,16:30:00,Other,Hà Nội,Thanh Hóa,4.9,4.7,4.8,4.8,4.8,4.7,4.8,4.8,318,34,200000,0,0.0,Wednesday,15-10-2025,120
Thăng Long,23:55:00,Bến xe,02:55:00,Other,Hà Nội,Thanh Hóa,4.8,4.7,4.8,4.7,4.4,4.5,4.8,4.6,438,40,200000,0,0.0,Wednesday,15-10-2025,180
Thăng Long,21:30:00,Other,02:15:00,Other,Hà Nội,Thanh Hóa,4.8,4.7,4.8,4.7,4.4,4.5,4.8,4.6,438,40,200000,0,0.0,Wednesday,15-10-2025,285
Nam Quỳnh Anh,20:35:00,Other,01:30:00,Other,Hà Nội,Thanh Hóa,4.5,4.3,4.5,4.2,4.2,4.2,4.7,4.2,2035,22,370000,0,0.0,Wednesday,15-10-2025,295
Nam Quỳnh Anh,20:25:00,Other,01:30:00,Other,Hà Nội,Thanh Hóa,4.5,4.3,4.5,4.2,4.2,4.2,4.7,4.2,2035,22,370000,0,0.0,Wednesday,15-10-2025,305
Nam Quỳnh Anh,23:00:00,Other,02:30:00,Other,Hà Nội,Thanh Hóa,4.5,4.3,4.5,4.2,4.2,4.2,4.7,4.2,2035,22,350000,0,0.0,Wednesday,15-10-2025,210
HM Happycar,08:00:00,Other,11:00:00,Other,Hà Nội,Thanh Hóa,4.6,4.5,4.6,4.5,4.6,4.5,4.6,4.6,264,24,300000,0,0.0,Wednesday,15-10-2025,180
Phú Quý,15:45:00,Bến xe,18:45:00,Other,Hà Nội,Thanh Hóa,4.4,4.3,4.4,4.5,4.1,4.2,4.9,4.3,468,36,260000,0,0.0,Wednesday,15-10-2025,180
Phú Quý,22:30:00,Bến xe,01:30:00,Other,Hà Nội,Thanh Hóa,4.4,4.3,4.4,4.5,4.1,4.2,4.9,4.3,468,32,300000,0,0.0,Wednesday,15-10-2025,180
Phú Quý,17:05:00,Bến xe,20:05:00,Other,Hà Nội,Thanh Hóa,4.4,4.3,4.4,4.5,4.1,4.2,4.9,4.3,468,40,260000,0,0.0,Wednesday,15-10-2025,180
Bảo Ngọc Limousine,18:20:00,Bến xe,20:45:00,Other,Hà Nội,Thanh Hóa,4.8,4.9,4.9,4.9,4.2,4.2,5.0,4.2,18,32,220000,0,0.0,Wednesday,15-10-2025,145
36 Limousine,19:00:00,Văn phòng,21:30:00,Văn phòng,Hà Nội,Thanh Hóa,4.8,4.8,4.8,4.7,4.7,4.7,4.7,4.8,502,11,230000,0,0.0,Wednesday,15-10-2025,150
36 Limousine,09:01:00,Văn phòng,11:31:00,Văn phòng,Hà Nội,Thanh Hóa,4.8,4.8,4.8,4.7,4.7,4.7,4.7,4.8,502,11,230000,0,0.0,Wednesday,15-10-2025,150
36 Limousine,13:01:00,Văn phòng,15:31:00,Văn phòng,Hà Nội,Thanh Hóa,4.8,4.8,4.8,4.7,4.7,4.7,4.7,4.8,502,11,230000,0,0.0,Wednesday,15-10-2025,150
36 Limousine,15:01:00,Văn phòng,17:31:00,Văn phòng,Hà Nội,Thanh Hóa,4.8,4.8,4.8,4.7,4.7,4.7,4.7,4.8,502,11,230000,0,0.0,Wednesday,15-10-2025,150
36 Limousine,08:00:00,Văn phòng,10:30:00,Văn phòng,Hà Nội,Thanh Hóa,4.8,4.8,4.8,4.7,4.7,4.7,4.7,4.8,502,11,230000,0,0.0,Wednesday,15-10-2025,150
36 Limousine,13:00:00,Văn phòng,15:30:00,Văn phòng,Hà Nội,Thanh Hóa,4.8,4.8,4.8,4.7,4.7,4.7,4.7,4.8,502,11,230000,0,0.0,Wednesday,15-10-2025,150
36 Limousine,20:01:00,Văn phòng,22:31:00,Văn phòng,Hà Nội,Thanh Hóa,4.8,4.8,4.8,4.7,4.7,4.7,4.7,4.8,502,11,230000,0,0.0,Wednesday,15-10-2025,150
Đức Phát,11:00:00,Văn phòng,13:30:00,Bến xe,Hà Nội,Thanh Hóa,4.8,4.7,4.7,4.6,4.7,4.6,4.8,4.7,87,11,210000,0,0.0,Wednesday,15-10-2025,150
Đức Phát,17:05:00,Bến xe,19:35:00,Bến xe,Hà Nội,Thanh Hóa,4.8,4.7,4.7,4.6,4.7,4.6,4.8,4.7,87,24,250000,0,0.0,Wednesday,15-10-2025,150
Đức Phát,15:00:00,Bến xe,17:30:00,Bến xe,Hà Nội,Thanh Hóa,4.8,4.7,4.7,4.6,4.7,4.6,4.8,4.7,87,24,250000,0,0.0,Wednesday,15-10-2025,150
Đức Phát,16:00:00,Bến xe,18:30:00,Bến xe,Hà Nội,Thanh Hóa,4.8,4.7,4.7,4.6,4.7,4.6,4.8,4.7,87,24,250000,0,0.0,Wednesday,15-10-2025,150
Vĩnh Quang,19:25:00,Văn phòng,21:55:00,Văn phòng,Hà Nội,Thanh Hóa,5.0,4.8,4.9,4.9,4.9,4.9,4.8,4.8,25,10,170000,0,0.0,Wednesday,15-10-2025,150
Đức Phát,17:00:00,Văn phòng,19:30:00,Bến xe,Hà Nội,Thanh Hóa,4.8,4.7,4.7,4.6,4.7,4.6,4.8,4.7,87,11,210000,0,0.0,Wednesday,15-10-2025,150
Vĩnh Quang,13:25:00,Văn phòng,15:55:00,Văn phòng,Hà Nội,Thanh Hóa,5.0,4.8,4.9,4.9,4.9,4.9,4.8,4.8,25,10,170000,0,0.0,Wednesday,15-10-2025,150
Đức Phát,10:00:00,Bến xe,12:30:00,Bến xe,Hà Nội,Thanh Hóa,4.8,4.7,4.7,4.6,4.7,4.6,4.8,4.7,87,24,250000,0,0.0,Wednesday,15-10-2025,150
Đức Phát,12:05:00,Bến xe,14:35:00,Bến xe,Hà Nội,Thanh Hóa,4.8,4.7,4.7,4.6,4.7,4.6,4.8,4.7,87,24,250000,0,0.0,Wednesday,15-10-2025,150
Đức Phát,14:00:00,Bến xe,16:30:00,Bến xe,Hà Nội,Thanh Hóa,4.8,4.7,4.7,4.6,4.7,4.6,4.8,4.7,87,24,250000,0,0.0,Wednesday,15-10-2025,150
Đức Phát,07:05:00,Bến xe,09:35:00,Bến xe,Hà Nội,Thanh Hóa,4.8,4.7,4.7,4.6,4.7,4.6,4.8,4.7,87,24,250000,0,0.0,Wednesday,15-10-2025,150
Đức Phát,04:35:00,Bến xe,07:05:00,Bến xe,Hà Nội,Thanh Hóa,4.8,4.7,4.7,4.6,4.7,4.6,4.8,4.7,87,24,250000,0,0.0,Wednesday,15-10-2025,150
Đức Phát,16:05:00,Bến xe,18:35:00,Bến xe,Hà Nội,Thanh Hóa,4.8,4.7,4.7,4.6,4.7,4.6,4.8,4.7,87,24,250000,0,0.0,Wednesday,15-10-2025,150
Đức Phát,13:05:00,Bến xe,15:35:00,Bến xe,Hà Nội,Thanh Hóa,4.8,4.7,4.7,4.6,4.7,4.6,4.8,4.7,87,24,250000,0,0.0,Wednesday,15-10-2025,150
Đức Phát,19:00:00,Bến xe,21:30:00,Bến xe,Hà Nội,Thanh Hóa,4.8,4.7,4.7,4.6,4.7,4.6,4.8,4.7,87,24,250000,0,0.0,Wednesday,15-10-2025,150
Bình Hoài Limousine,13:00:00,Văn phòng,15:50:00,Other,Hà Nội,Thanh Hóa,4.2,4.0,4.1,4.3,4.1,4.0,4.6,4.0,297,10,230000,0,0.0,Wednesday,15-10-2025,170
Đức Phát,17:00:00,Bến xe,20:00:00,Bến xe,Hà Nội,Thanh Hóa,4.8,4.7,4.7,4.6,4.7,4.6,4.8,4.7,87,24,250000,0,0.0,Wednesday,15-10-2025,180
Đức Phát,20:05:00,Bến xe,22:35:00,Bến xe,Hà Nội,Thanh Hóa,4.8,4.7,4.7,4.6,4.7,4.6,4.8,4.7,87,24,250000,0,0.0,Wednesday,15-10-2025,150
Vân Anh Limousine,20:00:00,Bến xe,23:00:00,Bến xe,Hà Nội,Thanh Hóa,4.9,4.9,4.9,4.9,4.9,4.9,5.0,4.8,32,24,230000,0,0.0,Wednesday,15-10-2025,180
Đức Phát,15:00:00,Bến xe,18:00:00,Bến xe,Hà Nội,Thanh Hóa,4.8,4.7,4.7,4.6,4.7,4.6,4.8,4.7,87,24,250000,0,0.0,Wednesday,15-10-2025,180
Vân Anh Limousine,14:00:00,Bến xe,17:00:00,Bến xe,Hà Nội,Thanh Hóa,4.9,4.9,4.9,4.9,4.9,4.9,5.0,4.8,32,24,230000,200000,13.0,Wednesday,15-10-2025,180
Đức Phát,21:00:00,Văn phòng,23:30:00,Bến xe,Hà Nội,Thanh Hóa,4.8,4.7,4.7,4.6,4.7,4.6,4.8,4.7,87,11,210000,0,0.0,Wednesday,15-10-2025,150
Vân Anh Limousine,11:30:00,Bến xe,15:00:00,Văn phòng,Hà Nội,Thanh Hóa,4.9,4.9,4.9,4.9,4.9,4.9,5.0,4.8,32,24,230000,0,0.0,Wednesday,15-10-2025,210
Đức Phát,07:00:00,Bến xe,10:00:00,Bến xe,Hà Nội,Thanh Hóa,4.8,4.7,4.7,4.6,4.7,4.6,4.8,4.7,87,24,250000,0,0.0,Wednesday,15-10-2025,180
Đức Phát,11:00:00,Bến xe,13:30:00,Bến xe,Hà Nội,Thanh Hóa,4.8,4.7,4.7,4.6,4.7,4.6,4.8,4.7,87,24,250000,0,0.0,Wednesday,15-10-2025,150
Vân Anh Limousine,11:00:00,Bến xe,14:00:00,Bến xe,Hà Nội,Thanh Hóa,4.9,4.9,4.9,4.9,4.9,4.9,5.0,4.8,32,24,230000,0,0.0,Wednesday,15-10-2025,180
Vân Anh Limousine,15:00:00,Bến xe,18:00:00,Bến xe,Hà Nội,Thanh Hóa,4.9,4.9,4.9,4.9,4.9,4.9,5.0,4.8,32,24,230000,200000,13.0,Wednesday,15-10-2025,180
Bình Hoài Limousine,17:00:00,Văn phòng,19:20:00,Văn phòng,Hà Nội,Thanh Hóa,4.2,4.0,4.1,4.3,4.1,4.0,4.6,4.0,297,10,230000,0,0.0,Wednesday,15-10-2025,140
Vĩnh Quang,15:25:00,Văn phòng,17:55:00,Văn phòng,Hà Nội,Thanh Hóa,5.0,4.8,4.9,4.9,4.9,4.9,4.8,4.8,25,10,170000,0,0.0,Wednesday,15-10-2025,150
Đức Phát,17:00:00,Bến xe,19:30:00,Bến xe,Hà Nội,Thanh Hóa,4.8,4.7,4.7,4.6,4.7,4.6,4.8,4.7,87,24,250000,0,0.0,Wednesday,15-10-2025,150
Đức Phát,14:05:00,Bến xe,16:35:00,Bến xe,Hà Nội,Thanh Hóa,4.8,4.7,4.7,4.6,4.7,4.6,4.8,4.7,87,24,250000,0,0.0,Wednesday,15-10-2025,150
Đức Phát,21:00:00,Bến xe,23:30:00,Bến xe,Hà Nội,Thanh Hóa,4.8,4.7,4.7,4.6,4.7,4.6,4.8,4.7,87,24,250000,0,0.0,Wednesday,15-10-2025,150
Đức Phát,19:00:00,Bến xe,22:00:00,Bến xe,Hà Nội,Thanh Hóa,4.8,4.7,4.7,4.6,4.7,4.6,4.8,4.7,87,24,250000,0,0.0,Wednesday,15-10-2025,180
Đức Phát,19:00:00,Văn phòng,21:30:00,Bến xe,Hà Nội,Thanh Hóa,4.8,4.7,4.7,4.6,4.7,4.6,4.8,4.7,87,11,210000,0,0.0,Wednesday,15-10-2025,150
Vân Anh Limousine,18:00:00,Bến xe,21:00:00,Bến xe,Hà Nội,Thanh Hóa,4.9,4.9,4.9,4.9,4.9,4.9,5.0,4.8,32,24,230000,0,0.0,Wednesday,15-10-2025,180
36 Limousine,05:31:00,Văn phòng,08:01:00,Văn phòng,Hà Nội,Thanh Hóa,4.8,4.8,4.8,4.7,4.7,4.7,4.7,4.8,502,11,230000,0,0.0,Wednesday,15-10-2025,150
Thành Trung Limousine,12:00:00,Văn phòng,14:00:00,Văn phòng,Hà Nội,Thanh Hóa,4.4,3.9,4.0,4.3,4.3,3.9,4.3,4.0,113,11,230000,210000,9.0,Wednesday,15-10-2025,120
36 Limousine,16:00:00,Văn phòng,18:30:00,Văn phòng,Hà Nội,Thanh Hóa,4.8,4.8,4.8,4.7,4.7,4.7,4.7,4.8,502,11,230000,0,0.0,Wednesday,15-10-2025,150
Đức Phát,06:00:00,Văn phòng,08:30:00,Văn phòng,Hà Nội,Thanh Hóa,4.8,4.7,4.7,4.6,4.7,4.6,4.8,4.7,87,11,200000,0,0.0,Wednesday,15-10-2025,150
Đức Phát,06:00:00,Văn phòng,08:00:00,Văn phòng,Hà Nội,Thanh Hóa,4.8,4.7,4.7,4.6,4.7,4.6,4.8,4.7,87,11,180000,0,0.0,Wednesday,15-10-2025,120
Thành Trung Limousine,09:00:00,Văn phòng,11:00:00,Văn phòng,Hà Nội,Thanh Hóa,4.4,3.9,4.0,4.3,4.3,3.9,4.3,4.0,113,11,230000,210000,9.0,Wednesday,15-10-2025,120
36 Limousine,21:00:00,Văn phòng,23:30:00,Văn phòng,Hà Nội,Thanh Hóa,4.8,4.8,4.8,4.7,4.7,4.7,4.7,4.8,502,11,230000,0,0.0,Wednesday,15-10-2025,150
Thành Trung Limousine,13:00:00,Văn phòng,15:00:00,Văn phòng,Hà Nội,Thanh Hóa,4.4,3.9,4.0,4.3,4.3,3.9,4.3,4.0,113,11,230000,210000,9.0,Wednesday,15-10-2025,120
Thành Trung Limousine,10:00:00,Văn phòng,12:00:00,Văn phòng,Hà Nội,Thanh Hóa,4.4,3.9,4.0,4.3,4.3,3.9,4.3,4.0,113,11,230000,210000,9.0,Wednesday,15-10-2025,120
Thành Trung Limousine,16:00:00,Văn phòng,18:00:00,Văn phòng,Hà Nội,Thanh Hóa,4.4,3.9,4.0,4.3,4.3,3.9,4.3,4.0,113,11,230000,210000,9.0,Wednesday,15-10-2025,120
Bình Hoài Limousine,09:00:00,Văn phòng,11:50:00,Other,Hà Nội,Thanh Hóa,4.2,4.0,4.1,4.3,4.1,4.0,4.6,4.0,297,10,230000,0,0.0,Wednesday,15-10-2025,170
Bình Hoài Limousine,10:00:00,Văn phòng,12:50:00,Other,Hà Nội,Thanh Hóa,4.2,4.0,4.1,4.3,4.1,4.0,4.6,4.0,297,10,230000,0,0.0,Wednesday,15-10-2025,170
Bình Hoài Limousine,11:00:00,Văn phòng,13:50:00,Other,Hà Nội,Thanh Hóa,4.2,4.0,4.1,4.3,4.1,4.0,4.6,4.0,297,10,230000,0,0.0,Wednesday,15-10-2025,170
Đức Phát,22:00:00,Bến xe,00:30:00,Bến xe,Hà Nội,Thanh Hóa,4.8,4.7,4.7,4.6,4.7,4.6,4.8,4.7,87,24,250000,0,0.0,Wednesday,15-10-2025,150
An Phát,11:00:00,Văn phòng,14:00:00,Văn phòng,Hà Nội,Thanh Hóa,4.2,3.9,3.9,4.1,3.9,3.8,5.0,4.0,23,7,250000,0,0.0,Wednesday,15-10-2025,180
Bình Hoài Limousine,08:00:00,Văn phòng,10:50:00,Other,Hà Nội,Thanh Hóa,4.2,4.0,4.1,4.3,4.1,4.0,4.6,4.0,297,10,230000,0,0.0,Wednesday,15-10-2025,170
Bình Hoài Limousine,08:00:00,Văn phòng,10:20:00,Văn phòng,Hà Nội,Thanh Hóa,4.2,4.0,4.1,4.3,4.1,4.0,4.6,4.0,297,10,230000,0,0.0,Wednesday,15-10-2025,140
Bình Hoài Limousine,15:00:00,Văn phòng,17:20:00,Văn phòng,Hà Nội,Thanh Hóa,4.2,4.0,4.1,4.3,4.1,4.0,4.6,4.0,297,10,230000,0,0.0,Wednesday,15-10-2025,140
Vĩnh Quang,14:25:00,Văn phòng,16:55:00,Văn phòng,Hà Nội,Thanh Hóa,5.0,4.8,4.9,4.9,4.9,4.9,4.8,4.8,25,10,170000,0,0.0,Wednesday,15-10-2025,150
An Phát,14:00:00,Văn phòng,17:00:00,Văn phòng,Hà Nội,Thanh Hóa,4.2,3.9,3.9,4.1,3.9,3.8,5.0,4.0,23,7,250000,0,0.0,Wednesday,15-10-2025,180
Vân Anh Limousine,19:00:00,Bến xe,22:00:00,Bến xe,Hà Nội,Thanh Hóa,4.9,4.9,4.9,4.9,4.9,4.9,5.0,4.8,32,24,230000,200000,13.0,Wednesday,15-10-2025,180
Vân Anh Limousine,12:00:00,Bến xe,15:00:00,Bến xe,Hà Nội,Thanh Hóa,4.9,4.9,4.9,4.9,4.9,4.9,5.0,4.8,32,24,230000,0,0.0,Wednesday,15-10-2025,180
Bình Hoài Limousine,11:00:00,Văn phòng,13:20:00,Văn phòng,Hà Nội,Thanh Hóa,4.2,4.0,4.1,4.3,4.1,4.0,4.6,4.0,297,10,230000,0,0.0,Wednesday,15-10-2025,140
Bình Hoài Limousine,16:00:00,Văn phòng,18:50:00,Other,Hà Nội,Thanh Hóa,4.2,4.0,4.1,4.3,4.1,4.0,4.6,4.0,297,10,230000,0,0.0,Wednesday,15-10-2025,170
Bình Hoài Limousine,13:00:00,Văn phòng,15:20:00,Văn phòng,Hà Nội,Thanh Hóa,4.2,4.0,4.1,4.3,4.1,4.0,4.6,4.0,297,10,230000,0,0.0,Wednesday,15-10-2025,140
An Phát,17:00:00,Văn phòng,20:00:00,Văn phòng,Hà Nội,Thanh Hóa,4.2,3.9,3.9,4.1,3.9,3.8,5.0,4.0,23,7,250000,0,0.0,Wednesday,15-10-2025,180
Vĩnh Quang,16:25:00,Văn phòng,18:55:00,Văn phòng,Hà Nội,Thanh Hóa,5.0,4.8,4.9,4.9,4.9,4.9,4.8,4.8,25,10,170000,0,0.0,Wednesday,15-10-2025,150
Đức Phát,07:00:00,Văn phòng,09:30:00,Bến xe,Hà Nội,Thanh Hóa,4.8,4.7,4.7,4.6,4.7,4.6,4.8,4.7,87,11,210000,0,0.0,Wednesday,15-10-2025,150
Bình Hoài Limousine,10:00:00,Văn phòng,12:20:00,Văn phòng,Hà Nội,Thanh Hóa,4.2,4.0,4.1,4.3,4.1,4.0,4.6,4.0,297,10,230000,0,0.0,Wednesday,15-10-2025,140
Vĩnh Quang,18:25:00,Văn phòng,20:55:00,Văn phòng,Hà Nội,Thanh Hóa,5.0,4.8,4.9,4.9,4.9,4.9,4.8,4.8,25,10,170000,0,0.0,Wednesday,15-10-2025,150
Vân Anh Limousine,18:00:00,Bến xe,21:00:00,Bến xe,Hà Nội,Thanh Hóa,4.9,4.9,4.9,4.9,4.9,4.9,5.0,4.8,32,24,230000,200000,13.0,Wednesday,15-10-2025,180
Bình Hoài Limousine,12:00:00,Văn phòng,14:20:00,Văn phòng,Hà Nội,Thanh Hóa,4.2,4.0,4.1,4.3,4.1,4.0,4.6,4.0,297,10,230000,0,0.0,Wednesday,15-10-2025,140
Đức Phát,22:00:00,Văn phòng,00:30:00,Bến xe,Hà Nội,Thanh Hóa,4.8,4.7,4.7,4.6,4.7,4.6,4.8,4.7,87,11,210000,0,0.0,Wednesday,15-10-2025,150
Vân Anh Limousine,14:00:00,Bến xe,17:00:00,Bến xe,Hà Nội,Thanh Hóa,4.9,4.9,4.9,4.9,4.9,4.9,5.0,4.8,32,24,230000,0,0.0,Wednesday,15-10-2025,180
Vân Anh Limousine,22:00:00,Bến xe,01:00:00,Bến xe,Hà Nội,Thanh Hóa,4.9,4.9,4.9,4.9,4.9,4.9,5.0,4.8,32,24,230000,0,0.0,Wednesday,15-10-2025,180
Vân Anh Limousine,22:30:00,Bến xe,02:00:00,Văn phòng,Hà Nội,Thanh Hóa,4.9,4.9,4.9,4.9,4.9,4.9,5.0,4.8,32,24,230000,0,0.0,Wednesday,15-10-2025,210
Bình Hoài Limousine,17:00:00,Văn phòng,19:50:00,Other,Hà Nội,Thanh Hóa,4.2,4.0,4.1,4.3,4.1,4.0,4.6,4.0,297,10,230000,0,0.0,Wednesday,15-10-2025,170
Vân Anh Limousine,17:00:00,Bến xe,20:00:00,Bến xe,Hà Nội,Thanh Hóa,4.9,4.9,4.9,4.9,4.9,4.9,5.0,4.8,32,24,230000,200000,13.0,Wednesday,15-10-2025,180
Vân Anh Limousine,12:00:00,Bến xe,15:00:00,Bến xe,Hà Nội,Thanh Hóa,4.9,4.9,4.9,4.9,4.9,4.9,5.0,4.8,32,24,230000,200000,13.0,Wednesday,15-10-2025,180
Bình Hoài Limousine,06:00:00,Văn phòng,08:50:00,Other,Hà Nội,Thanh Hóa,4.2,4.0,4.1,4.3,4.1,4.0,4.6,4.0,297,10,230000,0,0.0,Wednesday,15-10-2025,170
Vân Anh Limousine,21:00:00,Bến xe,00:00:00,Bến xe,Hà Nội,Thanh Hóa,4.9,4.9,4.9,4.9,4.9,4.9,5.0,4.8,32,24,230000,200000,13.0,Wednesday,15-10-2025,180
Vân Anh Limousine,19:30:00,Bến xe,23:00:00,Văn phòng,Hà Nội,Thanh Hóa,4.9,4.9,4.9,4.9,4.9,4.9,5.0,4.8,32,24,230000,0,0.0,Wednesday,15-10-2025,210
Bình Hoài Limousine,09:00:00,Văn phòng,11:20:00,Văn phòng,Hà Nội,Thanh Hóa,4.2,4.0,4.1,4.3,4.1,4.0,4.6,4.0,297,10,230000,0,0.0,Wednesday,15-10-2025,140
Vân Anh Limousine,15:00:00,Bến xe,18:00:00,Bến xe,Hà Nội,Thanh Hóa,4.9,4.9,4.9,4.9,4.9,4.9,5.0,4.8,32,24,230000,0,0.0,Wednesday,15-10-2025,180
Vân Anh Limousine,21:30:00,Bến xe,01:00:00,Văn phòng,Hà Nội,Thanh Hóa,4.9,4.9,4.9,4.9,4.9,4.9,5.0,4.8,32,24,230000,0,0.0,Wednesday,15-10-2025,210
Vân Anh Limousine,21:30:00,Bến xe,00:30:00,Văn phòng,Hà Nội,Thanh Hóa,4.9,4.9,4.9,4.9,4.9,4.9,5.0,4.8,32,24,230000,0,0.0,Wednesday,15-10-2025,180
Bình Hoài Limousine,20:00:00,Văn phòng,22:50:00,Other,Hà Nội,Thanh Hóa,4.2,4.0,4.1,4.3,4.1,4.0,4.6,4.0,297,10,230000,0,0.0,Wednesday,15-10-2025,170
Đức Phát,14:00:00,Bến xe,17:20:00,Bến xe,Hà Nội,Thanh Hóa,4.8,4.7,4.7,4.6,4.7,4.6,4.8,4.7,87,24,250000,0,0.0,Wednesday,15-10-2025,200
Vân Anh Limousine,19:00:00,Bến xe,22:00:00,Bến xe,Hà Nội,Thanh Hóa,4.9,4.9,4.9,4.9,4.9,4.9,5.0,4.8,32,24,230000,0,0.0,Wednesday,15-10-2025,180
Vân Anh Limousine,11:30:00,Bến xe,14:30:00,Văn phòng,Hà Nội,Thanh Hóa,4.9,4.9,4.9,4.9,4.9,4.9,5.0,4.8,32,24,230000,0,0.0,Wednesday,15-10-2025,180
Vân Anh Limousine,22:30:00,Bến xe,01:30:00,Văn phòng,Hà Nội,Thanh Hóa,4.9,4.9,4.9,4.9,4.9,4.9,5.0,4.8,32,24,230000,0,0.0,Wednesday,15-10-2025,180
Vân Anh Limousine,12:30:00,Bến xe,16:00:00,Văn phòng,Hà Nội,Thanh Hóa,4.9,4.9,4.9,4.9,4.9,4.9,5.0,4.8,32,24,230000,0,0.0,Wednesday,15-10-2025,210
Vân Anh Limousine,14:30:00,Bến xe,17:30:00,Văn phòng,Hà Nội,Thanh Hóa,4.9,4.9,4.9,4.9,4.9,4.9,5.0,4.8,32,24,230000,0,0.0,Wednesday,15-10-2025,180
An Phát,08:00:00,Văn phòng,11:00:00,Văn phòng,Hà Nội,Thanh Hóa,4.2,3.9,3.9,4.1,3.9,3.8,5.0,4.0,23,7,250000,0,0.0,Wednesday,15-10-2025,180
Vân Anh Limousine,16:30:00,Bến xe,20:00:00,Văn phòng,Hà Nội,Thanh Hóa,4.9,4.9,4.9,4.9,4.9,4.9,5.0,4.8,32,24,230000,0,0.0,Wednesday,15-10-2025,210
Đức Phát,09:00:00,Bến xe,12:00:00,Bến xe,Hà Nội,Thanh Hóa,4.8,4.7,4.7,4.6,4.7,4.6,4.8,4.7,87,24,250000,0,0.0,Wednesday,15-10-2025,180
An Phát,16:00:00,Văn phòng,19:00:00,Văn phòng,Hà Nội,Thanh Hóa,4.2,3.9,3.9,4.1,3.9,3.8,5.0,4.0,23,7,250000,0,0.0,Wednesday,15-10-2025,180
Thành Trung Travel,08:00:00,Văn phòng,11:15:00,Văn phòng,Hà Nội,Thanh Hóa,4.4,3.9,4.0,4.3,4.3,3.9,4.3,4.0,113,24,250000,225000,10.0,Wednesday,15-10-2025,195
An Phát,18:00:00,Văn phòng,21:00:00,Văn phòng,Hà Nội,Thanh Hóa,4.2,3.9,3.9,4.1,3.9,3.8,5.0,4.0,23,7,250000,0,0.0,Wednesday,15-10-2025,180
Vân Anh Limousine,22:30:00,Bến xe,01:30:00,Bến xe,Hà Nội,Thanh Hóa,4.9,4.9,4.9,4.9,4.9,4.9,5.0,4.8,32,24,230000,0,0.0,Wednesday,15-10-2025,180
Vân Anh Limousine,16:00:00,Bến xe,19:00:00,Bến xe,Hà Nội,Thanh Hóa,4.9,4.9,4.9,4.9,4.9,4.9,5.0,4.8,32,24,230000,0,0.0,Wednesday,15-10-2025,180
An Phát,20:00:00,Văn phòng,23:00:00,Văn phòng,Hà Nội,Thanh Hóa,4.2,3.9,3.9,4.1,3.9,3.8,5.0,4.0,23,7,250000,0,0.0,Wednesday,15-10-2025,180
Đức Phát,13:00:00,Bến xe,16:00:00,Bến xe,Hà Nội,Thanh Hóa,4.8,4.7,4.7,4.6,4.7,4.6,4.8,4.7,87,24,250000,0,0.0,Wednesday,15-10-2025,180
36 Limousine,21:01:00,Văn phòng,23:31:00,Văn phòng,Hà Nội,Thanh Hóa,4.8,4.8,4.8,4.7,4.7,4.7,4.7,4.8,502,11,230000,0,0.0,Wednesday,15-10-2025,150
36 Limousine,17:01:00,Văn phòng,19:31:00,Văn phòng,Hà Nội,Thanh Hóa,4.8,4.8,4.8,4.7,4.7,4.7,4.7,4.8,502,11,230000,0,0.0,Wednesday,15-10-2025,150
36 Limousine,07:00:00,Văn phòng,09:30:00,Văn phòng,Hà Nội,Thanh Hóa,4.8,4.8,4.8,4.7,4.7,4.7,4.7,4.8,502,11,230000,0,0.0,Wednesday,15-10-2025,150
36 Limousine,12:01:00,Văn phòng,14:31:00,Văn phòng,Hà Nội,Thanh Hóa,4.8,4.8,4.8,4.7,4.7,4.7,4.7,4.8,502,11,230000,0,0.0,Wednesday,15-10-2025,150
36 Limousine,18:01:00,Văn phòng,20:31:00,Văn phòng,Hà Nội,Thanh Hóa,4.8,4.8,4.8,4.7,4.7,4.7,4.7,4.8,502,11,230000,0,0.0,Wednesday,15-10-2025,150
36 Limousine,12:00:00,Văn phòng,14:30:00,Văn phòng,Hà Nội,Thanh Hóa,4.8,4.8,4.8,4.7,4.7,4.7,4.7,4.8,502,11,230000,0,0.0,Wednesday,15-10-2025,150
36 Limousine,17:00:00,Văn phòng,19:30:00,Văn phòng,Hà Nội,Thanh Hóa,4.8,4.8,4.8,4.7,4.7,4.7,4.7,4.8,502,11,230000,0,0.0,Wednesday,15-10-2025,150
36 Limousine,10:01:00,Văn phòng,12:31:00,Văn phòng,Hà Nội,Thanh Hóa,4.8,4.8,4.8,4.7,4.7,4.7,4.7,4.8,502,11,230000,0,0.0,Wednesday,15-10-2025,150
36 Limousine,11:01:00,Văn phòng,13:31:00,Văn phòng,Hà Nội,Thanh Hóa,4.8,4.8,4.8,4.7,4.7,4.7,4.7,4.8,502,11,230000,0,0.0,Wednesday,15-10-2025,150
36 Limousine,16:01:00,Văn phòng,18:31:00,Văn phòng,Hà Nội,Thanh Hóa,4.8,4.8,4.8,4.7,4.7,4.7,4.7,4.8,502,11,230000,0,0.0,Wednesday,15-10-2025,150
36 Limousine,19:01:00,Văn phòng,21:31:00,Văn phòng,Hà Nội,Thanh Hóa,4.8,4.8,4.8,4.7,4.7,4.7,4.7,4.8,502,11,230000,0,0.0,Wednesday,15-10-2025,150
36 Limousine,11:00:00,Văn phòng,13:30:00,Văn phòng,Hà Nội,Thanh Hóa,4.8,4.8,4.8,4.7,4.7,4.7,4.7,4.8,502,11,230000,0,0.0,Wednesday,15-10-2025,150
Vân Anh Limousine,13:30:00,Bến xe,17:00:00,Văn phòng,Hà Nội,Thanh Hóa,4.9,4.9,4.9,4.9,4.9,4.9,5.0,4.8,32,24,230000,0,0.0,Wednesday,15-10-2025,210
Thành Trung Limousine,22:00:00,Văn phòng,00:00:00,Văn phòng,Hà Nội,Thanh Hóa,4.4,3.9,4.0,4.3,4.3,3.9,4.3,4.0,113,11,230000,210000,9.0,Wednesday,15-10-2025,120
Thành Trung Limousine,23:00:00,Văn phòng,01:00:00,Văn phòng,Hà Nội,Thanh Hóa,4.4,3.9,4.0,4.3,4.3,3.9,4.3,4.0,113,11,230000,210000,9.0,Wednesday,15-10-2025,120
Vân Anh Limousine,13:30:00,Bến xe,16:30:00,Văn phòng,Hà Nội,Thanh Hóa,4.9,4.9,4.9,4.9,4.9,4.9,5.0,4.8,32,24,230000,0,0.0,Wednesday,15-10-2025,180
Bình Hoài Limousine,14:00:00,Văn phòng,16:20:00,Văn phòng,Hà Nội,Thanh Hóa,4.2,4.0,4.1,4.3,4.1,4.0,4.6,4.0,297,10,230000,0,0.0,Wednesday,15-10-2025,140
An Phát,09:00:00,Văn phòng,12:00:00,Văn phòng,Hà Nội,Thanh Hóa,4.2,3.9,3.9,4.1,3.9,3.8,5.0,4.0,23,7,250000,0,0.0,Wednesday,15-10-2025,180
An Phát,13:00:00,Văn phòng,16:00:00,Văn phòng,Hà Nội,Thanh Hóa,4.2,3.9,3.9,4.1,3.9,3.8,5.0,4.0,23,7,250000,0,0.0,Wednesday,15-10-2025,180
Bình Hoài Limousine,16:00:00,Văn phòng,18:20:00,Văn phòng,Hà Nội,Thanh Hóa,4.2,4.0,4.1,4.3,4.1,4.0,4.6,4.0,297,10,230000,0,0.0,Wednesday,15-10-2025,140
Bình Hoài Limousine,20:00:00,Văn phòng,22:20:00,Văn phòng,Hà Nội,Thanh Hóa,4.2,4.0,4.1,4.3,4.1,4.0,4.6,4.0,297,10,230000,0,0.0,Wednesday,15-10-2025,140
Bình Hoài Limousine,12:00:00,Văn phòng,14:50:00,Other,Hà Nội,Thanh Hóa,4.2,4.0,4.1,4.3,4.1,4.0,4.6,4.0,297,10,230000,0,0.0,Wednesday,15-10-2025,170
Đức Phát,15:01:00,Bến xe,17:31:00,Bến xe,Hà Nội,Thanh Hóa,4.8,4.7,4.7,4.6,4.7,4.6,4.8,4.7,87,24,250000,0,0.0,Wednesday,15-10-2025,150
Đức Phát,15:01:00,Bến xe,18:21:00,Bến xe,Hà Nội,Thanh Hóa,4.8,4.7,4.7,4.6,4.7,4.6,4.8,4.7,87,24,250000,0,0.0,Wednesday,15-10-2025,200
Đức Phát,20:01:00,Bến xe,23:21:00,Bến xe,Hà Nội,Thanh Hóa,4.8,4.7,4.7,4.6,4.7,4.6,4.8,4.7,87,24,250000,0,0.0,Wednesday,15-10-2025,200
Đức Phát,18:00:00,Văn phòng,20:30:00,Bến xe,Hà Nội,Thanh Hóa,4.8,4.7,4.7,4.6,4.7,4.6,4.8,4.7,87,11,210000,0,0.0,Wednesday,15-10-2025,150
Đức Phát,09:01:00,Bến xe,12:21:00,Bến xe,Hà Nội,Thanh Hóa,4.8,4.7,4.7,4.6,4.7,4.6,4.8,4.7,87,24,250000,0,0.0,Wednesday,15-10-2025,200
Đức Phát,09:01:00,Bến xe,11:31:00,Bến xe,Hà Nội,Thanh Hóa,4.8,4.7,4.7,4.6,4.7,4.6,4.8,4.7,87,24,250000,0,0.0,Wednesday,15-10-2025,150
Đức Phát,20:01:00,Bến xe,22:31:00,Bến xe,Hà Nội,Thanh Hóa,4.8,4.7,4.7,4.6,4.7,4.6,4.8,4.7,87,24,250000,0,0.0,Wednesday,15-10-2025,150
Đức Phát,18:01:00,Bến xe,20:31:00,Bến xe,Hà Nội,Thanh Hóa,4.8,4.7,4.7,4.6,4.7,4.6,4.8,4.7,87,24,250000,0,0.0,Wednesday,15-10-2025,150
Đức Phát,13:00:00,Văn phòng,15:00:00,Văn phòng,Hà Nội,Thanh Hóa,4.8,4.7,4.7,4.6,4.7,4.6,4.8,4.7,87,11,180000,0,0.0,Wednesday,15-10-2025,120
Đức Phát,10:00:00,Văn phòng,12:00:00,Văn phòng,Hà Nội,Thanh Hóa,4.8,4.7,4.7,4.6,4.7,4.6,4.8,4.7,87,11,180000,0,0.0,Wednesday,15-10-2025,120
Đức Phát,15:00:00,Văn phòng,17:30:00,Văn phòng,Hà Nội,Thanh Hóa,4.8,4.7,4.7,4.6,4.7,4.6,4.8,4.7,87,11,200000,0,0.0,Wednesday,15-10-2025,150
Đức Phát,18:00:00,Văn phòng,20:30:00,Văn phòng,Hà Nội,Thanh Hóa,4.8,4.7,4.7,4.6,4.7,4.6,4.8,4.7,87,11,200000,0,0.0,Wednesday,15-10-2025,150
Đức Phát,20:00:00,Văn phòng,22:00:00,Văn phòng,Hà Nội,Thanh Hóa,4.8,4.7,4.7,4.6,4.7,4.6,4.8,4.7,87,11,180000,0,0.0,Wednesday,15-10-2025,120
Đức Phát,09:00:00,Văn phòng,11:30:00,Văn phòng,Hà Nội,Thanh Hóa,4.8,4.7,4.7,4.6,4.7,4.6,4.8,4.7,87,11,200000,0,0.0,Wednesday,15-10-2025,150
Đức Phát,08:00:00,Văn phòng,10:30:00,Văn phòng,Hà Nội,Thanh Hóa,4.8,4.7,4.7,4.6,4.7,4.6,4.8,4.7,87,11,200000,0,0.0,Wednesday,15-10-2025,150
Đức Phát,09:00:00,Văn phòng,11:00:00,Văn phòng,Hà Nội,Thanh Hóa,4.8,4.7,4.7,4.6,4.7,4.6,4.8,4.7,87,11,180000,0,0.0,Wednesday,15-10-2025,120
Đức Phát,07:00:00,Văn phòng,09:00:00,Văn phòng,Hà Nội,Thanh Hóa,4.8,4.7,4.7,4.6,4.7,4.6,4.8,4.7,87,11,180000,0,0.0,Wednesday,15-10-2025,120
Đức Phát,17:00:00,Văn phòng,19:30:00,Văn phòng,Hà Nội,Thanh Hóa,4.8,4.7,4.7,4.6,4.7,4.6,4.8,4.7,87,11,200000,0,0.0,Wednesday,15-10-2025,150
Đức Phát,07:00:00,Văn phòng,09:30:00,Văn phòng,Hà Nội,Thanh Hóa,4.8,4.7,4.7,4.6,4.7,4.6,4.8,4.7,87,11,200000,0,0.0,Wednesday,15-10-2025,150
Đức Phát,16:00:00,Văn phòng,18:30:00,Văn phòng,Hà Nội,Thanh Hóa,4.8,4.7,4.7,4.6,4.7,4.6,4.8,4.7,87,11,200000,0,0.0,Wednesday,15-10-2025,150
Đức Phát,14:00:00,Văn phòng,16:00:00,Văn phòng,Hà Nội,Thanh Hóa,4.8,4.7,4.7,4.6,4.7,4.6,4.8,4.7,87,11,180000,0,0.0,Wednesday,15-10-2025,120
Đức Phát,12:00:00,Văn phòng,14:00:00,Văn phòng,Hà Nội,Thanh Hóa,4.8,4.7,4.7,4.6,4.7,4.6,4.8,4.7,87,11,180000,0,0.0,Wednesday,15-10-2025,120
Đức Phát,15:00:00,Văn phòng,17:00:00,Văn phòng,Hà Nội,Thanh Hóa,4.8,4.7,4.7,4.6,4.7,4.6,4.8,4.7,87,11,180000,0,0.0,Wednesday,15-10-2025,120
Đức Phát,08:00:00,Văn phòng,10:00:00,Văn phòng,Hà Nội,Thanh Hóa,4.8,4.7,4.7,4.6,4.7,4.6,4.8,4.7,87,11,180000,0,0.0,Wednesday,15-10-2025,120
Đức Phát,12:00:00,Văn phòng,14:30:00,Văn phòng,Hà Nội,Thanh Hóa,4.8,4.7,4.7,4.6,4.7,4.6,4.8,4.7,87,11,200000,0,0.0,Wednesday,15-10-2025,150
Đức Phát,10:00:00,Văn phòng,12:30:00,Văn phòng,Hà Nội,Thanh Hóa,4.8,4.7,4.7,4.6,4.7,4.6,4.8,4.7,87,11,200000,0,0.0,Wednesday,15-10-2025,150
Đức Phát,19:00:00,Văn phòng,21:30:00,Văn phòng,Hà Nội,Thanh Hóa,4.8,4.7,4.7,4.6,4.7,4.6,4.8,4.7,87,11,200000,0,0.0,Wednesday,15-10-2025,150
Đức Phát,19:00:00,Văn phòng,21:00:00,Văn phòng,Hà Nội,Thanh Hóa,4.8,4.7,4.7,4.6,4.7,4.6,4.8,4.7,87,11,180000,0,0.0,Wednesday,15-10-2025,120
Đức Phát,20:00:00,Văn phòng,22:30:00,Văn phòng,Hà Nội,Thanh Hóa,4.8,4.7,4.7,4.6,4.7,4.6,4.8,4.7,87,11,200000,0,0.0,Wednesday,15-10-2025,150
Đức Phát,17:00:00,Văn phòng,19:00:00,Văn phòng,Hà Nội,Thanh Hóa,4.8,4.7,4.7,4.6,4.7,4.6,4.8,4.7,87,11,180000,0,0.0,Wednesday,15-10-2025,120
Đức Phát,13:00:00,Văn phòng,15:30:00,Văn phòng,Hà Nội,Thanh Hóa,4.8,4.7,4.7,4.6,4.7,4.6,4.8,4.7,87,11,200000,0,0.0,Wednesday,15-10-2025,150
Đức Phát,16:00:00,Văn phòng,18:00:00,Văn phòng,Hà Nội,Thanh Hóa,4.8,4.7,4.7,4.6,4.7,4.6,4.8,4.7,87,11,180000,0,0.0,Wednesday,15-10-2025,120
Đức Phát,18:00:00,Văn phòng,20:00:00,Văn phòng,Hà Nội,Thanh Hóa,4.8,4.7,4.7,4.6,4.7,4.6,4.8,4.7,87,11,180000,0,0.0,Wednesday,15-10-2025,120
Đức Phát,11:00:00,Văn phòng,13:00:00,Văn phòng,Hà Nội,Thanh Hóa,4.8,4.7,4.7,4.6,4.7,4.6,4.8,4.7,87,11,180000,0,0.0,Wednesday,15-10-2025,120
Đức Phát,11:00:00,Văn phòng,13:30:00,Văn phòng,Hà Nội,Thanh Hóa,4.8,4.7,4.7,4.6,4.7,4.6,4.8,4.7,87,11,200000,0,0.0,Wednesday,15-10-2025,150
Đức Phát,14:00:00,Văn phòng,16:30:00,Văn phòng,Hà Nội,Thanh Hóa,4.8,4.7,4.7,4.6,4.7,4.6,4.8,4.7,87,11,200000,0,0.0,Wednesday,15-10-2025,150
Vân Anh Limousine,14:30:00,Bến xe,18:00:00,Văn phòng,Hà Nội,Thanh Hóa,4.9,4.9,4.9,4.9,4.9,4.9,5.0,4.8,32,24,230000,0,0.0,Wednesday,15-10-2025,210
Vân Anh Limousine,16:30:00,Bến xe,19:30:00,Văn phòng,Hà Nội,Thanh Hóa,4.9,4.9,4.9,4.9,4.9,4.9,5.0,4.8,32,24,230000,0,0.0,Wednesday,15-10-2025,180
Vân Anh Limousine,15:30:00,Bến xe,18:30:00,Văn phòng,Hà Nội,Thanh Hóa,4.9,4.9,4.9,4.9,4.9,4.9,5.0,4.8,32,24,230000,0,0.0,Wednesday,15-10-2025,180
Vân Anh Limousine,19:30:00,Bến xe,22:30:00,Văn phòng,Hà Nội,Thanh Hóa,4.9,4.9,4.9,4.9,4.9,4.9,5.0,4.8,32,24,230000,0,0.0,Wednesday,15-10-2025,180
Vân Anh Limousine,18:30:00,Bến xe,21:30:00,Văn phòng,Hà Nội,Thanh Hóa,4.9,4.9,4.9,4.9,4.9,4.9,5.0,4.8,32,24,230000,0,0.0,Wednesday,15-10-2025,180
Vân Anh Limousine,17:30:00,Bến xe,20:30:00,Văn phòng,Hà Nội,Thanh Hóa,4.9,4.9,4.9,4.9,4.9,4.9,5.0,4.8,32,24,230000,0,0.0,Wednesday,15-10-2025,180
Vân Anh Limousine,17:30:00,Bến xe,21:00:00,Văn phòng,Hà Nội,Thanh Hóa,4.9,4.9,4.9,4.9,4.9,4.9,5.0,4.8,32,24,230000,0,0.0,Wednesday,15-10-2025,210
Vân Anh Limousine,12:30:00,Bến xe,15:30:00,Văn phòng,Hà Nội,Thanh Hóa,4.9,4.9,4.9,4.9,4.9,4.9,5.0,4.8,32,24,230000,0,0.0,Wednesday,15-10-2025,180
Vân Anh Limousine,20:30:00,Bến xe,00:00:00,Văn phòng,Hà Nội,Thanh Hóa,4.9,4.9,4.9,4.9,4.9,4.9,5.0,4.8,32,24,230000,0,0.0,Wednesday,15-10-2025,210
Vân Anh Limousine,20:30:00,Bến xe,23:30:00,Văn phòng,Hà Nội,Thanh Hóa,4.9,4.9,4.9,4.9,4.9,4.9,5.0,4.8,32,24,230000,0,0.0,Wednesday,15-10-2025,180
Vân Anh Limousine,21:00:00,Bến xe,00:00:00,Bến xe,Hà Nội,Thanh Hóa,4.9,4.9,4.9,4.9,4.9,4.9,5.0,4.8,32,24,230000,0,0.0,Wednesday,15-10-2025,180
Vân Anh Limousine,18:30:00,Bến xe,22:00:00,Văn phòng,Hà Nội,Thanh Hóa,4.9,4.9,4.9,4.9,4.9,4.9,5.0,4.8,32,24,230000,0,0.0,Wednesday,15-10-2025,210
Vân Anh Limousine,15:30:00,Bến xe,19:00:00,Văn phòng,Hà Nội,Thanh Hóa,4.9,4.9,4.9,4.9,4.9,4.9,5.0,4.8,32,24,230000,0,0.0,Wednesday,15-10-2025,210
FUTA HÀ SƠN,08:30:00,Bến xe,10:30:00,Other,Hà Nội,Thanh Hóa,4.9,4.7,4.8,4.8,4.8,4.7,4.8,4.8,318,34,200000,0,0.0,Wednesday,15-10-2025,120
FUTA HÀ SƠN,12:40:00,Bến xe,14:40:00,Other,Hà Nội,Thanh Hóa,4.9,4.7,4.8,4.8,4.8,4.7,4.8,4.8,318,34,200000,0,0.0,Wednesday,15-10-2025,120
FUTA HÀ SƠN,19:30:00,Bến xe,21:30:00,Other,Hà Nội,Thanh Hóa,4.9,4.7,4.8,4.8,4.8,4.7,4.8,4.8,318,34,200000,0,0.0,Wednesday,15-10-2025,120
FUTA HÀ SƠN,17:20:00,Bến xe,19:50:00,Other,Hà Nội,Thanh Hóa,4.9,4.7,4.8,4.8,4.8,4.7,4.8,4.8,318,34,300000,0,0.0,Wednesday,15-10-2025,150
FUTA HÀ SƠN,10:30:00,Bến xe,12:30:00,Other,Hà Nội,Thanh Hóa,4.9,4.7,4.8,4.8,4.8,4.7,4.8,4.8,318,34,200000,0,0.0,Wednesday,15-10-2025,120
FUTA HÀ SƠN,23:40:00,Bến xe,01:40:00,Other,Hà Nội,Thanh Hóa,4.9,4.7,4.8,4.8,4.8,4.7,4.8,4.8,318,24,390000,0,0.0,Wednesday,15-10-2025,120
FUTA HÀ SƠN,22:20:00,Bến xe,00:20:00,Other,Hà Nội,Thanh Hóa,4.9,4.7,4.8,4.8,4.8,4.7,4.8,4.8,318,34,200000,0,0.0,Wednesday,15-10-2025,120
FUTA HÀ SƠN,19:30:00,Bến xe,22:00:00,Other,Hà Nội,Thanh Hóa,4.9,4.7,4.8,4.8,4.8,4.7,4.8,4.8,318,24,500000,0,0.0,Wednesday,15-10-2025,150
FUTA HÀ SƠN,14:20:00,Bến xe,16:20:00,Other,Hà Nội,Thanh Hóa,4.9,4.7,4.8,4.8,4.8,4.7,4.8,4.8,318,24,390000,0,0.0,Wednesday,15-10-2025,120
Thành Trung Limousine,11:00:00,Văn phòng,13:30:00,Văn phòng,Hà Nội,Thanh Hóa,4.4,3.9,4.0,4.3,4.3,3.9,4.3,4.0,113,11,280000,260000,7.0,Wednesday,15-10-2025,150
Thành Trung Limousine,12:00:00,Văn phòng,14:30:00,Văn phòng,Hà Nội,Thanh Hóa,4.4,3.9,4.0,4.3,4.3,3.9,4.3,4.0,113,11,280000,260000,7.0,Wednesday,15-10-2025,150
Thành Trung Limousine,10:00:00,Văn phòng,12:30:00,Văn phòng,Hà Nội,Thanh Hóa,4.4,3.9,4.0,4.3,4.3,3.9,4.3,4.0,113,11,280000,260000,7.0,Wednesday,15-10-2025,150
Thành Trung Limousine,17:00:00,Văn phòng,19:30:00,Văn phòng,Hà Nội,Thanh Hóa,4.4,3.9,4.0,4.3,4.3,3.9,4.3,4.0,113,11,280000,260000,7.0,Wednesday,15-10-2025,150
Thành Trung Limousine,09:00:00,Văn phòng,11:30:00,Văn phòng,Hà Nội,Thanh Hóa,4.4,3.9,4.0,4.3,4.3,3.9,4.3,4.0,113,11,280000,260000,7.0,Wednesday,15-10-2025,150
Thành Trung Limousine,07:00:00,Văn phòng,09:30:00,Văn phòng,Hà Nội,Thanh Hóa,4.4,3.9,4.0,4.3,4.3,3.9,4.3,4.0,113,9,280000,260000,7.0,Wednesday,15-10-2025,150
Thành Trung Limousine,14:00:00,Văn phòng,16:30:00,Văn phòng,Hà Nội,Thanh Hóa,4.4,3.9,4.0,4.3,4.3,3.9,4.3,4.0,113,11,280000,260000,7.0,Wednesday,15-10-2025,150
Thành Trung Limousine,15:00:00,Văn phòng,17:30:00,Văn phòng,Hà Nội,Thanh Hóa,4.4,3.9,4.0,4.3,4.3,3.9,4.3,4.0,113,11,280000,260000,7.0,Wednesday,15-10-2025,150
Thành Trung Limousine,13:00:00,Văn phòng,15:30:00,Văn phòng,Hà Nội,Thanh Hóa,4.4,3.9,4.0,4.3,4.3,3.9,4.3,4.0,113,11,280000,260000,7.0,Wednesday,15-10-2025,150
Thành Trung Limousine,18:00:00,Văn phòng,20:30:00,Văn phòng,Hà Nội,Thanh Hóa,4.4,3.9,4.0,4.3,4.3,3.9,4.3,4.0,113,11,280000,260000,7.0,Wednesday,15-10-2025,150
Nam Quỳnh Anh,22:30:00,Bến xe,01:30:00,Other,Hà Nội,Thanh Hóa,4.5,4.3,4.5,4.2,4.2,4.2,4.7,4.2,2035,22,350000,0,0.0,Wednesday,15-10-2025,180
Thành Trung Limousine,19:00:00,Văn phòng,21:30:00,Văn phòng,Hà Nội,Thanh Hóa,4.4,3.9,4.0,4.3,4.3,3.9,4.3,4.0,113,11,280000,260000,7.0,Wednesday,15-10-2025,150
Thành Trung Limousine,20:00:00,Văn phòng,22:30:00,Văn phòng,Hà Nội,Thanh Hóa,4.4,3.9,4.0,4.3,4.3,3.9,4.3,4.0,113,11,280000,260000,7.0,Wednesday,15-10-2025,150
Thành Trung Limousine,22:00:00,Văn phòng,00:30:00,Văn phòng,Hà Nội,Thanh Hóa,4.4,3.9,4.0,4.3,4.3,3.9,4.3,4.0,113,11,280000,260000,7.0,Wednesday,15-10-2025,150
Thành Trung Limousine,23:00:00,Văn phòng,01:30:00,Văn phòng,Hà Nội,Thanh Hóa,4.4,3.9,4.0,4.3,4.3,3.9,4.3,4.0,113,11,280000,260000,7.0,Wednesday,15-10-2025,150
Thành Trung Limousine,16:00:00,Văn phòng,18:30:00,Văn phòng,Hà Nội,Thanh Hóa,4.4,3.9,4.0,4.3,4.3,3.9,4.3,4.0,113,11,280000,260000,7.0,Wednesday,15-10-2025,150
Nam Quỳnh Anh,20:45:00,Other,01:30:00,Other,Hà Nội,Thanh Hóa,4.5,4.3,4.5,4.2,4.2,4.2,4.7,4.2,2035,22,370000,0,0.0,Wednesday,15-10-2025,285
Nam Quỳnh Anh,20:15:00,Other,01:30:00,Other,Hà Nội,Thanh Hóa,4.5,4.3,4.5,4.2,4.2,4.2,4.7,4.2,2035,22,370000,0,0.0,Wednesday,15-10-2025,315
Nam Quỳnh Anh,21:00:00,Other,01:30:00,Other,Hà Nội,Thanh Hóa,4.5,4.3,4.5,4.2,4.2,4.2,4.7,4.2,2035,22,350000,0,0.0,Wednesday,15-10-2025,270
Phú Quý,14:10:00,Bến xe,17:10:00,Other,Hà Nội,Thanh Hóa,4.4,4.3,4.4,4.5,4.1,4.2,4.9,4.3,468,22,400000,0,0.0,Wednesday,15-10-2025,180
Phú Quý,09:50:00,Bến xe,12:50:00,Other,Hà Nội,Thanh Hóa,4.4,4.3,4.4,4.5,4.1,4.2,4.9,4.3,468,32,300000,0,0.0,Wednesday,15-10-2025,180
Vân Anh Limousine,05:00:00,Bến xe,08:00:00,Bến xe,Hà Nội,Thanh Hóa,4.9,4.9,4.9,4.9,4.9,4.9,5.0,4.8,32,24,230000,0,0.0,Wednesday,15-10-2025,180
Vân Anh Limousine,06:30:00,Bến xe,10:00:00,Văn phòng,Hà Nội,Thanh Hóa,4.9,4.9,4.9,4.9,4.9,4.9,5.0,4.8,32,24,230000,0,0.0,Wednesday,15-10-2025,210
Vân Anh Limousine,07:00:00,Bến xe,10:00:00,Bến xe,Hà Nội,Thanh Hóa,4.9,4.9,4.9,4.9,4.9,4.9,5.0,4.8,32,24,230000,200000,13.0,Wednesday,15-10-2025,180
Vĩnh Quang,09:30:00,Văn phòng,12:55:00,Văn phòng,Hà Nội,Thanh Hóa,5.0,4.8,4.9,4.9,4.9,4.9,4.8,4.8,25,10,170000,0,0.0,Wednesday,15-10-2025,205
Vĩnh Quang,17:30:00,Văn phòng,20:55:00,Văn phòng,Hà Nội,Thanh Hóa,5.0,4.8,4.9,4.9,4.9,4.9,4.8,4.8,25,10,170000,0,0.0,Wednesday,15-10-2025,205
Vĩnh Quang,11:30:00,Văn phòng,14:55:00,Văn phòng,Hà Nội,Thanh Hóa,5.0,4.8,4.9,4.9,4.9,4.9,4.8,4.8,25,10,170000,0,0.0,Wednesday,15-10-2025,205
Vân Anh Limousine,08:00:00,Bến xe,11:00:00,Bến xe,Hà Nội,Thanh Hóa,4.9,4.9,4.9,4.9,4.9,4.9,5.0,4.8,32,24,230000,0,0.0,Wednesday,15-10-2025,180
Vân Anh Limousine,06:00:00,Bến xe,09:00:00,Bến xe,Hà Nội,Thanh Hóa,4.9,4.9,4.9,4.9,4.9,4.9,5.0,4.8,32,24,230000,0,0.0,Wednesday,15-10-2025,180
Vân Anh Limousine,09:00:00,Bến xe,12:00:00,Bến xe,Hà Nội,Thanh Hóa,4.9,4.9,4.9,4.9,4.9,4.9,5.0,4.8,32,24,230000,200000,13.0,Wednesday,15-10-2025,180
Vân Anh Limousine,04:30:00,Bến xe,07:30:00,Bến xe,Hà Nội,Thanh Hóa,4.9,4.9,4.9,4.9,4.9,4.9,5.0,4.8,32,24,230000,0,0.0,Wednesday,15-10-2025,180
Vân Anh Limousine,05:00:00,Bến xe,08:00:00,Bến xe,Hà Nội,Thanh Hóa,4.9,4.9,4.9,4.9,4.9,4.9,5.0,4.8,32,24,230000,200000,13.0,Wednesday,15-10-2025,180
Vân Anh Limousine,04:00:00,Bến xe,07:30:00,Văn phòng,Hà Nội,Thanh Hóa,4.9,4.9,4.9,4.9,4.9,4.9,5.0,4.8,32,24,230000,0,0.0,Wednesday,15-10-2025,210
Vân Anh Limousine,04:00:00,Bến xe,07:00:00,Văn phòng,Hà Nội,Thanh Hóa,4.9,4.9,4.9,4.9,4.9,4.9,5.0,4.8,32,24,230000,0,0.0,Wednesday,15-10-2025,180
Vân Anh Limousine,08:00:00,Bến xe,11:00:00,Bến xe,Hà Nội,Thanh Hóa,4.9,4.9,4.9,4.9,4.9,4.9,5.0,4.8,32,24,230000,200000,13.0,Wednesday,15-10-2025,180
Vân Anh Limousine,09:30:00,Bến xe,13:00:00,Văn phòng,Hà Nội,Thanh Hóa,4.9,4.9,4.9,4.9,4.9,4.9,5.0,4.8,32,24,230000,0,0.0,Wednesday,15-10-2025,210
Vân Anh Limousine,04:30:00,Bến xe,07:30:00,Văn phòng,Hà Nội,Thanh Hóa,4.9,4.9,4.9,4.9,4.9,4.9,5.0,4.8,32,24,230000,0,0.0,Wednesday,15-10-2025,180
Vân Anh Limousine,07:30:00,Bến xe,11:00:00,Văn phòng,Hà Nội,Thanh Hóa,4.9,4.9,4.9,4.9,4.9,4.9,5.0,4.8,32,24,230000,0,0.0,Wednesday,15-10-2025,210
Vân Anh Limousine,07:00:00,Bến xe,10:00:00,Bến xe,Hà Nội,Thanh Hóa,4.9,4.9,4.9,4.9,4.9,4.9,5.0,4.8,32,24,230000,0,0.0,Wednesday,15-10-2025,180
Vân Anh Limousine,09:00:00,Bến xe,12:00:00,Bến xe,Hà Nội,Thanh Hóa,4.9,4.9,4.9,4.9,4.9,4.9,5.0,4.8,32,24,230000,0,0.0,Wednesday,15-10-2025,180
Vân Anh Limousine,10:00:00,Bến xe,13:00:00,Bến xe,Hà Nội,Thanh Hóa,4.9,4.9,4.9,4.9,4.9,4.9,5.0,4.8,32,24,230000,200000,13.0,Wednesday,15-10-2025,180
Vân Anh Limousine,10:30:00,Bến xe,14:00:00,Văn phòng,Hà Nội,Thanh Hóa,4.9,4.9,4.9,4.9,4.9,4.9,5.0,4.8,32,24,230000,0,0.0,Wednesday,15-10-2025,210
Vân Anh Limousine,05:30:00,Bến xe,09:00:00,Văn phòng,Hà Nội,Thanh Hóa,4.9,4.9,4.9,4.9,4.9,4.9,5.0,4.8,32,24,230000,0,0.0,Wednesday,15-10-2025,210
Vĩnh Quang,15:30:00,Văn phòng,18:55:00,Văn phòng,Hà Nội,Thanh Hóa,5.0,4.8,4.9,4.9,4.9,4.9,4.8,4.8,25,10,170000,0,0.0,Wednesday,15-10-2025,205
Vĩnh Quang,05:30:00,Văn phòng,08:55:00,Văn phòng,Hà Nội,Thanh Hóa,5.0,4.8,4.9,4.9,4.9,4.9,4.8,4.8,25,10,170000,0,0.0,Wednesday,15-10-2025,205
Vĩnh Quang,13:30:00,Văn phòng,16:55:00,Văn phòng,Hà Nội,Thanh Hóa,5.0,4.8,4.9,4.9,4.9,4.9,4.8,4.8,25,10,170000,0,0.0,Wednesday,15-10-2025,205
Vân Anh Limousine,10:00:00,Bến xe,13:00:00,Bến xe,Hà Nội,Thanh Hóa,4.9,4.9,4.9,4.9,4.9,4.9,5.0,4.8,32,24,230000,0,0.0,Wednesday,15-10-2025,180
Vĩnh Quang,19:30:00,Văn phòng,22:55:00,Văn phòng,Hà Nội,Thanh Hóa,5.0,4.8,4.9,4.9,4.9,4.9,4.8,4.8,25,10,170000,0,0.0,Wednesday,15-10-2025,205
Vân Anh Limousine,06:00:00,Bến xe,09:00:00,Bến xe,Hà Nội,Thanh Hóa,4.9,4.9,4.9,4.9,4.9,4.9,5.0,4.8,32,24,230000,200000,13.0,Wednesday,15-10-2025,180
Vân Anh Limousine,04:30:00,Bến xe,08:00:00,Văn phòng,Hà Nội,Thanh Hóa,4.9,4.9,4.9,4.9,4.9,4.9,5.0,4.8,32,24,230000,0,0.0,Wednesday,15-10-2025,210
Vân Anh Limousine,05:30:00,Bến xe,08:30:00,Văn phòng,Hà Nội,Thanh Hóa,4.9,4.9,4.9,4.9,4.9,4.9,5.0,4.8,32,24,230000,0,0.0,Wednesday,15-10-2025,180
Vân Anh Limousine,07:30:00,Bến xe,10:30:00,Văn phòng,Hà Nội,Thanh Hóa,4.9,4.9,4.9,4.9,4.9,4.9,5.0,4.8,32,24,230000,0,0.0,Wednesday,15-10-2025,180
Vân Anh Limousine,08:30:00,Bến xe,12:00:00,Văn phòng,Hà Nội,Thanh Hóa,4.9,4.9,4.9,4.9,4.9,4.9,5.0,4.8,32,24,230000,0,0.0,Wednesday,15-10-2025,210
Vân Anh Limousine,09:30:00,Bến xe,12:30:00,Văn phòng,Hà Nội,Thanh Hóa,4.9,4.9,4.9,4.9,4.9,4.9,5.0,4.8,32,24,230000,0,0.0,Wednesday,15-10-2025,180
Vân Anh Limousine,10:30:00,Bến xe,13:30:00,Văn phòng,Hà Nội,Thanh Hóa,4.9,4.9,4.9,4.9,4.9,4.9,5.0,4.8,32,24,230000,0,0.0,Wednesday,15-10-2025,180
Vân Anh Limousine,06:30:00,Bến xe,09:30:00,Văn phòng,Hà Nội,Thanh Hóa,4.9,4.9,4.9,4.9,4.9,4.9,5.0,4.8,32,24,230000,0,0.0,Wednesday,15-10-2025,180
Vân Anh Limousine,08:30:00,Bến xe,11:30:00,Văn phòng,Hà Nội,Thanh Hóa,4.9,4.9,4.9,4.9,4.9,4.9,5.0,4.8,32,24,230000,0,0.0,Wednesday,15-10-2025,180
Nam Quỳnh Anh,16:50:00,Bến xe,20:05:00,Other,Hà Nội,Thanh Hóa,4.5,4.3,4.5,4.2,4.2,4.2,4.7,4.2,2035,24,350000,0,0.0,Wednesday,15-10-2025,195
Nam Quỳnh Anh,23:55:00,Bến xe,03:10:00,Other,Hà Nội,Thanh Hóa,4.5,4.3,4.5,4.2,4.2,4.2,4.7,4.2,2035,22,350000,0,0.0,Wednesday,15-10-2025,195
Nam Quỳnh Anh,15:20:00,Bến xe,18:35:00,Other,Hà Nội,Thanh Hóa,4.5,4.3,4.5,4.2,4.2,4.2,4.7,4.2,2035,22,350000,0,0.0,Wednesday,15-10-2025,195
Nam Quỳnh Anh,23:30:00,Bến xe,02:45:00,Other,Hà Nội,Thanh Hóa,4.5,4.3,4.5,4.2,4.2,4.2,4.7,4.2,2035,22,350000,0,0.0,Wednesday,15-10-2025,195
Nam Quỳnh Anh,12:05:00,Bến xe,15:20:00,Other,Hà Nội,Thanh Hóa,4.5,4.3,4.5,4.2,4.2,4.2,4.7,4.2,2035,20,350000,0,0.0,Wednesday,15-10-2025,195
Duy Khánh Limousine,16:45:00,Văn phòng,22:00:00,Văn phòng,Hà Nội,Thanh Hóa,4.0,4.0,4.1,4.0,3.9,3.8,4.1,3.8,656,24,350000,0,0.0,Wednesday,15-10-2025,315
Vĩnh Quang,07:30:00,Văn phòng,10:55:00,Văn phòng,Hà Nội,Thanh Hóa,5.0,4.8,4.9,4.9,4.9,4.9,4.8,4.8,25,10,170000,0,0.0,Wednesday,15-10-2025,205
Pu Luong Excursions,06:40:00,Other,11:40:00,Other,Hà Nội,Thanh Hóa,4.7,5.0,5.0,5.0,4.9,5.0,5.0,4.9,16,9,350000,0,0.0,Wednesday,15-10-2025,300
Nam Quỳnh Anh,00:30:00,Bến xe,02:30:00,Other,Hà Nội,Thanh Hóa,4.5,4.3,4.5,4.2,4.2,4.2,4.7,4.2,2035,22,350000,0,0.0,Wednesday,15-10-2025,120
Thành Trung Limousine,10:15:00,Other,13:30:00,Văn phòng,Hà Nội,Thanh Hóa,4.4,3.9,4.0,4.3,4.3,3.9,4.3,4.0,113,11,530000,510000,4.0,Wednesday,15-10-2025,195
Thành Trung Limousine,11:15:00,Other,14:30:00,Văn phòng,Hà Nội,Thanh Hóa,4.4,3.9,4.0,4.3,4.3,3.9,4.3,4.0,113,11,530000,510000,4.0,Wednesday,15-10-2025,195
Thành Trung Limousine,12:15:00,Other,15:30:00,Văn phòng,Hà Nội,Thanh Hóa,4.4,3.9,4.0,4.3,4.3,3.9,4.3,4.0,113,11,530000,510000,4.0,Wednesday,15-10-2025,195
Thành Trung Limousine,10:15:00,Other,13:00:00,Văn phòng,Hà Nội,Thanh Hóa,4.4,3.9,4.0,4.3,4.3,3.9,4.3,4.0,113,11,480000,460000,4.0,Wednesday,15-10-2025,165
Thành Trung Limousine,18:15:00,Other,21:30:00,Văn phòng,Hà Nội,Thanh Hóa,4.4,3.9,4.0,4.3,4.3,3.9,4.3,4.0,113,11,530000,510000,4.0,Wednesday,15-10-2025,195
Thành Trung Limousine,08:15:00,Other,11:00:00,Văn phòng,Hà Nội,Thanh Hóa,4.4,3.9,4.0,4.3,4.3,3.9,4.3,4.0,113,11,480000,460000,4.0,Wednesday,15-10-2025,165
Thành Trung Limousine,08:15:00,Other,11:30:00,Văn phòng,Hà Nội,Thanh Hóa,4.4,3.9,4.0,4.3,4.3,3.9,4.3,4.0,113,11,530000,510000,4.0,Wednesday,15-10-2025,195
Thành Trung Limousine,17:15:00,Other,20:00:00,Văn phòng,Hà Nội,Thanh Hóa,4.4,3.9,4.0,4.3,4.3,3.9,4.3,4.0,113,11,480000,460000,4.0,Wednesday,15-10-2025,165
Thành Trung Limousine,12:15:00,Other,15:00:00,Văn phòng,Hà Nội,Thanh Hóa,4.4,3.9,4.0,4.3,4.3,3.9,4.3,4.0,113,11,480000,460000,4.0,Wednesday,15-10-2025,165
Thành Trung Limousine,17:15:00,Other,20:30:00,Văn phòng,Hà Nội,Thanh Hóa,4.4,3.9,4.0,4.3,4.3,3.9,4.3,4.0,113,11,530000,510000,4.0,Wednesday,15-10-2025,195
Thành Trung Limousine,14:15:00,Other,17:00:00,Văn phòng,Hà Nội,Thanh Hóa,4.4,3.9,4.0,4.3,4.3,3.9,4.3,4.0,113,11,480000,460000,4.0,Wednesday,15-10-2025,165
Thành Trung Limousine,15:15:00,Other,18:00:00,Văn phòng,Hà Nội,Thanh Hóa,4.4,3.9,4.0,4.3,4.3,3.9,4.3,4.0,113,11,480000,460000,4.0,Wednesday,15-10-2025,165
Thành Trung Limousine,16:15:00,Other,19:00:00,Văn phòng,Hà Nội,Thanh Hóa,4.4,3.9,4.0,4.3,4.3,3.9,4.3,4.0,113,11,480000,460000,4.0,Wednesday,15-10-2025,165
Thành Trung Limousine,16:15:00,Other,19:30:00,Văn phòng,Hà Nội,Thanh Hóa,4.4,3.9,4.0,4.3,4.3,3.9,4.3,4.0,113,11,530000,510000,4.0,Wednesday,15-10-2025,195
Thành Trung Limousine,11:15:00,Other,14:00:00,Văn phòng,Hà Nội,Thanh Hóa,4.4,3.9,4.0,4.3,4.3,3.9,4.3,4.0,113,11,480000,460000,4.0,Wednesday,15-10-2025,165
Thành Trung Limousine,13:15:00,Other,16:00:00,Văn phòng,Hà Nội,Thanh Hóa,4.4,3.9,4.0,4.3,4.3,3.9,4.3,4.0,113,11,480000,460000,4.0,Wednesday,15-10-2025,165
Thành Trung Limousine,15:15:00,Other,18:30:00,Văn phòng,Hà Nội,Thanh Hóa,4.4,3.9,4.0,4.3,4.3,3.9,4.3,4.0,113,11,530000,510000,4.0,Wednesday,15-10-2025,195
Thành Trung Limousine,18:15:00,Other,21:00:00,Văn phòng,Hà Nội,Thanh Hóa,4.4,3.9,4.0,4.3,4.3,3.9,4.3,4.0,113,11,480000,460000,4.0,Wednesday,15-10-2025,165
Thành Trung Limousine,14:15:00,Other,17:30:00,Văn phòng,Hà Nội,Thanh Hóa,4.4,3.9,4.0,4.3,4.3,3.9,4.3,4.0,113,11,530000,510000,4.0,Wednesday,15-10-2025,195
Thành Trung Limousine,13:15:00,Other,16:30:00,Văn phòng,Hà Nội,Thanh Hóa,4.4,3.9,4.0,4.3,4.3,3.9,4.3,4.0,113,11,530000,510000,4.0,Wednesday,15-10-2025,195
Thành Trung Limousine,19:15:00,Other,22:00:00,Văn phòng,Hà Nội,Thanh Hóa,4.4,3.9,4.0,4.3,4.3,3.9,4.3,4.0,113,11,480000,460000,4.0,Wednesday,15-10-2025,165
Thành Trung Limousine,19:15:00,Other,22:30:00,Văn phòng,Hà Nội,Thanh Hóa,4.4,3.9,4.0,4.3,4.3,3.9,4.3,4.0,113,11,530000,510000,4.0,Wednesday,15-10-2025,195
Thành Trung Limousine,09:15:00,Other,12:00:00,Văn phòng,Hà Nội,Thanh Hóa,4.4,3.9,4.0,4.3,4.3,3.9,4.3,4.0,113,11,480000,460000,4.0,Wednesday,15-10-2025,165
Thành Trung Limousine,09:15:00,Other,12:30:00,Văn phòng,Hà Nội,Thanh Hóa,4.4,3.9,4.0,4.3,4.3,3.9,4.3,4.0,113,11,530000,510000,4.0,Wednesday,15-10-2025,195
Thành Trung Limousine,22:15:00,Other,01:00:00,Văn phòng,Hà Nội,Thanh Hóa,4.4,3.9,4.0,4.3,4.3,3.9,4.3,4.0,113,11,480000,460000,4.0,Wednesday,15-10-2025,165
Thành Trung Limousine,22:15:00,Other,01:30:00,Văn phòng,Hà Nội,Thanh Hóa,4.4,3.9,4.0,4.3,4.3,3.9,4.3,4.0,113,11,530000,510000,4.0,Wednesday,15-10-2025,195
Thành Trung Limousine,21:15:00,Other,00:30:00,Văn phòng,Hà Nội,Thanh Hóa,4.4,3.9,4.0,4.3,4.3,3.9,4.3,4.0,113,11,530000,510000,4.0,Wednesday,15-10-2025,195
Thành Trung Limousine,06:15:00,Other,09:00:00,Văn phòng,Hà Nội,Thanh Hóa,4.4,3.9,4.0,4.3,4.3,3.9,4.3,4.0,113,9,480000,460000,4.0,Wednesday,15-10-2025,165
Thành Trung Limousine,21:15:00,Other,00:00:00,Văn phòng,Hà Nội,Thanh Hóa,4.4,3.9,4.0,4.3,4.3,3.9,4.3,4.0,113,11,480000,460000,4.0,Wednesday,15-10-2025,165
Thành Trung Limousine,06:15:00,Other,09:30:00,Văn phòng,Hà Nội,Thanh Hóa,4.4,3.9,4.0,4.3,4.3,3.9,4.3,4.0,113,9,530000,510000,4.0,Wednesday,15-10-2025,195
Nam Quỳnh Anh,19:15:00,Bến xe,21:15:00,Other,Hà Nội,Thanh Hóa,4.5,4.3,4.5,4.2,4.2,4.2,4.7,4.2,2035,32,300000,0,0.0,Wednesday,15-10-2025,120
Nam Quỳnh Anh,18:00:00,Other,21:15:00,Other,Hà Nội,Thanh Hóa,4.5,4.3,4.5,4.2,4.2,4.2,4.7,4.2,2035,32,300000,0,0.0,Wednesday,15-10-2025,195
Thành Trung Limousine,05:00:00,Văn phòng,07:00:00,Văn phòng,Hà Nội,Thanh Hóa,4.4,3.9,4.0,4.3,4.3,3.9,4.3,4.0,113,11,230000,210000,9.0,Wednesday,15-10-2025,120
Thành Trung Limousine,06:00:00,Văn phòng,08:00:00,Văn phòng,Hà Nội,Thanh Hóa,4.4,3.9,4.0,4.3,4.3,3.9,4.3,4.0,113,11,230000,210000,9.0,Wednesday,15-10-2025,120
Thành Trung Limousine,08:00:00,Văn phòng,10:00:00,Văn phòng,Hà Nội,Thanh Hóa,4.4,3.9,4.0,4.3,4.3,3.9,4.3,4.0,113,11,230000,210000,9.0,Wednesday,15-10-2025,120
Thành Trung Travel,19:30:00,Văn phòng,22:45:00,Văn phòng,Hà Nội,Thanh Hóa,4.4,3.9,4.0,4.3,4.3,3.9,4.3,4.0,113,24,250000,225000,10.0,Wednesday,15-10-2025,195
Thành Trung Travel,20:30:00,Văn phòng,23:45:00,Văn phòng,Hà Nội,Thanh Hóa,4.4,3.9,4.0,4.3,4.3,3.9,4.3,4.0,113,24,250000,225000,10.0,Wednesday,15-10-2025,195
Thành Trung Travel,16:00:00,Văn phòng,19:15:00,Văn phòng,Hà Nội,Thanh Hóa,4.4,3.9,4.0,4.3,4.3,3.9,4.3,4.0,113,24,250000,225000,10.0,Wednesday,15-10-2025,195
Thành Trung Limousine,05:00:00,Văn phòng,07:30:00,Văn phòng,Hà Nội,Thanh Hóa,4.4,3.9,4.0,4.3,4.3,3.9,4.3,4.0,113,11,280000,260000,7.0,Wednesday,15-10-2025,150
Thành Trung Limousine,08:00:00,Văn phòng,10:30:00,Văn phòng,Hà Nội,Thanh Hóa,4.4,3.9,4.0,4.3,4.3,3.9,4.3,4.0,113,11,280000,260000,7.0,Wednesday,15-10-2025,150
Thành Trung Limousine,06:00:00,Văn phòng,08:30:00,Văn phòng,Hà Nội,Thanh Hóa,4.4,3.9,4.0,4.3,4.3,3.9,4.3,4.0,113,11,280000,260000,7.0,Wednesday,15-10-2025,150
Thành Trung Limousine,05:15:00,Other,08:30:00,Văn phòng,Hà Nội,Thanh Hóa,4.4,3.9,4.0,4.3,4.3,3.9,4.3,4.0,113,11,530000,510000,4.0,Wednesday,15-10-2025,195
Thành Trung Limousine,05:15:00,Other,08:00:00,Văn phòng,Hà Nội,Thanh Hóa,4.4,3.9,4.0,4.3,4.3,3.9,4.3,4.0,113,11,480000,460000,4.0,Wednesday,15-10-2025,165
Thành Trung Limousine,07:15:00,Other,10:00:00,Văn phòng,Hà Nội,Thanh Hóa,4.4,3.9,4.0,4.3,4.3,3.9,4.3,4.0,113,11,480000,460000,4.0,Wednesday,15-10-2025,165
Thành Trung Limousine,04:15:00,Other,07:00:00,Văn phòng,Hà Nội,Thanh Hóa,4.4,3.9,4.0,4.3,4.3,3.9,4.3,4.0,113,11,480000,460000,4.0,Wednesday,15-10-2025,165
Thành Trung Limousine,04:15:00,Other,07:30:00,Văn phòng,Hà Nội,Thanh Hóa,4.4,3.9,4.0,4.3,4.3,3.9,4.3,4.0,113,11,530000,510000,4.0,Wednesday,15-10-2025,195
Thành Trung Limousine,07:15:00,Other,10:30:00,Văn phòng,Hà Nội,Thanh Hóa,4.4,3.9,4.0,4.3,4.3,3.9,4.3,4.0,113,11,530000,510000,4.0,Wednesday,15-10-2025,195
