company_name,number_of_seat,departure_date,departure_time,duration_minutes,pickup_point,dropoff_point,price_original,price_discounted
36 Limousine,11,15-10-2025,09:00:00,150,Văn phòng,Văn phòng,230000,0
Vân Anh Limousine,24,15-10-2025,13:00:00,180,Bến xe,Bến xe,230000,200000
Thành Trung Limousine,9,15-10-2025,07:00:00,120,Văn phòng,Văn phòng,230000,210000
Vĩnh Quang,10,15-10-2025,11:25:00,150,Văn phòng,Văn phòng,170000,0
Thơm Phụng,46,15-10-2025,15:30:00,135,Bến xe,Other,150000,0
Đức Phát,11,15-10-2025,13:00:00,150,Văn phòng,Bến xe,210000,0
Bình Hoài Limousine,10,15-10-2025,15:00:00,170,Văn phòng,Other,230000,0
An Phát,7,15-10-2025,10:00:00,180,Văn phòng,Văn phòng,250000,0
FUTA HÀ SƠN,34,15-10-2025,17:30:00,150,Bến xe,Other,300000,0
Thăng Long,40,15-10-2025,22:10:00,285,Other,Other,200000,0
36 Limousine,11,15-10-2025,20:00:00,150,Văn phòng,Văn phòng,230000,0
Vĩnh Quang,10,15-10-2025,10:25:00,150,Văn phòng,Văn phòng,170000,0
Thành Trung Limousine,11,15-10-2025,20:00:00,120,Văn phòng,Văn phòng,230000,210000
Thơm Phụng,24,15-10-2025,16:30:00,135,Bến xe,Other,200000,0
Đức Phát,24,15-10-2025,13:00:00,150,Bến xe,Bến xe,250000,0
Vân Anh Limousine,24,15-10-2025,20:00:00,180,Bến xe,Bến xe,230000,200000
Bình Hoài Limousine,10,15-10-2025,14:00:00,170,Văn phòng,Other,230000,0
An Phát,7,15-10-2025,19:00:00,180,Văn phòng,Văn phòng,250000,0
FUTA HÀ SƠN,34,15-10-2025,23:50:00,120,Bến xe,Other,200000,0
Thăng Long,40,15-10-2025,23:15:00,180,Bến xe,Other,200000,0
Nam Quỳnh Anh,22,15-10-2025,21:30:00,300,Bến xe,Other,350000,0
HM Happycar,24,15-10-2025,20:00:00,180,Other,Other,300000,0
Phú Quý,22,15-10-2025,22:40:00,180,Bến xe,Other,400000,0
Bảo Ngọc Limousine,32,15-10-2025,17:00:00,145,Bến xe,Other,220000,0
36 Limousine,11,15-10-2025,15:00:00,150,Văn phòng,Văn phòng,230000,0
36 Limousine,11,15-10-2025,05:30:00,150,Văn phòng,Văn phòng,230000,0
36 Limousine,11,15-10-2025,18:00:00,150,Văn phòng,Văn phòng,230000,0
Thành Trung Limousine,11,15-10-2025,15:00:00,120,Văn phòng,Văn phòng,230000,210000
Thành Trung Limousine,11,15-10-2025,19:00:00,120,Văn phòng,Văn phòng,230000,210000
Đức Phát,24,15-10-2025,20:00:00,150,Bến xe,Bến xe,250000,0
Đức Phát,11,15-10-2025,16:00:00,150,Văn phòng,Bến xe,210000,0
Đức Phát,24,15-10-2025,08:05:00,150,Bến xe,Bến xe,250000,0
Thành Trung Limousine,11,15-10-2025,14:00:00,120,Văn phòng,Văn phòng,230000,210000
Thơm Phụng,24,15-10-2025,10:00:00,135,Bến xe,Other,200000,0
Vân Anh Limousine,24,15-10-2025,11:00:00,180,Bến xe,Bến xe,230000,200000
Vĩnh Quang,10,15-10-2025,17:25:00,150,Văn phòng,Văn phòng,170000,0
Thơm Phụng,24,15-10-2025,13:30:00,135,Bến xe,Other,200000,0
Vĩnh Quang,10,15-10-2025,20:25:00,150,Văn phòng,Văn phòng,170000,0
Vĩnh Quang,10,15-10-2025,12:25:00,150,Văn phòng,Văn phòng,170000,0
Vân Anh Limousine,24,15-10-2025,17:00:00,180,Bến xe,Bến xe,230000,0
36 Limousine,11,15-10-2025,10:00:00,150,Văn phòng,Văn phòng,230000,0
36 Limousine,11,15-10-2025,14:00:00,150,Văn phòng,Văn phòng,230000,0
36 Limousine,11,15-10-2025,08:01:00,150,Văn phòng,Văn phòng,230000,0
Đức Phát,11,15-10-2025,15:00:00,150,Văn phòng,Bến xe,210000,0
Đức Phát,24,15-10-2025,18:00:00,150,Bến xe,Bến xe,250000,0
Đức Phát,24,15-10-2025,06:00:00,150,Bến xe,Bến xe,250000,0
Thành Trung Limousine,11,15-10-2025,18:00:00,120,Văn phòng,Văn phòng,230000,210000
Thành Trung Limousine,11,15-10-2025,11:00:00,120,Văn phòng,Văn phòng,230000,210000
Vĩnh Quang,10,15-10-2025,21:25:00,150,Văn phòng,Văn phòng,170000,0
Vĩnh Quang,10,15-10-2025,06:25:00,150,Văn phòng,Văn phòng,170000,0
Vĩnh Quang,10,15-10-2025,08:25:00,150,Văn phòng,Văn phòng,170000,0
Vân Anh Limousine,24,15-10-2025,16:00:00,180,Bến xe,Bến xe,230000,200000
Bình Hoài Limousine,10,15-10-2025,18:00:00,170,Văn phòng,Other,230000,0
Thành Trung Limousine,11,15-10-2025,17:00:00,120,Văn phòng,Văn phòng,230000,210000
Vân Anh Limousine,24,15-10-2025,13:00:00,180,Bến xe,Bến xe,230000,0
Thơm Phụng,34,15-10-2025,12:00:00,135,Bến xe,Other,150000,0
Thơm Phụng,24,15-10-2025,18:30:00,135,Bến xe,Other,200000,0
Bình Hoài Limousine,10,15-10-2025,18:00:00,140,Văn phòng,Văn phòng,230000,0
Bình Hoài Limousine,10,15-10-2025,06:00:00,140,Văn phòng,Văn phòng,230000,0
An Phát,7,15-10-2025,07:00:00,180,Văn phòng,Văn phòng,250000,0
An Phát,7,15-10-2025,12:00:00,180,Văn phòng,Văn phòng,250000,0
An Phát,7,15-10-2025,15:00:00,180,Văn phòng,Văn phòng,250000,0
Thơm Phụng,24,15-10-2025,21:30:00,135,Bến xe,Other,250000,0
FUTA HÀ SƠN,34,15-10-2025,05:30:00,120,Bến xe,Other,200000,0
FUTA HÀ SƠN,34,15-10-2025,17:30:00,120,Bến xe,Other,200000,0
FUTA HÀ SƠN,34,15-10-2025,14:30:00,120,Bến xe,Other,200000,0
Thăng Long,40,15-10-2025,23:55:00,180,Bến xe,Other,200000,0
Thăng Long,40,15-10-2025,21:30:00,285,Other,Other,200000,0
Nam Quỳnh Anh,22,15-10-2025,20:35:00,295,Other,Other,370000,0
Nam Quỳnh Anh,22,15-10-2025,20:25:00,305,Other,Other,370000,0
Nam Quỳnh Anh,22,15-10-2025,23:00:00,210,Other,Other,350000,0
HM Happycar,24,15-10-2025,08:00:00,180,Other,Other,300000,0
Phú Quý,36,15-10-2025,15:45:00,180,Bến xe,Other,260000,0
Phú Quý,32,15-10-2025,22:30:00,180,Bến xe,Other,300000,0
Phú Quý,40,15-10-2025,17:05:00,180,Bến xe,Other,260000,0
Bảo Ngọc Limousine,32,15-10-2025,18:20:00,145,Bến xe,Other,220000,0
36 Limousine,11,15-10-2025,19:00:00,150,Văn phòng,Văn phòng,230000,0
36 Limousine,11,15-10-2025,09:01:00,150,Văn phòng,Văn phòng,230000,0
36 Limousine,11,15-10-2025,13:01:00,150,Văn phòng,Văn phòng,230000,0
36 Limousine,11,15-10-2025,15:01:00,150,Văn phòng,Văn phòng,230000,0
36 Limousine,11,15-10-2025,08:00:00,150,Văn phòng,Văn phòng,230000,0
36 Limousine,11,15-10-2025,13:00:00,150,Văn phòng,Văn phòng,230000,0
36 Limousine,11,15-10-2025,20:01:00,150,Văn phòng,Văn phòng,230000,0
Đức Phát,11,15-10-2025,11:00:00,150,Văn phòng,Bến xe,210000,0
Đức Phát,24,15-10-2025,17:05:00,150,Bến xe,Bến xe,250000,0
Đức Phát,24,15-10-2025,15:00:00,150,Bến xe,Bến xe,250000,0
Đức Phát,24,15-10-2025,16:00:00,150,Bến xe,Bến xe,250000,0
Vĩnh Quang,10,15-10-2025,19:25:00,150,Văn phòng,Văn phòng,170000,0
Đức Phát,11,15-10-2025,17:00:00,150,Văn phòng,Bến xe,210000,0
Vĩnh Quang,10,15-10-2025,13:25:00,150,Văn phòng,Văn phòng,170000,0
Đức Phát,24,15-10-2025,10:00:00,150,Bến xe,Bến xe,250000,0
Đức Phát,24,15-10-2025,12:05:00,150,Bến xe,Bến xe,250000,0
Đức Phát,24,15-10-2025,14:00:00,150,Bến xe,Bến xe,250000,0
Đức Phát,24,15-10-2025,07:05:00,150,Bến xe,Bến xe,250000,0
Đức Phát,24,15-10-2025,04:35:00,150,Bến xe,Bến xe,250000,0
Đức Phát,24,15-10-2025,16:05:00,150,Bến xe,Bến xe,250000,0
Đức Phát,24,15-10-2025,13:05:00,150,Bến xe,Bến xe,250000,0
Đức Phát,24,15-10-2025,19:00:00,150,Bến xe,Bến xe,250000,0
Bình Hoài Limousine,10,15-10-2025,13:00:00,170,Văn phòng,Other,230000,0
Đức Phát,24,15-10-2025,17:00:00,180,Bến xe,Bến xe,250000,0
Đức Phát,24,15-10-2025,20:05:00,150,Bến xe,Bến xe,250000,0
Vân Anh Limousine,24,15-10-2025,20:00:00,180,Bến xe,Bến xe,230000,0
Đức Phát,24,15-10-2025,15:00:00,180,Bến xe,Bến xe,250000,0
Vân Anh Limousine,24,15-10-2025,14:00:00,180,Bến xe,Bến xe,230000,200000
Đức Phát,11,15-10-2025,21:00:00,150,Văn phòng,Bến xe,210000,0
Vân Anh Limousine,24,15-10-2025,11:30:00,210,Bến xe,Văn phòng,230000,0
Đức Phát,24,15-10-2025,07:00:00,180,Bến xe,Bến xe,250000,0
Đức Phát,24,15-10-2025,11:00:00,150,Bến xe,Bến xe,250000,0
Vân Anh Limousine,24,15-10-2025,11:00:00,180,Bến xe,Bến xe,230000,0
Vân Anh Limousine,24,15-10-2025,15:00:00,180,Bến xe,Bến xe,230000,200000
Bình Hoài Limousine,10,15-10-2025,17:00:00,140,Văn phòng,Văn phòng,230000,0
Vĩnh Quang,10,15-10-2025,15:25:00,150,Văn phòng,Văn phòng,170000,0
Đức Phát,24,15-10-2025,17:00:00,150,Bến xe,Bến xe,250000,0
Đức Phát,24,15-10-2025,14:05:00,150,Bến xe,Bến xe,250000,0
Đức Phát,24,15-10-2025,21:00:00,150,Bến xe,Bến xe,250000,0
Đức Phát,24,15-10-2025,19:00:00,180,Bến xe,Bến xe,250000,0
Đức Phát,11,15-10-2025,19:00:00,150,Văn phòng,Bến xe,210000,0
Vân Anh Limousine,24,15-10-2025,18:00:00,180,Bến xe,Bến xe,230000,0
36 Limousine,11,15-10-2025,05:31:00,150,Văn phòng,Văn phòng,230000,0
Thành Trung Limousine,11,15-10-2025,12:00:00,120,Văn phòng,Văn phòng,230000,210000
36 Limousine,11,15-10-2025,16:00:00,150,Văn phòng,Văn phòng,230000,0
Đức Phát,11,15-10-2025,06:00:00,150,Văn phòng,Văn phòng,200000,0
Đức Phát,11,15-10-2025,06:00:00,120,Văn phòng,Văn phòng,180000,0
Thành Trung Limousine,11,15-10-2025,09:00:00,120,Văn phòng,Văn phòng,230000,210000
36 Limousine,11,15-10-2025,21:00:00,150,Văn phòng,Văn phòng,230000,0
Thành Trung Limousine,11,15-10-2025,13:00:00,120,Văn phòng,Văn phòng,230000,210000
Thành Trung Limousine,11,15-10-2025,10:00:00,120,Văn phòng,Văn phòng,230000,210000
Thành Trung Limousine,11,15-10-2025,16:00:00,120,Văn phòng,Văn phòng,230000,210000
Bình Hoài Limousine,10,15-10-2025,09:00:00,170,Văn phòng,Other,230000,0
Bình Hoài Limousine,10,15-10-2025,10:00:00,170,Văn phòng,Other,230000,0
Bình Hoài Limousine,10,15-10-2025,11:00:00,170,Văn phòng,Other,230000,0
Đức Phát,24,15-10-2025,22:00:00,150,Bến xe,Bến xe,250000,0
An Phát,7,15-10-2025,11:00:00,180,Văn phòng,Văn phòng,250000,0
Bình Hoài Limousine,10,15-10-2025,08:00:00,170,Văn phòng,Other,230000,0
Bình Hoài Limousine,10,15-10-2025,08:00:00,140,Văn phòng,Văn phòng,230000,0
Bình Hoài Limousine,10,15-10-2025,15:00:00,140,Văn phòng,Văn phòng,230000,0
Vĩnh Quang,10,15-10-2025,14:25:00,150,Văn phòng,Văn phòng,170000,0
An Phát,7,15-10-2025,14:00:00,180,Văn phòng,Văn phòng,250000,0
Vân Anh Limousine,24,15-10-2025,19:00:00,180,Bến xe,Bến xe,230000,200000
Vân Anh Limousine,24,15-10-2025,12:00:00,180,Bến xe,Bến xe,230000,0
Bình Hoài Limousine,10,15-10-2025,11:00:00,140,Văn phòng,Văn phòng,230000,0
Bình Hoài Limousine,10,15-10-2025,16:00:00,170,Văn phòng,Other,230000,0
Bình Hoài Limousine,10,15-10-2025,13:00:00,140,Văn phòng,Văn phòng,230000,0
An Phát,7,15-10-2025,17:00:00,180,Văn phòng,Văn phòng,250000,0
Vĩnh Quang,10,15-10-2025,16:25:00,150,Văn phòng,Văn phòng,170000,0
Đức Phát,11,15-10-2025,07:00:00,150,Văn phòng,Bến xe,210000,0
Bình Hoài Limousine,10,15-10-2025,10:00:00,140,Văn phòng,Văn phòng,230000,0
Vĩnh Quang,10,15-10-2025,18:25:00,150,Văn phòng,Văn phòng,170000,0
Vân Anh Limousine,24,15-10-2025,18:00:00,180,Bến xe,Bến xe,230000,200000
Bình Hoài Limousine,10,15-10-2025,12:00:00,140,Văn phòng,Văn phòng,230000,0
Đức Phát,11,15-10-2025,22:00:00,150,Văn phòng,Bến xe,210000,0
Vân Anh Limousine,24,15-10-2025,14:00:00,180,Bến xe,Bến xe,230000,0
Vân Anh Limousine,24,15-10-2025,22:00:00,180,Bến xe,Bến xe,230000,0
Vân Anh Limousine,24,15-10-2025,22:30:00,210,Bến xe,Văn phòng,230000,0
Bình Hoài Limousine,10,15-10-2025,17:00:00,170,Văn phòng,Other,230000,0
Vân Anh Limousine,24,15-10-2025,17:00:00,180,Bến xe,Bến xe,230000,200000
Vân Anh Limousine,24,15-10-2025,12:00:00,180,Bến xe,Bến xe,230000,200000
Bình Hoài Limousine,10,15-10-2025,06:00:00,170,Văn phòng,Other,230000,0
Vân Anh Limousine,24,15-10-2025,21:00:00,180,Bến xe,Bến xe,230000,200000
Vân Anh Limousine,24,15-10-2025,19:30:00,210,Bến xe,Văn phòng,230000,0
Bình Hoài Limousine,10,15-10-2025,09:00:00,140,Văn phòng,Văn phòng,230000,0
Vân Anh Limousine,24,15-10-2025,15:00:00,180,Bến xe,Bến xe,230000,0
Vân Anh Limousine,24,15-10-2025,21:30:00,210,Bến xe,Văn phòng,230000,0
Vân Anh Limousine,24,15-10-2025,21:30:00,180,Bến xe,Văn phòng,230000,0
Bình Hoài Limousine,10,15-10-2025,20:00:00,170,Văn phòng,Other,230000,0
Đức Phát,24,15-10-2025,14:00:00,200,Bến xe,Bến xe,250000,0
Vân Anh Limousine,24,15-10-2025,19:00:00,180,Bến xe,Bến xe,230000,0
Vân Anh Limousine,24,15-10-2025,11:30:00,180,Bến xe,Văn phòng,230000,0
Vân Anh Limousine,24,15-10-2025,22:30:00,180,Bến xe,Văn phòng,230000,0
Vân Anh Limousine,24,15-10-2025,12:30:00,210,Bến xe,Văn phòng,230000,0
Vân Anh Limousine,24,15-10-2025,14:30:00,180,Bến xe,Văn phòng,230000,0
An Phát,7,15-10-2025,08:00:00,180,Văn phòng,Văn phòng,250000,0
Vân Anh Limousine,24,15-10-2025,16:30:00,210,Bến xe,Văn phòng,230000,0
Đức Phát,24,15-10-2025,09:00:00,180,Bến xe,Bến xe,250000,0
An Phát,7,15-10-2025,16:00:00,180,Văn phòng,Văn phòng,250000,0
Thành Trung Travel,24,15-10-2025,08:00:00,195,Văn phòng,Văn phòng,250000,225000
An Phát,7,15-10-2025,18:00:00,180,Văn phòng,Văn phòng,250000,0
Vân Anh Limousine,24,15-10-2025,22:30:00,180,Bến xe,Bến xe,230000,0
Vân Anh Limousine,24,15-10-2025,16:00:00,180,Bến xe,Bến xe,230000,0
An Phát,7,15-10-2025,20:00:00,180,Văn phòng,Văn phòng,250000,0
Đức Phát,24,15-10-2025,13:00:00,180,Bến xe,Bến xe,250000,0
36 Limousine,11,15-10-2025,21:01:00,150,Văn phòng,Văn phòng,230000,0
36 Limousine,11,15-10-2025,17:01:00,150,Văn phòng,Văn phòng,230000,0
36 Limousine,11,15-10-2025,07:00:00,150,Văn phòng,Văn phòng,230000,0
36 Limousine,11,15-10-2025,12:01:00,150,Văn phòng,Văn phòng,230000,0
36 Limousine,11,15-10-2025,18:01:00,150,Văn phòng,Văn phòng,230000,0
36 Limousine,11,15-10-2025,12:00:00,150,Văn phòng,Văn phòng,230000,0
36 Limousine,11,15-10-2025,17:00:00,150,Văn phòng,Văn phòng,230000,0
36 Limousine,11,15-10-2025,10:01:00,150,Văn phòng,Văn phòng,230000,0
36 Limousine,11,15-10-2025,11:01:00,150,Văn phòng,Văn phòng,230000,0
36 Limousine,11,15-10-2025,16:01:00,150,Văn phòng,Văn phòng,230000,0
36 Limousine,11,15-10-2025,19:01:00,150,Văn phòng,Văn phòng,230000,0
36 Limousine,11,15-10-2025,11:00:00,150,Văn phòng,Văn phòng,230000,0
Vân Anh Limousine,24,15-10-2025,13:30:00,210,Bến xe,Văn phòng,230000,0
Thành Trung Limousine,11,15-10-2025,22:00:00,120,Văn phòng,Văn phòng,230000,210000
Thành Trung Limousine,11,15-10-2025,23:00:00,120,Văn phòng,Văn phòng,230000,210000
Vân Anh Limousine,24,15-10-2025,13:30:00,180,Bến xe,Văn phòng,230000,0
Bình Hoài Limousine,10,15-10-2025,14:00:00,140,Văn phòng,Văn phòng,230000,0
An Phát,7,15-10-2025,09:00:00,180,Văn phòng,Văn phòng,250000,0
An Phát,7,15-10-2025,13:00:00,180,Văn phòng,Văn phòng,250000,0
Bình Hoài Limousine,10,15-10-2025,16:00:00,140,Văn phòng,Văn phòng,230000,0
Bình Hoài Limousine,10,15-10-2025,20:00:00,140,Văn phòng,Văn phòng,230000,0
Bình Hoài Limousine,10,15-10-2025,12:00:00,170,Văn phòng,Other,230000,0
Đức Phát,24,15-10-2025,15:01:00,150,Bến xe,Bến xe,250000,0
Đức Phát,24,15-10-2025,15:01:00,200,Bến xe,Bến xe,250000,0
Đức Phát,24,15-10-2025,20:01:00,200,Bến xe,Bến xe,250000,0
Đức Phát,11,15-10-2025,18:00:00,150,Văn phòng,Bến xe,210000,0
Đức Phát,24,15-10-2025,09:01:00,200,Bến xe,Bến xe,250000,0
Đức Phát,24,15-10-2025,09:01:00,150,Bến xe,Bến xe,250000,0
Đức Phát,24,15-10-2025,20:01:00,150,Bến xe,Bến xe,250000,0
Đức Phát,24,15-10-2025,18:01:00,150,Bến xe,Bến xe,250000,0
Đức Phát,11,15-10-2025,13:00:00,120,Văn phòng,Văn phòng,180000,0
Đức Phát,11,15-10-2025,10:00:00,120,Văn phòng,Văn phòng,180000,0
Đức Phát,11,15-10-2025,15:00:00,150,Văn phòng,Văn phòng,200000,0
Đức Phát,11,15-10-2025,18:00:00,150,Văn phòng,Văn phòng,200000,0
Đức Phát,11,15-10-2025,20:00:00,120,Văn phòng,Văn phòng,180000,0
Đức Phát,11,15-10-2025,09:00:00,150,Văn phòng,Văn phòng,200000,0
Đức Phát,11,15-10-2025,08:00:00,150,Văn phòng,Văn phòng,200000,0
Đức Phát,11,15-10-2025,09:00:00,120,Văn phòng,Văn phòng,180000,0
Đức Phát,11,15-10-2025,07:00:00,120,Văn phòng,Văn phòng,180000,0
Đức Phát,11,15-10-2025,17:00:00,150,Văn phòng,Văn phòng,200000,0
Đức Phát,11,15-10-2025,07:00:00,150,Văn phòng,Văn phòng,200000,0
Đức Phát,11,15-10-2025,16:00:00,150,Văn phòng,Văn phòng,200000,0
Đức Phát,11,15-10-2025,14:00:00,120,Văn phòng,Văn phòng,180000,0
Đức Phát,11,15-10-2025,12:00:00,120,Văn phòng,Văn phòng,180000,0
Đức Phát,11,15-10-2025,15:00:00,120,Văn phòng,Văn phòng,180000,0
Đức Phát,11,15-10-2025,08:00:00,120,Văn phòng,Văn phòng,180000,0
Đức Phát,11,15-10-2025,12:00:00,150,Văn phòng,Văn phòng,200000,0
Đức Phát,11,15-10-2025,10:00:00,150,Văn phòng,Văn phòng,200000,0
Đức Phát,11,15-10-2025,19:00:00,150,Văn phòng,Văn phòng,200000,0
Đức Phát,11,15-10-2025,19:00:00,120,Văn phòng,Văn phòng,180000,0
Đức Phát,11,15-10-2025,20:00:00,150,Văn phòng,Văn phòng,200000,0
Đức Phát,11,15-10-2025,17:00:00,120,Văn phòng,Văn phòng,180000,0
Đức Phát,11,15-10-2025,13:00:00,150,Văn phòng,Văn phòng,200000,0
Đức Phát,11,15-10-2025,16:00:00,120,Văn phòng,Văn phòng,180000,0
Đức Phát,11,15-10-2025,18:00:00,120,Văn phòng,Văn phòng,180000,0
Đức Phát,11,15-10-2025,11:00:00,120,Văn phòng,Văn phòng,180000,0
Đức Phát,11,15-10-2025,11:00:00,150,Văn phòng,Văn phòng,200000,0
Đức Phát,11,15-10-2025,14:00:00,150,Văn phòng,Văn phòng,200000,0
Vân Anh Limousine,24,15-10-2025,14:30:00,210,Bến xe,Văn phòng,230000,0
Vân Anh Limousine,24,15-10-2025,16:30:00,180,Bến xe,Văn phòng,230000,0
Vân Anh Limousine,24,15-10-2025,15:30:00,180,Bến xe,Văn phòng,230000,0
Vân Anh Limousine,24,15-10-2025,19:30:00,180,Bến xe,Văn phòng,230000,0
Vân Anh Limousine,24,15-10-2025,18:30:00,180,Bến xe,Văn phòng,230000,0
Vân Anh Limousine,24,15-10-2025,17:30:00,180,Bến xe,Văn phòng,230000,0
Vân Anh Limousine,24,15-10-2025,17:30:00,210,Bến xe,Văn phòng,230000,0
Vân Anh Limousine,24,15-10-2025,12:30:00,180,Bến xe,Văn phòng,230000,0
Vân Anh Limousine,24,15-10-2025,20:30:00,210,Bến xe,Văn phòng,230000,0
Vân Anh Limousine,24,15-10-2025,20:30:00,180,Bến xe,Văn phòng,230000,0
Vân Anh Limousine,24,15-10-2025,21:00:00,180,Bến xe,Bến xe,230000,0
Vân Anh Limousine,24,15-10-2025,18:30:00,210,Bến xe,Văn phòng,230000,0
Vân Anh Limousine,24,15-10-2025,15:30:00,210,Bến xe,Văn phòng,230000,0
FUTA HÀ SƠN,34,15-10-2025,08:30:00,120,Bến xe,Other,200000,0
FUTA HÀ SƠN,34,15-10-2025,12:40:00,120,Bến xe,Other,200000,0
FUTA HÀ SƠN,34,15-10-2025,19:30:00,120,Bến xe,Other,200000,0
FUTA HÀ SƠN,34,15-10-2025,17:20:00,150,Bến xe,Other,300000,0
FUTA HÀ SƠN,34,15-10-2025,10:30:00,120,Bến xe,Other,200000,0
FUTA HÀ SƠN,24,15-10-2025,23:40:00,120,Bến xe,Other,390000,0
FUTA HÀ SƠN,34,15-10-2025,22:20:00,120,Bến xe,Other,200000,0
FUTA HÀ SƠN,24,15-10-2025,19:30:00,150,Bến xe,Other,500000,0
FUTA HÀ SƠN,24,15-10-2025,14:20:00,120,Bến xe,Other,390000,0
Thành Trung Limousine,11,15-10-2025,11:00:00,150,Văn phòng,Văn phòng,280000,260000
Thành Trung Limousine,11,15-10-2025,12:00:00,150,Văn phòng,Văn phòng,280000,260000
Thành Trung Limousine,11,15-10-2025,10:00:00,150,Văn phòng,Văn phòng,280000,260000
Thành Trung Limousine,11,15-10-2025,17:00:00,150,Văn phòng,Văn phòng,280000,260000
Thành Trung Limousine,11,15-10-2025,09:00:00,150,Văn phòng,Văn phòng,280000,260000
Thành Trung Limousine,9,15-10-2025,07:00:00,150,Văn phòng,Văn phòng,280000,260000
Thành Trung Limousine,11,15-10-2025,14:00:00,150,Văn phòng,Văn phòng,280000,260000
Thành Trung Limousine,11,15-10-2025,15:00:00,150,Văn phòng,Văn phòng,280000,260000
Thành Trung Limousine,11,15-10-2025,13:00:00,150,Văn phòng,Văn phòng,280000,260000
Thành Trung Limousine,11,15-10-2025,18:00:00,150,Văn phòng,Văn phòng,280000,260000
Nam Quỳnh Anh,22,15-10-2025,22:30:00,180,Bến xe,Other,350000,0
Thành Trung Limousine,11,15-10-2025,19:00:00,150,Văn phòng,Văn phòng,280000,260000
Thành Trung Limousine,11,15-10-2025,20:00:00,150,Văn phòng,Văn phòng,280000,260000
Thành Trung Limousine,11,15-10-2025,22:00:00,150,Văn phòng,Văn phòng,280000,260000
Thành Trung Limousine,11,15-10-2025,23:00:00,150,Văn phòng,Văn phòng,280000,260000
Thành Trung Limousine,11,15-10-2025,16:00:00,150,Văn phòng,Văn phòng,280000,260000
Nam Quỳnh Anh,22,15-10-2025,20:45:00,285,Other,Other,370000,0
Nam Quỳnh Anh,22,15-10-2025,20:15:00,315,Other,Other,370000,0
Nam Quỳnh Anh,22,15-10-2025,21:00:00,270,Other,Other,350000,0
Phú Quý,22,15-10-2025,14:10:00,180,Bến xe,Other,400000,0
Phú Quý,32,15-10-2025,09:50:00,180,Bến xe,Other,300000,0
Vân Anh Limousine,24,15-10-2025,05:00:00,180,Bến xe,Bến xe,230000,0
Vân Anh Limousine,24,15-10-2025,06:30:00,210,Bến xe,Văn phòng,230000,0
Vân Anh Limousine,24,15-10-2025,07:00:00,180,Bến xe,Bến xe,230000,200000
Vĩnh Quang,10,15-10-2025,09:30:00,205,Văn phòng,Văn phòng,170000,0
Vĩnh Quang,10,15-10-2025,17:30:00,205,Văn phòng,Văn phòng,170000,0
Vĩnh Quang,10,15-10-2025,11:30:00,205,Văn phòng,Văn phòng,170000,0
Vân Anh Limousine,24,15-10-2025,08:00:00,180,Bến xe,Bến xe,230000,0
Vân Anh Limousine,24,15-10-2025,06:00:00,180,Bến xe,Bến xe,230000,0
Vân Anh Limousine,24,15-10-2025,09:00:00,180,Bến xe,Bến xe,230000,200000
Vân Anh Limousine,24,15-10-2025,04:30:00,180,Bến xe,Bến xe,230000,0
Vân Anh Limousine,24,15-10-2025,05:00:00,180,Bến xe,Bến xe,230000,200000
Vân Anh Limousine,24,15-10-2025,04:00:00,210,Bến xe,Văn phòng,230000,0
Vân Anh Limousine,24,15-10-2025,04:00:00,180,Bến xe,Văn phòng,230000,0
Vân Anh Limousine,24,15-10-2025,08:00:00,180,Bến xe,Bến xe,230000,200000
Vân Anh Limousine,24,15-10-2025,09:30:00,210,Bến xe,Văn phòng,230000,0
Vân Anh Limousine,24,15-10-2025,04:30:00,180,Bến xe,Văn phòng,230000,0
Vân Anh Limousine,24,15-10-2025,07:30:00,210,Bến xe,Văn phòng,230000,0
Vân Anh Limousine,24,15-10-2025,07:00:00,180,Bến xe,Bến xe,230000,0
Vân Anh Limousine,24,15-10-2025,09:00:00,180,Bến xe,Bến xe,230000,0
Vân Anh Limousine,24,15-10-2025,10:00:00,180,Bến xe,Bến xe,230000,200000
Vân Anh Limousine,24,15-10-2025,10:30:00,210,Bến xe,Văn phòng,230000,0
Vân Anh Limousine,24,15-10-2025,05:30:00,210,Bến xe,Văn phòng,230000,0
Vĩnh Quang,10,15-10-2025,15:30:00,205,Văn phòng,Văn phòng,170000,0
Vĩnh Quang,10,15-10-2025,05:30:00,205,Văn phòng,Văn phòng,170000,0
Vĩnh Quang,10,15-10-2025,13:30:00,205,Văn phòng,Văn phòng,170000,0
Vân Anh Limousine,24,15-10-2025,10:00:00,180,Bến xe,Bến xe,230000,0
Vĩnh Quang,10,15-10-2025,19:30:00,205,Văn phòng,Văn phòng,170000,0
Vân Anh Limousine,24,15-10-2025,06:00:00,180,Bến xe,Bến xe,230000,200000
Vân Anh Limousine,24,15-10-2025,04:30:00,210,Bến xe,Văn phòng,230000,0
Vân Anh Limousine,24,15-10-2025,05:30:00,180,Bến xe,Văn phòng,230000,0
Vân Anh Limousine,24,15-10-2025,07:30:00,180,Bến xe,Văn phòng,230000,0
Vân Anh Limousine,24,15-10-2025,08:30:00,210,Bến xe,Văn phòng,230000,0
Vân Anh Limousine,24,15-10-2025,09:30:00,180,Bến xe,Văn phòng,230000,0
Vân Anh Limousine,24,15-10-2025,10:30:00,180,Bến xe,Văn phòng,230000,0
Vân Anh Limousine,24,15-10-2025,06:30:00,180,Bến xe,Văn phòng,230000,0
Vân Anh Limousine,24,15-10-2025,08:30:00,180,Bến xe,Văn phòng,230000,0
Nam Quỳnh Anh,24,15-10-2025,16:50:00,195,Bến xe,Other,350000,0
Nam Quỳnh Anh,22,15-10-2025,23:55:00,195,Bến xe,Other,350000,0
Nam Quỳnh Anh,22,15-10-2025,15:20:00,195,Bến xe,Other,350000,0
Nam Quỳnh Anh,22,15-10-2025,23:30:00,195,Bến xe,Other,350000,0
Nam Quỳnh Anh,20,15-10-2025,12:05:00,195,Bến xe,Other,350000,0
Duy Khánh Limousine,24,15-10-2025,16:45:00,315,Văn phòng,Văn phòng,350000,0
Vĩnh Quang,10,15-10-2025,07:30:00,205,Văn phòng,Văn phòng,170000,0
Pu Luong Excursions,9,15-10-2025,06:40:00,300,Other,Other,350000,0
Nam Quỳnh Anh,22,15-10-2025,00:30:00,120,Bến xe,Other,350000,0
Thành Trung Limousine,11,15-10-2025,10:15:00,195,Other,Văn phòng,530000,510000
Thành Trung Limousine,11,15-10-2025,11:15:00,195,Other,Văn phòng,530000,510000
Thành Trung Limousine,11,15-10-2025,12:15:00,195,Other,Văn phòng,530000,510000
Thành Trung Limousine,11,15-10-2025,10:15:00,165,Other,Văn phòng,480000,460000
Thành Trung Limousine,11,15-10-2025,18:15:00,195,Other,Văn phòng,530000,510000
Thành Trung Limousine,11,15-10-2025,08:15:00,165,Other,Văn phòng,480000,460000
Thành Trung Limousine,11,15-10-2025,08:15:00,195,Other,Văn phòng,530000,510000
Thành Trung Limousine,11,15-10-2025,17:15:00,165,Other,Văn phòng,480000,460000
Thành Trung Limousine,11,15-10-2025,12:15:00,165,Other,Văn phòng,480000,460000
Thành Trung Limousine,11,15-10-2025,17:15:00,195,Other,Văn phòng,530000,510000
Thành Trung Limousine,11,15-10-2025,14:15:00,165,Other,Văn phòng,480000,460000
Thành Trung Limousine,11,15-10-2025,15:15:00,165,Other,Văn phòng,480000,460000
Thành Trung Limousine,11,15-10-2025,16:15:00,165,Other,Văn phòng,480000,460000
Thành Trung Limousine,11,15-10-2025,16:15:00,195,Other,Văn phòng,530000,510000
Thành Trung Limousine,11,15-10-2025,11:15:00,165,Other,Văn phòng,480000,460000
Thành Trung Limousine,11,15-10-2025,13:15:00,165,Other,Văn phòng,480000,460000
Thành Trung Limousine,11,15-10-2025,15:15:00,195,Other,Văn phòng,530000,510000
Thành Trung Limousine,11,15-10-2025,18:15:00,165,Other,Văn phòng,480000,460000
Thành Trung Limousine,11,15-10-2025,14:15:00,195,Other,Văn phòng,530000,510000
Thành Trung Limousine,11,15-10-2025,13:15:00,195,Other,Văn phòng,530000,510000
Thành Trung Limousine,11,15-10-2025,19:15:00,165,Other,Văn phòng,480000,460000
Thành Trung Limousine,11,15-10-2025,19:15:00,195,Other,Văn phòng,530000,510000
Thành Trung Limousine,11,15-10-2025,09:15:00,165,Other,Văn phòng,480000,460000
Thành Trung Limousine,11,15-10-2025,09:15:00,195,Other,Văn phòng,530000,510000
Thành Trung Limousine,11,15-10-2025,22:15:00,165,Other,Văn phòng,480000,460000
Thành Trung Limousine,11,15-10-2025,22:15:00,195,Other,Văn phòng,530000,510000
Thành Trung Limousine,11,15-10-2025,21:15:00,195,Other,Văn phòng,530000,510000
Thành Trung Limousine,9,15-10-2025,06:15:00,165,Other,Văn phòng,480000,460000
Thành Trung Limousine,11,15-10-2025,21:15:00,165,Other,Văn phòng,480000,460000
Thành Trung Limousine,9,15-10-2025,06:15:00,195,Other,Văn phòng,530000,510000
Nam Quỳnh Anh,32,15-10-2025,19:15:00,120,Bến xe,Other,300000,0
Nam Quỳnh Anh,32,15-10-2025,18:00:00,195,Other,Other,300000,0
Thành Trung Limousine,11,15-10-2025,05:00:00,120,Văn phòng,Văn phòng,230000,210000
Thành Trung Limousine,11,15-10-2025,06:00:00,120,Văn phòng,Văn phòng,230000,210000
Thành Trung Limousine,11,15-10-2025,08:00:00,120,Văn phòng,Văn phòng,230000,210000
Thành Trung Travel,24,15-10-2025,19:30:00,195,Văn phòng,Văn phòng,250000,225000
Thành Trung Travel,24,15-10-2025,20:30:00,195,Văn phòng,Văn phòng,250000,225000
Thành Trung Travel,24,15-10-2025,16:00:00,195,Văn phòng,Văn phòng,250000,225000
Thành Trung Limousine,11,15-10-2025,05:00:00,150,Văn phòng,Văn phòng,280000,260000
Thành Trung Limousine,11,15-10-2025,08:00:00,150,Văn phòng,Văn phòng,280000,260000
Thành Trung Limousine,11,15-10-2025,06:00:00,150,Văn phòng,Văn phòng,280000,260000
Thành Trung Limousine,11,15-10-2025,05:15:00,195,Other,Văn phòng,530000,510000
Thành Trung Limousine,11,15-10-2025,05:15:00,165,Other,Văn phòng,480000,460000
Thành Trung Limousine,11,15-10-2025,07:15:00,165,Other,Văn phòng,480000,460000
Thành Trung Limousine,11,15-10-2025,04:15:00,165,Other,Văn phòng,480000,460000
Thành Trung Limousine,11,15-10-2025,04:15:00,195,Other,Văn phòng,530000,510000
Thành Trung Limousine,11,15-10-2025,07:15:00,195,Other,Văn phòng,530000,510000
Đà Lạt ơi,24,11-10-2025,23:30:00,420,Other,Other,450000000,320000000
Bình Minh Tải,22,11-10-2025,22:30:00,425,Văn phòng,Văn phòng,350000000,300000000
Huỳnh Gia,38,11-10-2025,22:30:00,390,Văn phòng,Văn phòng,280000000,250000000
An Anh Limousine,34,11-10-2025,23:30:00,390,Văn phòng,Văn phòng,299000000,199000000
Khanh Phong,20,11-10-2025,05:15:00,370,Văn phòng,Văn phòng,480000000,400000000
Nhật Dương - Bình Minh Bus,22,11-10-2025,23:30:00,396,Văn phòng,Văn phòng,349000000,304000000
Bus365,24,11-10-2025,22:00:00,360,Bến xe,Văn phòng,400000000,289000000
Nam Hải Limousine,34,11-10-2025,22:20:00,480,Văn phòng,Văn phòng,300000000,270000000
Trọng Thủy Limousine,24,11-10-2025,21:00:00,420,Other,Văn phòng,470000000,420000000
Trà Lan Viên,30,11-10-2025,22:15:00,440,Văn phòng,Văn phòng,280000000,260000000
Đà Lạt ơi,24,11-10-2025,23:45:00,345,Other,Other,450000000,320000000
Huỳnh Gia,34,11-10-2025,11:00:00,390,Văn phòng,Văn phòng,280000000,238000000
Bình Minh Tải,22,11-10-2025,23:15:00,425,Văn phòng,Văn phòng,395000000,289000000
An Anh Limousine,24,11-10-2025,05:00:00,390,Văn phòng,Văn phòng,449000000,299000000
Nhật Dương - Bình Minh Bus,22,11-10-2025,22:35:00,470,Văn phòng,Văn phòng,349000000,304000000
Khanh Phong,32,11-10-2025,23:20:00,370,Văn phòng,Văn phòng,320000000,300000000
Nam Hải Limousine,22,11-10-2025,10:15:00,480,Văn phòng,Văn phòng,420000000,370000000
Bus365,24,11-10-2025,13:00:00,360,Bến xe,Văn phòng,400000000,289000000
Trà Lan Viên,21,11-10-2025,23:00:00,440,Văn phòng,Văn phòng,450000000,400000000
Phương Nam,40,11-10-2025,22:00:00,532,Văn phòng,Văn phòng,240000000,240000000
Hạnh Cafe - Hà Phương Limousine,34,11-10-2025,22:15:00,510,Văn phòng,Văn phòng,300000000,280000000
Xe Nhà,40,11-10-2025,22:15:00,435,Văn phòng,Văn phòng,280000000,240000000
Liên Hưng,21,11-10-2025,22:15:00,525,Bến xe,Văn phòng,500000000,300000000
Cúc Tùng,32,11-10-2025,05:30:00,590,Văn phòng,Văn phòng,362000000,300000000
Quang Hạnh,22,11-10-2025,19:30:00,565,Bến xe,Bến xe,480000000,350000000
Phúc An Express,22,11-10-2025,22:15:00,450,Văn phòng,Văn phòng,470000000,470000000
Hà Linh,22,11-10-2025,18:00:00,570,Bến xe,Văn phòng,300000000,290000000
Việt Nhật,34,11-10-2025,22:30:00,500,Văn phòng,Văn phòng,280000000,280000000
Quang Dũng VIP Limousine,32,11-10-2025,05:30:00,545,Bến xe,Văn phòng,550000000,550000000
Long Vân Limousine,22,11-10-2025,13:00:00,420,Văn phòng,Văn phòng,350000000,315000000
Tài Phát Limousine,24,11-10-2025,20:00:00,445,Bến xe,Other,520000000,450000000
Như Ý 78,24,11-10-2025,18:00:00,525,Bến xe,Other,290000000,290000000
Rạng Đông Buslines,34,11-10-2025,15:01:00,465,Bến xe,Other,500000000,400000000
Tuấn Tú Express,46,11-10-2025,14:30:00,420,Other,Other,450000000,290000000
Hiếu Vinh,40,11-10-2025,17:01:00,660,Bến xe,Văn phòng,200000000,200000000
Tín Phát Limousine,24,11-10-2025,17:45:00,450,Văn phòng,Other,450000000,405000000
Mười Phương Express,34,11-10-2025,15:00:00,405,Bến xe,Other,300000000,270000000
Hưng Thịnh,24,11-10-2025,18:00:00,540,Other,Other,550000000,450000000
Hoàng Khang,34,11-10-2025,16:00:00,450,Văn phòng,Other,330000000,295000000
Hưng Thành,24,11-10-2025,16:40:00,440,Bến xe,Other,500000000,350000000
Đà Lạt ơi,24,11-10-2025,23:45:00,405,Other,Other,450000000,320000000
Đà Lạt ơi,24,11-10-2025,23:49:00,401,Other,Other,450000000,320000000
Đà Lạt ơi,24,11-10-2025,23:30:00,360,Other,Other,450000000,320000000
Huỳnh Gia,34,11-10-2025,11:45:00,390,Văn phòng,Văn phòng,280000000,238000000
Huỳnh Gia,34,11-10-2025,20:00:00,480,Bến xe,Văn phòng,280000000,238000000
Huỳnh Gia,34,11-10-2025,23:00:00,390,Văn phòng,Văn phòng,280000000,238000000
Bình Minh Tải,22,11-10-2025,23:00:00,425,Văn phòng,Văn phòng,395000000,289000000
Bình Minh Tải,32,11-10-2025,12:30:00,425,Văn phòng,Văn phòng,320000000,250000000
Bình Minh Tải,32,11-10-2025,13:30:00,365,Bến xe,Văn phòng,320000000,250000000
Khanh Phong,20,11-10-2025,22:10:00,370,Văn phòng,Văn phòng,480000000,450000000
An Anh Limousine,24,11-10-2025,23:00:00,390,Văn phòng,Văn phòng,449000000,349000000
Khanh Phong,32,11-10-2025,17:30:00,370,Văn phòng,Văn phòng,320000000,300000000
Khanh Phong,32,11-10-2025,13:05:00,370,Văn phòng,Văn phòng,320000000,300000000
Nhật Dương - Bình Minh Bus,21,11-10-2025,23:00:00,470,Văn phòng,Văn phòng,349000000,304000000
Nhật Dương - Bình Minh Bus,21,11-10-2025,05:00:00,470,Văn phòng,Văn phòng,349000000,304000000
Nhật Dương - Bình Minh Bus,21,11-10-2025,12:30:00,470,Văn phòng,Văn phòng,349000000,304000000
An Anh Limousine,34,11-10-2025,08:00:00,390,Other,Văn phòng,299000000,199000000
An Anh Limousine,34,11-10-2025,22:45:00,390,Văn phòng,Văn phòng,299000000,199000000
Bus365,24,11-10-2025,22:30:00,360,Bến xe,Văn phòng,400000000,289000000
Bus365,24,11-10-2025,12:30:00,360,Bến xe,Văn phòng,400000000,289000000
Phương Nam,32,11-10-2025,22:05:00,532,Văn phòng,Văn phòng,280000000,280000000
Phương Nam,40,11-10-2025,19:30:00,532,Văn phòng,Văn phòng,240000000,240000000
Trà Lan Viên,21,11-10-2025,22:30:00,440,Văn phòng,Văn phòng,450000000,400000000
Xe Nhà,40,11-10-2025,21:00:00,510,Bến xe,Văn phòng,280000000,240000000
Hạnh Cafe - Hà Phương Limousine,36,11-10-2025,19:30:00,510,Văn phòng,Văn phòng,260000000,240000000
Trọng Thủy Limousine,24,11-10-2025,20:30:00,450,Bến xe,Văn phòng,470000000,420000000
Hạnh Cafe - Hà Phương Limousine,34,11-10-2025,11:00:00,510,Văn phòng,Văn phòng,300000000,280000000
Hạnh Cafe - Hà Phương Limousine,41,11-10-2025,07:45:00,705,Văn phòng,Văn phòng,260000000,240000000
Xe Nhà,20,11-10-2025,22:25:00,435,Văn phòng,Văn phòng,350000000,310000000
Liên Hưng,21,11-10-2025,20:30:00,600,Bến xe,Văn phòng,490000000,350000000
Trọng Thủy Limousine,24,11-10-2025,18:20:00,400,Other,Văn phòng,470000000,420000000
Nam Hải Limousine,34,11-10-2025,08:00:00,480,Văn phòng,Văn phòng,300000000,300000000
Phương Nam,22,11-10-2025,22:15:00,532,Văn phòng,Văn phòng,440000000,440000000
Liên Hưng,32,11-10-2025,21:30:00,480,Văn phòng,Văn phòng,330000000,280000000
Liên Hưng,21,11-10-2025,10:30:00,495,Bến xe,Văn phòng,490000000,300000000
Cúc Tùng,21,11-10-2025,20:00:00,620,Bến xe,Văn phòng,340000000,299000000
Trọng Thủy Limousine,24,11-10-2025,18:30:00,435,Other,Văn phòng,470000000,420000000
Cúc Tùng,21,11-10-2025,09:00:00,590,Văn phòng,Văn phòng,340000000,299000000
Cúc Tùng,21,11-10-2025,14:00:00,590,Văn phòng,Văn phòng,340000000,299000000
Phúc An Express,32,11-10-2025,20:00:00,420,Văn phòng,Văn phòng,300000000,300000000
Huỳnh Gia,34,11-10-2025,19:00:00,540,Văn phòng,Văn phòng,280000000,238000000
Đà Lạt ơi,24,11-10-2025,23:49:00,341,Other,Other,450000000,320000000
Huỳnh Gia,21,11-10-2025,22:10:00,420,Văn phòng,Văn phòng,480000000,408000000
Huỳnh Gia,21,11-10-2025,09:00:00,420,Văn phòng,Văn phòng,480000000,408000000
Huỳnh Gia,21,11-10-2025,12:30:00,420,Văn phòng,Văn phòng,480000000,408000000
Bình Minh Tải,32,11-10-2025,13:15:00,365,Bến xe,Văn phòng,320000000,250000000
Huỳnh Gia,21,11-10-2025,10:00:00,420,Văn phòng,Văn phòng,480000000,408000000
Khanh Phong,32,11-10-2025,20:00:00,370,Văn phòng,Văn phòng,320000000,300000000
Khanh Phong,20,11-10-2025,10:00:00,370,Văn phòng,Văn phòng,480000000,450000000
Khanh Phong,32,11-10-2025,22:20:00,370,Văn phòng,Văn phòng,320000000,300000000
Khanh Phong,20,11-10-2025,12:10:00,370,Văn phòng,Văn phòng,480000000,450000000
Huỳnh Gia,21,11-10-2025,15:00:00,420,Văn phòng,Văn phòng,480000000,456000000
Khanh Phong,20,11-10-2025,23:40:00,370,Văn phòng,Văn phòng,480000000,450000000
Đà Lạt ơi,24,11-10-2025,23:00:00,450,Other,Other,450000000,320000000
Huỳnh Gia,34,11-10-2025,22:20:00,420,Văn phòng,Văn phòng,300000000,300000000
Khanh Phong,32,11-10-2025,12:05:00,370,Văn phòng,Văn phòng,320000000,300000000
Huỳnh Gia,34,11-10-2025,22:45:00,390,Văn phòng,Văn phòng,280000000,238000000
Khanh Phong,32,11-10-2025,23:35:00,370,Văn phòng,Văn phòng,320000000,300000000
Khanh Phong,32,11-10-2025,23:01:00,370,Văn phòng,Văn phòng,320000000,300000000
Khanh Phong,32,11-10-2025,10:30:00,370,Văn phòng,Văn phòng,320000000,300000000
Khanh Phong,20,11-10-2025,09:00:00,370,Văn phòng,Văn phòng,480000000,450000000
Khanh Phong,38,11-10-2025,22:30:00,370,Văn phòng,Văn phòng,270000000,270000000
Bình Minh Tải,32,11-10-2025,12:15:00,425,Văn phòng,Văn phòng,320000000,250000000
Khanh Phong,32,11-10-2025,14:25:00,370,Văn phòng,Văn phòng,320000000,300000000
Khanh Phong,20,11-10-2025,13:10:00,370,Văn phòng,Văn phòng,480000000,450000000
Khanh Phong,32,11-10-2025,11:15:00,370,Văn phòng,Văn phòng,320000000,300000000
Khanh Phong,32,11-10-2025,14:25:00,355,Văn phòng,Other,320000000,300000000
Khanh Phong,32,11-10-2025,10:30:00,355,Văn phòng,Other,320000000,300000000
Khanh Phong,32,11-10-2025,17:30:00,355,Văn phòng,Other,320000000,300000000
An Anh Limousine,24,11-10-2025,22:30:00,390,Văn phòng,Văn phòng,449000000,349000000
An Anh Limousine,24,11-10-2025,12:00:00,390,Other,Văn phòng,449000000,299000000
Huỳnh Gia,21,11-10-2025,20:30:00,420,Văn phòng,Văn phòng,480000000,450000000
Khanh Phong,20,11-10-2025,05:15:00,355,Văn phòng,Other,480000000,400000000
Khanh Phong,20,11-10-2025,20:05:00,370,Văn phòng,Văn phòng,480000000,450000000
Khanh Phong,32,11-10-2025,22:20:00,355,Văn phòng,Other,320000000,300000000
Nhật Dương - Bình Minh Bus,22,11-10-2025,23:10:00,396,Văn phòng,Văn phòng,349000000,304000000
Khanh Phong,20,11-10-2025,14:30:00,355,Văn phòng,Other,480000000,450000000
Khanh Phong,32,11-10-2025,13:05:00,355,Văn phòng,Other,320000000,300000000
Khanh Phong,20,11-10-2025,09:00:00,355,Văn phòng,Other,480000000,450000000
Khanh Phong,20,11-10-2025,21:05:00,370,Văn phòng,Văn phòng,480000000,450000000
Khanh Phong,32,11-10-2025,23:35:00,355,Văn phòng,Other,320000000,300000000
Khanh Phong,32,11-10-2025,11:15:00,355,Văn phòng,Other,320000000,300000000
Nhật Dương - Bình Minh Bus,21,11-10-2025,13:30:00,410,Bến xe,Văn phòng,349000000,304000000
Khanh Phong,20,11-10-2025,10:00:00,355,Văn phòng,Other,480000000,450000000
Huỳnh Gia,21,11-10-2025,23:00:00,420,Văn phòng,Văn phòng,480000000,456000000
Khanh Phong,32,11-10-2025,12:05:00,355,Văn phòng,Other,320000000,300000000
Khanh Phong,20,11-10-2025,22:40:00,370,Văn phòng,Văn phòng,480000000,450000000
Khanh Phong,20,11-10-2025,16:50:00,370,Văn phòng,Văn phòng,480000000,450000000
Khanh Phong,20,11-10-2025,22:10:00,355,Văn phòng,Other,480000000,450000000
Nhật Dương - Bình Minh Bus,21,11-10-2025,23:15:00,470,Văn phòng,Văn phòng,349000000,304000000
Khanh Phong,20,11-10-2025,15:15:00,370,Văn phòng,Văn phòng,480000000,450000000
Khanh Phong,20,11-10-2025,23:25:00,370,Văn phòng,Văn phòng,480000000,450000000
Khanh Phong,20,11-10-2025,23:05:00,370,Văn phòng,Văn phòng,480000000,450000000
Khanh Phong,32,11-10-2025,23:01:00,355,Văn phòng,Other,320000000,300000000
Khanh Phong,20,11-10-2025,23:40:00,355,Văn phòng,Other,480000000,450000000
Khanh Phong,20,11-10-2025,13:10:00,355,Văn phòng,Other,480000000,450000000
Khanh Phong,20,11-10-2025,23:10:00,370,Văn phòng,Văn phòng,480000000,450000000
Khanh Phong,20,11-10-2025,23:25:00,355,Văn phòng,Other,480000000,450000000
Khanh Phong,20,11-10-2025,21:05:00,355,Văn phòng,Other,480000000,450000000
Khanh Phong,20,11-10-2025,14:30:00,370,Văn phòng,Văn phòng,480000000,450000000
Khanh Phong,32,11-10-2025,23:20:00,355,Văn phòng,Other,320000000,300000000
Huỳnh Gia,21,11-10-2025,22:30:00,420,Văn phòng,Văn phòng,480000000,456000000
Khanh Phong,38,11-10-2025,22:30:00,355,Văn phòng,Other,270000000,270000000
Khanh Phong,20,11-10-2025,23:05:00,355,Văn phòng,Other,480000000,450000000
Liên Hưng,21,11-10-2025,08:15:00,495,Bến xe,Văn phòng,490000000,300000000
Liên Hưng,32,11-10-2025,19:30:00,600,Bến xe,Văn phòng,330000000,280000000
Liên Hưng,21,11-10-2025,07:30:00,540,Văn phòng,Văn phòng,490000000,300000000
Liên Hưng,21,11-10-2025,21:00:00,570,Văn phòng,Văn phòng,500000000,300000000
Liên Hưng,21,11-10-2025,08:00:00,510,Văn phòng,Văn phòng,490000000,300000000
Khanh Phong,20,11-10-2025,23:10:00,355,Văn phòng,Other,480000000,450000000
Liên Hưng,32,11-10-2025,22:00:00,450,Other,Văn phòng,330000000,280000000
Liên Hưng,32,11-10-2025,22:30:00,420,Bến xe,Văn phòng,330000000,280000000
Liên Hưng,21,11-10-2025,06:30:00,600,Bến xe,Văn phòng,490000000,300000000
Cúc Tùng,21,11-10-2025,20:30:00,590,Văn phòng,Văn phòng,340000000,299000000
Cúc Tùng,21,11-10-2025,20:00:00,560,Bến xe,Văn phòng,531000000,299000000
Cúc Tùng,21,11-10-2025,21:00:00,590,Văn phòng,Văn phòng,340000000,299000000
Liên Hưng,32,11-10-2025,07:30:00,630,Văn phòng,Văn phòng,330000000,250000000
Cúc Tùng,21,11-10-2025,11:00:00,590,Văn phòng,Văn phòng,340000000,299000000
Cúc Tùng,21,11-10-2025,12:00:00,590,Văn phòng,Văn phòng,340000000,299000000
Liên Hưng,21,11-10-2025,21:45:00,525,Bến xe,Văn phòng,500000000,300000000
Cúc Tùng,32,11-10-2025,06:00:00,590,Văn phòng,Văn phòng,362000000,300000000
Liên Hưng,21,11-10-2025,21:30:00,570,Văn phòng,Văn phòng,500000000,300000000
Liên Hưng,21,11-10-2025,10:15:00,510,Văn phòng,Văn phòng,490000000,300000000
Cúc Tùng,21,11-10-2025,14:30:00,560,Bến xe,Văn phòng,340000000,299000000
Xe Nhà,20,11-10-2025,21:10:00,510,Bến xe,Văn phòng,350000000,310000000
Cúc Tùng,21,11-10-2025,12:30:00,560,Bến xe,Văn phòng,340000000,299000000
Cúc Tùng,21,11-10-2025,10:15:00,635,Văn phòng,Văn phòng,340000000,299000000
Quang Hạnh,22,11-10-2025,17:30:00,565,Bến xe,Bến xe,480000000,350000000
Cúc Tùng,21,11-10-2025,09:30:00,540,Bến xe,Bến xe,571000000,299000000
Hà Linh,22,11-10-2025,20:15:00,540,Other,Văn phòng,400000000,379000000
Liên Hưng,32,11-10-2025,13:00:00,600,Bến xe,Văn phòng,330000000,250000000
Hà Linh,24,11-10-2025,18:15:00,540,Other,Văn phòng,680000000,399000000
Cúc Tùng,21,11-10-2025,21:00:00,560,Bến xe,Văn phòng,340000000,299000000
Cúc Tùng,21,11-10-2025,19:30:00,590,Văn phòng,Văn phòng,531000000,299000000
Cúc Tùng,21,11-10-2025,22:30:00,560,Bến xe,Văn phòng,541000000,299000000
Trọng Thủy Limousine,24,11-10-2025,20:00:00,420,Other,Văn phòng,470000000,420000000
Trọng Thủy Limousine,24,11-10-2025,18:45:00,420,Other,Văn phòng,470000000,420000000
Trọng Thủy Limousine,24,11-10-2025,18:45:00,375,Other,Văn phòng,470000000,420000000
Cúc Tùng,21,11-10-2025,11:30:00,560,Bến xe,Văn phòng,340000000,299000000
Trọng Thủy Limousine,24,11-10-2025,19:15:00,390,Other,Văn phòng,470000000,420000000
Trọng Thủy Limousine,24,11-10-2025,19:45:00,435,Other,Văn phòng,470000000,420000000
Trọng Thủy Limousine,24,11-10-2025,20:15:00,420,Other,Văn phòng,470000000,420000000
Trọng Thủy Limousine,24,11-10-2025,20:45:00,390,Other,Văn phòng,470000000,420000000
Trọng Thủy Limousine,24,11-10-2025,20:00:00,435,Other,Văn phòng,470000000,420000000
Cúc Tùng,21,11-10-2025,09:30:00,560,Bến xe,Văn phòng,340000000,299000000
Trọng Thủy Limousine,24,11-10-2025,20:15:00,405,Other,Văn phòng,470000000,420000000
Khanh Phong,20,11-10-2025,23:00:00,370,Văn phòng,Văn phòng,480000000,450000000
Cúc Tùng,21,11-10-2025,07:30:00,560,Bến xe,Văn phòng,340000000,299000000
Cúc Tùng,21,11-10-2025,07:00:00,590,Văn phòng,Văn phòng,340000000,299000000
Cúc Tùng,21,11-10-2025,20:00:00,560,Bến xe,Văn phòng,340000000,299000000
Khanh Phong,20,11-10-2025,23:00:00,355,Văn phòng,Other,480000000,450000000
Liên Hưng,21,11-10-2025,09:45:00,540,Văn phòng,Văn phòng,490000000,300000000
Cúc Tùng,21,11-10-2025,08:15:00,635,Văn phòng,Văn phòng,340000000,299000000
Cúc Tùng,21,11-10-2025,21:30:00,560,Bến xe,Văn phòng,340000000,299000000
Quang Hạnh,22,11-10-2025,18:00:00,565,Bến xe,Bến xe,480000000,350000000
Cúc Tùng,21,11-10-2025,06:30:00,620,Bến xe,Văn phòng,340000000,299000000
Cúc Tùng,21,11-10-2025,19:30:00,590,Văn phòng,Văn phòng,340000000,299000000
Cúc Tùng,32,11-10-2025,19:00:00,560,Bến xe,Văn phòng,362000000,300000000
Cúc Tùng,21,11-10-2025,10:00:00,590,Văn phòng,Văn phòng,340000000,299000000
Cúc Tùng,21,11-10-2025,09:15:00,635,Văn phòng,Văn phòng,340000000,299000000
Cúc Tùng,32,11-10-2025,05:00:00,620,Bến xe,Văn phòng,362000000,300000000
Cúc Tùng,21,11-10-2025,10:30:00,620,Bến xe,Văn phòng,340000000,299000000
Cúc Tùng,21,11-10-2025,10:30:00,560,Bến xe,Văn phòng,340000000,299000000
Cúc Tùng,21,11-10-2025,09:30:00,740,Bến xe,Văn phòng,541000000,350000000
Liên Hưng,32,11-10-2025,09:00:00,630,Bến xe,Văn phòng,330000000,250000000
Hà Linh,34,11-10-2025,22:45:00,360,Other,Văn phòng,450000000,320000000
Cúc Tùng,21,11-10-2025,22:30:00,575,Bến xe,Bến xe,541000000,299000000
Cúc Tùng,21,11-10-2025,11:15:00,635,Văn phòng,Văn phòng,340000000,299000000
Liên Hưng,32,11-10-2025,11:15:00,645,Văn phòng,Văn phòng,330000000,250000000
Liên Hưng,32,11-10-2025,13:30:00,570,Văn phòng,Văn phòng,330000000,250000000
Liên Hưng,32,11-10-2025,12:30:00,630,Văn phòng,Văn phòng,330000000,250000000
Liên Hưng,32,11-10-2025,11:30:00,630,Bến xe,Văn phòng,330000000,250000000
Cúc Tùng,21,11-10-2025,10:00:00,575,Bến xe,Bến xe,541000000,299000000
Cúc Tùng,21,11-10-2025,10:00:00,560,Bến xe,Văn phòng,541000000,299000000
Liên Hưng,32,11-10-2025,08:45:00,645,Văn phòng,Văn phòng,330000000,250000000
Cúc Tùng,32,11-10-2025,06:30:00,560,Bến xe,Văn phòng,362000000,300000000
Cúc Tùng,32,11-10-2025,05:30:00,620,Bến xe,Văn phòng,362000000,300000000
Liên Hưng,32,11-10-2025,08:00:00,600,Bến xe,Văn phòng,330000000,250000000
Cúc Tùng,21,11-10-2025,08:30:00,600,Văn phòng,Bến xe,571000000,299000000
Liên Hưng,32,11-10-2025,08:30:00,570,Văn phòng,Văn phòng,330000000,250000000
Cúc Tùng,21,11-10-2025,11:30:00,620,Bến xe,Văn phòng,340000000,299000000
Cúc Tùng,32,11-10-2025,06:00:00,560,Bến xe,Văn phòng,362000000,300000000
Cúc Tùng,21,11-10-2025,11:00:00,650,Văn phòng,Văn phòng,541000000,350000000
Cúc Tùng,21,11-10-2025,12:30:00,560,Bến xe,Văn phòng,541000000,350000000
Cúc Tùng,32,11-10-2025,18:30:00,590,Văn phòng,Văn phòng,362000000,300000000
Long Vân Limousine,22,11-10-2025,22:00:00,420,Văn phòng,Văn phòng,350000000,315000000
Huỳnh Gia,34,11-10-2025,19:00:00,530,Văn phòng,Văn phòng,280000000,238000000
Long Vân Limousine,22,11-10-2025,22:00:00,420,Bến xe,Văn phòng,350000000,315000000
Long Vân Limousine,22,11-10-2025,13:00:00,420,Bến xe,Văn phòng,350000000,315000000
Khanh Phong,20,11-10-2025,20:05:00,355,Văn phòng,Other,480000000,450000000
Huỳnh Gia,34,11-10-2025,20:00:00,470,Bến xe,Văn phòng,280000000,238000000
Cúc Tùng,21,11-10-2025,19:30:00,695,Văn phòng,Bến xe,562000000,299000000
Liên Hưng,21,11-10-2025,11:00:00,465,Other,Văn phòng,490000000,300000000
Liên Hưng,32,11-10-2025,12:30:00,660,Văn phòng,Bến xe,363000000,280000000
Cúc Tùng,32,11-10-2025,20:00:00,635,Bến xe,Bến xe,388000000,300000000
Như Ý 78,34,11-10-2025,16:00:00,600,Bến xe,Other,200000000,200000000
Liên Hưng,32,11-10-2025,19:30:00,480,Văn phòng,Bến xe,378000000,300000000
Liên Hưng,21,11-10-2025,18:30:00,480,Văn phòng,Bến xe,500000000,420000000
Liên Hưng,32,11-10-2025,20:00:00,450,Bến xe,Bến xe,378000000,300000000
Liên Hưng,21,11-10-2025,19:00:00,450,Bến xe,Bến xe,500000000,420000000
Như Ý 78,24,11-10-2025,17:00:00,555,Bến xe,Other,290000000,290000000
Liên Hưng,32,11-10-2025,09:00:00,540,Other,Văn phòng,330000000,250000000
Cúc Tùng,32,11-10-2025,19:00:00,695,Văn phòng,Bến xe,388000000,300000000
Tài Phát Limousine,24,11-10-2025,17:15:00,530,Bến xe,Other,520000000,450000000
Hiếu Vinh,40,11-10-2025,17:01:00,600,Bến xe,Other,200000000,200000000
Hiếu Vinh,40,11-10-2025,16:01:00,660,Bến xe,Other,200000000,200000000
Liên Hưng,32,11-10-2025,13:30:00,570,Other,Văn phòng,330000000,250000000
Hiếu Vinh,40,11-10-2025,16:01:00,780,Bến xe,Bến xe,200000000,200000000
Liên Hưng,32,11-10-2025,08:30:00,600,Văn phòng,Bến xe,363000000,280000000
Liên Hưng,21,11-10-2025,08:45:00,465,Other,Văn phòng,490000000,300000000
Cúc Tùng,32,11-10-2025,07:00:00,635,Bến xe,Bến xe,388000000,300000000
Liên Hưng,32,11-10-2025,08:00:00,630,Bến xe,Bến xe,363000000,280000000
Cúc Tùng,21,11-10-2025,06:30:00,695,Bến xe,Bến xe,562000000,299000000
Liên Hưng,32,11-10-2025,13:00:00,630,Bến xe,Bến xe,363000000,280000000
Mười Phương Express,34,11-10-2025,13:00:00,525,Bến xe,Other,300000000,270000000
Hiếu Vinh,40,11-10-2025,16:01:00,720,Bến xe,Văn phòng,200000000,200000000
Như Ý 78,34,11-10-2025,17:00:00,540,Bến xe,Other,200000000,200000000
Liên Hưng,32,11-10-2025,09:00:00,570,Other,Bến xe,363000000,280000000
Hiếu Vinh,40,11-10-2025,16:01:00,585,Bến xe,Other,200000000,200000000
Hoàng Khang,34,11-10-2025,15:30:00,480,Văn phòng,Other,330000000,295000000
Mười Phương Express,24,11-10-2025,18:30:00,405,Bến xe,Other,400000000,360000000
Khang Vy Limousine,24,11-10-2025,18:45:00,440,Other,Bến xe,550000000,550000000
Trung Thành,24,11-10-2025,17:30:00,520,Bến xe,Bến xe,500000000,400000000
Liên Hưng,32,11-10-2025,08:30:00,600,Other,Bến xe,363000000,280000000
Tân Quang Dũng,32,11-10-2025,05:00:00,600,Bến xe,Other,400000000,400000000
Khang Vy Limousine,24,11-10-2025,19:00:00,440,Other,Bến xe,550000000,550000000
Tân Quang Dũng,22,11-10-2025,13:01:00,600,Bến xe,Other,1000000000,1000000000
Liên Hưng,32,11-10-2025,08:30:00,570,Other,Văn phòng,330000000,250000000
Như Ý 78,24,11-10-2025,18:00:00,495,Bến xe,Other,290000000,290000000
Hiếu Vinh,40,11-10-2025,17:01:00,495,Bến xe,Other,200000000,200000000
Như Ý 78,24,11-10-2025,17:00:00,585,Bến xe,Other,290000000,290000000
Mười Phương Express,34,11-10-2025,16:00:00,525,Bến xe,Other,300000000,270000000
Hiếu Vinh,40,11-10-2025,17:01:00,720,Bến xe,Bến xe,200000000,200000000
Cúc Tùng,21,11-10-2025,20:30:00,635,Bến xe,Bến xe,562000000,299000000
Mười Phương Express,24,11-10-2025,16:30:00,525,Bến xe,Other,400000000,360000000
Hiếu Vinh,40,11-10-2025,16:01:00,555,Bến xe,Other,200000000,200000000
Cúc Tùng,32,11-10-2025,04:00:00,755,Bến xe,Bến xe,388000000,300000000
Mười Phương Express,34,11-10-2025,18:00:00,405,Bến xe,Other,300000000,270000000
Hoàng Khang,34,11-10-2025,15:00:00,510,Bến xe,Other,330000000,295000000
Cúc Tùng,21,11-10-2025,06:30:00,695,Văn phòng,Bến xe,562000000,299000000
Cúc Tùng,32,11-10-2025,05:00:00,755,Bến xe,Bến xe,388000000,300000000
Cúc Tùng,32,11-10-2025,05:00:00,695,Văn phòng,Bến xe,388000000,300000000
Hiếu Vinh,40,11-10-2025,17:01:00,525,Bến xe,Other,200000000,200000000
Cúc Tùng,32,11-10-2025,05:00:00,695,Bến xe,Bến xe,388000000,300000000
Cúc Tùng,21,11-10-2025,07:30:00,635,Bến xe,Bến xe,562000000,299000000
Liên Hưng,32,11-10-2025,07:30:00,660,Văn phòng,Bến xe,363000000,280000000
Liên Hưng,32,11-10-2025,14:00:00,540,Other,Văn phòng,330000000,250000000
Liên Hưng,32,11-10-2025,13:30:00,600,Văn phòng,Bến xe,363000000,280000000
Liên Hưng,32,11-10-2025,14:00:00,570,Other,Bến xe,363000000,280000000
Liên Hưng,32,11-10-2025,09:15:00,555,Other,Bến xe,363000000,280000000
An Phú Buslines,34,11-10-2025,18:00:00,465,Bến xe,Other,380000000,380000000
Cúc Tùng,32,11-10-2025,06:00:00,635,Bến xe,Bến xe,388000000,300000000
Tân Quang Dũng,32,11-10-2025,13:30:00,600,Bến xe,Other,400000000,400000000
Liên Hưng,32,11-10-2025,14:15:00,525,Other,Văn phòng,330000000,250000000
An Phú Buslines,24,11-10-2025,19:30:00,450,Văn phòng,Other,480000000,480000000
Tân Quang Dũng,32,11-10-2025,11:00:00,600,Bến xe,Other,400000000,400000000
Liên Hưng,32,11-10-2025,13:30:00,600,Other,Bến xe,363000000,280000000
Ngọc Ánh Limousine,24,11-10-2025,18:30:00,495,Bến xe,Other,500000000,500000000
Cúc Tùng,32,11-10-2025,06:00:00,695,Văn phòng,Bến xe,388000000,300000000
Ngọc Ánh Limousine,24,11-10-2025,17:30:00,555,Bến xe,Other,500000000,500000000
Liên Hưng,32,11-10-2025,14:15:00,555,Other,Bến xe,363000000,280000000
Ngọc Ánh Limousine,24,11-10-2025,18:00:00,525,Other,Other,500000000,500000000
Mạnh Hùng,22,11-10-2025,19:01:00,420,Bến xe,Other,500000000,500000000
Mai Quyên,24,11-10-2025,21:30:00,375,Other,Other,500000000,500000000
Cúc Tùng,32,11-10-2025,06:00:00,695,Bến xe,Bến xe,388000000,300000000
Khang Vy Limousine,34,11-10-2025,16:00:00,440,Other,Bến xe,450000000,450000000
Liên Hưng,32,11-10-2025,09:15:00,525,Other,Văn phòng,330000000,250000000
Mạnh Hùng,22,11-10-2025,19:02:00,420,Bến xe,Other,770000000,770000000
Mạnh Hùng,4,11-10-2025,18:20:00,420,Bến xe,Other,310000000,310000000
Mạnh Hùng,22,11-10-2025,20:02:00,420,Bến xe,Other,770000000,770000000
Mạnh Hùng,22,11-10-2025,20:00:00,420,Bến xe,Other,500000000,500000000
Thanh Thuỷ - Quảng Ngãi,24,11-10-2025,18:00:00,535,Bến xe,Other,500000000,450000000
Huỳnh Gia,38,11-10-2025,22:30:00,385,Văn phòng,Văn phòng,280000000,250000000
Huỳnh Gia,34,11-10-2025,23:00:00,385,Văn phòng,Văn phòng,280000000,238000000
Huỳnh Gia,21,11-10-2025,20:30:00,415,Văn phòng,Văn phòng,480000000,450000000
Huỳnh Gia,21,11-10-2025,22:10:00,415,Văn phòng,Văn phòng,480000000,408000000
Huỳnh Gia,34,11-10-2025,11:00:00,385,Văn phòng,Văn phòng,280000000,238000000
Huỳnh Gia,34,11-10-2025,11:45:00,385,Văn phòng,Văn phòng,280000000,238000000
Nhật Dương - Bình Minh Bus,22,11-10-2025,23:45:00,381,Other,Văn phòng,349000000,304000000
Huỳnh Gia,21,11-10-2025,09:00:00,415,Văn phòng,Văn phòng,480000000,408000000
Huỳnh Gia,21,11-10-2025,10:00:00,415,Văn phòng,Văn phòng,480000000,408000000
Huỳnh Gia,21,11-10-2025,12:30:00,415,Văn phòng,Văn phòng,480000000,408000000
Huỳnh Gia,21,11-10-2025,15:00:00,415,Văn phòng,Văn phòng,480000000,456000000
Khanh Phong,32,11-10-2025,20:00:00,355,Văn phòng,Other,320000000,300000000
Huỳnh Gia,34,11-10-2025,22:45:00,385,Văn phòng,Văn phòng,280000000,238000000
Khanh Phong,20,11-10-2025,12:10:00,355,Văn phòng,Other,480000000,450000000
Khanh Phong,20,11-10-2025,16:50:00,355,Văn phòng,Other,480000000,450000000
Huỳnh Gia,34,11-10-2025,22:20:00,415,Văn phòng,Văn phòng,300000000,300000000
Nhật Dương - Bình Minh Bus,21,11-10-2025,05:15:00,455,Other,Văn phòng,349000000,304000000
Nhật Dương - Bình Minh Bus,22,11-10-2025,23:25:00,381,Other,Văn phòng,349000000,304000000
Nhật Dương - Bình Minh Bus,21,11-10-2025,23:30:00,455,Other,Văn phòng,349000000,304000000
Huỳnh Gia,21,11-10-2025,22:30:00,415,Văn phòng,Văn phòng,480000000,456000000
Khanh Phong,20,11-10-2025,22:40:00,355,Văn phòng,Other,480000000,450000000
Nhật Dương - Bình Minh Bus,21,11-10-2025,12:45:00,455,Other,Văn phòng,349000000,304000000
Khanh Phong,20,11-10-2025,15:15:00,355,Văn phòng,Other,480000000,450000000
Liên Hưng,34,11-10-2025,01:30:00,540,Other,Văn phòng,330000000,280000000
Phúc An Express,32,11-10-2025,20:45:00,375,Other,Văn phòng,300000000,300000000
Huỳnh Gia,21,11-10-2025,23:00:00,415,Văn phòng,Văn phòng,480000000,456000000
Nhật Dương - Bình Minh Bus,22,11-10-2025,22:50:00,455,Other,Văn phòng,349000000,304000000
Liên Hưng,21,11-10-2025,18:30:00,420,Văn phòng,Other,490000000,380000000
Phương Nam,32,11-10-2025,22:35:00,502,Other,Văn phòng,280000000,280000000
Nhật Dương - Bình Minh Bus,21,11-10-2025,23:15:00,455,Other,Văn phòng,349000000,304000000
Tài Phát Limousine,24,11-10-2025,17:00:00,545,Bến xe,Other,520000000,450000000
Liên Hưng,21,11-10-2025,22:15:00,495,Other,Văn phòng,500000000,300000000
Liên Hưng,21,11-10-2025,18:30:00,315,Văn phòng,Other,490000000,380000000
Liên Hưng,21,11-10-2025,22:45:00,495,Other,Văn phòng,500000000,300000000
Liên Hưng,21,11-10-2025,19:00:00,285,Bến xe,Other,490000000,380000000
Tài Phát Limousine,24,11-10-2025,18:12:00,473,Other,Other,520000000,450000000
Tài Phát Limousine,24,11-10-2025,19:00:00,425,Bến xe,Other,520000000,450000000
Liên Hưng,32,11-10-2025,19:30:00,420,Văn phòng,Other,330000000,280000000
Cúc Tùng,32,11-10-2025,20:00:00,545,Bến xe,Other,388000000,300000000
Liên Hưng,34,11-10-2025,19:30:00,615,Other,Văn phòng,373000000,320000000
Phương Nam,40,11-10-2025,22:30:00,502,Other,Văn phòng,240000000,240000000
Liên Hưng,21,11-10-2025,19:20:00,265,Other,Other,490000000,380000000
Liên Hưng,32,11-10-2025,19:00:00,600,Other,Văn phòng,330000000,280000000
Liên Hưng,21,11-10-2025,21:00:00,570,Other,Văn phòng,490000000,380000000
Liên Hưng,32,11-10-2025,12:00:00,600,Other,Văn phòng,330000000,250000000
Liên Hưng,32,11-10-2025,20:20:00,430,Other,Bến xe,378000000,300000000
Liên Hưng,32,11-10-2025,19:30:00,360,Văn phòng,Other,330000000,280000000
Liên Hưng,21,11-10-2025,21:00:00,540,Other,Văn phòng,490000000,380000000
Quang Hạnh,22,11-10-2025,20:15:00,520,Other,Bến xe,480000000,350000000
Liên Hưng,32,11-10-2025,19:30:00,315,Văn phòng,Other,330000000,280000000
Liên Hưng,21,11-10-2025,19:20:00,430,Other,Bến xe,500000000,420000000
Liên Hưng,34,11-10-2025,23:30:00,510,Other,Văn phòng,330000000,280000000
Tài Phát Limousine,24,11-10-2025,20:30:00,415,Other,Other,520000000,450000000
Quang Hạnh,24,11-10-2025,20:55:00,410,Other,Bến xe,430000000,420000000
Liên Hưng,21,11-10-2025,19:00:00,390,Bến xe,Other,490000000,380000000
Cúc Tùng,34,11-10-2025,20:30:00,510,Other,Văn phòng,444000000,350000000
Liên Hưng,21,11-10-2025,19:00:00,615,Other,Văn phòng,490000000,450000000
Liên Hưng,21,11-10-2025,23:15:00,465,Other,Văn phòng,500000000,300000000
Cúc Tùng,34,11-10-2025,20:00:00,555,Other,Bến xe,444000000,350000000
Quang Hạnh,22,11-10-2025,20:30:00,505,Other,Bến xe,480000000,350000000
Tài Phát Limousine,24,11-10-2025,20:30:00,415,Bến xe,Other,520000000,450000000
Liên Hưng,21,11-10-2025,22:30:00,510,Other,Văn phòng,490000000,380000000
Liên Hưng,21,11-10-2025,21:00:00,570,Other,Văn phòng,490000000,350000000
Liên Hưng,32,11-10-2025,20:00:00,285,Bến xe,Other,330000000,280000000
Phúc An Express,22,11-10-2025,22:30:00,435,Other,Văn phòng,470000000,470000000
Tuấn Tú Express,34,11-10-2025,21:00:00,420,Other,Other,550000000,320000000
Liên Hưng,34,11-10-2025,21:30:00,609,Other,Văn phòng,330000000,280000000
Phương Nam,22,11-10-2025,22:45:00,502,Other,Văn phòng,440000000,440000000
Tuấn Tú Express,34,11-10-2025,12:50:00,490,Other,Other,550000000,320000000
Cúc Tùng,21,11-10-2025,23:30:00,495,Other,Bến xe,800000000,500000000
Liên Hưng,32,11-10-2025,07:30:00,600,Other,Văn phòng,313000000,250000000
Liên Hưng,21,11-10-2025,21:30:00,540,Other,Văn phòng,490000000,380000000
Tuấn Tú Express,24,11-10-2025,13:21:00,490,Other,Other,700000000,350000000
Tuấn Tú Express,24,11-10-2025,19:51:00,490,Other,Other,700000000,350000000
Hà Linh,22,11-10-2025,18:30:00,540,Other,Văn phòng,300000000,290000000
Liên Hưng,34,11-10-2025,21:00:00,540,Other,Văn phòng,330000000,280000000
Liên Hưng,21,11-10-2025,22:45:00,465,Other,Văn phòng,500000000,300000000
Liên Hưng,34,11-10-2025,20:15:00,570,Other,Văn phòng,330000000,290000000
Liên Hưng,32,11-10-2025,20:00:00,390,Bến xe,Other,330000000,280000000
Liên Hưng,21,11-10-2025,23:00:00,480,Other,Văn phòng,490000000,380000000
Khang Thịnh,24,11-10-2025,18:50:00,505,Bến xe,Other,550000000,495000000
Khang Thịnh,34,11-10-2025,19:10:00,500,Other,Other,400000000,360000000
Khang Thịnh,34,11-10-2025,19:05:00,505,Bến xe,Other,400000000,360000000
Phúc An Express,22,11-10-2025,22:30:00,445,Other,Other,480000000,480000000
Liên Hưng,32,11-10-2025,09:30:00,600,Other,Văn phòng,330000000,250000000
Rạng Đông Buslines,24,11-10-2025,19:30:00,375,Other,Other,600000000,480000000
Liên Hưng,21,11-10-2025,19:45:00,405,Other,Bến xe,500000000,420000000
Rạng Đông Buslines,24,11-10-2025,18:00:00,465,Bến xe,Other,600000000,480000000
Rạng Đông Buslines,34,11-10-2025,16:31:00,375,Other,Other,500000000,400000000
Mạnh Hùng,4,11-10-2025,16:30:00,595,Bến xe,Other,330000000,330000000
Khang Thịnh,24,11-10-2025,18:55:00,500,Other,Other,550000000,495000000
Mạnh Hùng,4,11-10-2025,18:30:00,400,Văn phòng,Other,310000000,310000000
Phúc Yên,34,11-10-2025,16:55:00,525,Other,Other,290000000,290000000
Tuấn Hiệp,36,11-10-2025,01:20:00,590,Other,Bến xe,280000000,280000000
Phúc Yên,34,11-10-2025,16:30:00,550,Bến xe,Other,290000000,290000000
Cúc Tùng,32,11-10-2025,06:00:00,605,Văn phòng,Other,388000000,300000000
Nguyên Khang Limousine,24,11-10-2025,20:00:00,225,Other,Other,450000000,405000000
Tài Phát Limousine,24,11-10-2025,19:15:00,410,Other,Other,520000000,450000000
Tài Phát Limousine,24,11-10-2025,19:30:00,395,Other,Other,520000000,450000000
Năm Rùm,40,11-10-2025,16:10:00,590,Bến xe,Other,200000000,200000000
Nguyên Khang Limousine,24,11-10-2025,18:15:00,330,Bến xe,Other,450000000,405000000
Tuấn Tú Express,24,11-10-2025,18:01:00,420,Other,Other,700000000,350000000
Tuấn Tú Express,34,11-10-2025,14:00:00,420,Other,Other,550000000,320000000
Tuấn Tú Express,24,11-10-2025,21:01:00,420,Other,Other,700000000,350000000
Tuấn Tú Express,24,11-10-2025,14:31:00,420,Other,Other,700000000,350000000
Tuấn Tú Express,34,11-10-2025,16:50:00,490,Other,Other,550000000,320000000
Tuấn Tú Express,34,11-10-2025,19:50:00,490,Other,Other,550000000,320000000
Tuấn Tú Express,34,11-10-2025,18:00:00,420,Other,Other,550000000,320000000
Tuấn Tú Express,24,11-10-2025,16:51:00,490,Other,Other,700000000,350000000
Phúc Yên,24,11-10-2025,16:30:00,555,Bến xe,Other,400000000,400000000
Tuấn Tú Express,46,11-10-2025,13:20:00,490,Other,Other,450000000,290000000
Phương Anh,44,11-10-2025,18:15:00,540,Other,Bến xe,350000000,315000000
Liên Hưng,21,11-10-2025,09:05:00,445,Other,Văn phòng,490000000,300000000
Quang Hạnh,22,11-10-2025,18:30:00,505,Other,Bến xe,480000000,350000000
Liên Hưng,21,11-10-2025,07:00:00,570,Other,Văn phòng,490000000,300000000
Quang Hạnh,22,11-10-2025,18:45:00,520,Other,Bến xe,480000000,350000000
Liên Hưng,21,11-10-2025,11:20:00,445,Other,Văn phòng,490000000,300000000
Quang Hạnh,22,11-10-2025,18:15:00,520,Other,Bến xe,480000000,350000000
Cúc Tùng,21,11-10-2025,20:30:00,545,Bến xe,Other,562000000,299000000
Cúc Tùng,34,11-10-2025,20:00:00,540,Other,Văn phòng,444000000,350000000
Dũng Thuỷ Express,24,11-10-2025,18:00:00,450,Other,Other,590000000,519200000
Quang Hạnh,22,11-10-2025,18:25:00,540,Other,Bến xe,480000000,350000000
Cúc Tùng,21,11-10-2025,23:30:00,495,Other,Văn phòng,800000000,500000000
Cúc Tùng,21,11-10-2025,19:30:00,605,Văn phòng,Other,562000000,299000000
Hưng Thịnh,24,11-10-2025,18:30:00,510,Other,Other,550000000,450000000
Hà Linh,32,11-10-2025,19:15:00,510,Other,Văn phòng,390000000,280000000
Cúc Tùng,32,11-10-2025,04:00:00,665,Bến xe,Other,388000000,300000000
Cúc Tùng,34,11-10-2025,20:30:00,525,Other,Bến xe,444000000,350000000
Liên Hưng,21,11-10-2025,18:30:00,360,Văn phòng,Other,490000000,380000000
Cúc Tùng,32,11-10-2025,05:00:00,605,Văn phòng,Other,388000000,300000000
Liên Hưng,21,11-10-2025,19:00:00,330,Bến xe,Other,490000000,380000000
Dũng Thuỷ Express,24,11-10-2025,18:30:00,420,Bến xe,Other,590000000,519200000
Phúc An Express,32,11-10-2025,20:15:00,405,Other,Văn phòng,300000000,300000000
Quang Hạnh,22,11-10-2025,19:55:00,540,Other,Bến xe,480000000,350000000
Cúc Tùng,32,11-10-2025,19:00:00,605,Văn phòng,Other,388000000,300000000
Phúc An Express,32,11-10-2025,20:00:00,430,Văn phòng,Other,320000000,320000000
Cúc Tùng,21,11-10-2025,07:30:00,545,Bến xe,Other,562000000,299000000
Cúc Tùng,21,11-10-2025,06:30:00,605,Văn phòng,Other,562000000,299000000
Cúc Tùng,32,11-10-2025,06:00:00,545,Bến xe,Other,388000000,300000000
Phúc An Express,32,11-10-2025,20:45:00,385,Other,Other,320000000,320000000
Cúc Tùng,32,11-10-2025,07:00:00,545,Bến xe,Other,388000000,300000000
Tín Phát Limousine,24,11-10-2025,18:00:00,435,Other,Other,450000000,405000000
Ngàn Hà,22,11-10-2025,18:30:00,445,Văn phòng,Other,500000000,400000000
Liên Hưng,21,11-10-2025,19:45:00,240,Other,Other,490000000,380000000
Liên Hưng,34,11-10-2025,20:00:00,590,Other,Văn phòng,313000000,280000000
Cúc Tùng,21,11-10-2025,06:30:00,605,Bến xe,Other,562000000,299000000
Phúc An Express,32,11-10-2025,20:15:00,415,Other,Other,320000000,320000000
Cúc Tùng,32,11-10-2025,05:00:00,605,Bến xe,Other,388000000,300000000
Liên Hưng,32,11-10-2025,20:20:00,265,Other,Other,330000000,280000000
Liên Hưng,21,11-10-2025,19:20:00,370,Other,Other,490000000,380000000
Quang Hạnh,22,11-10-2025,17:55:00,540,Other,Bến xe,480000000,350000000
Liên Hưng,32,11-10-2025,20:00:00,330,Bến xe,Other,330000000,280000000
Liên Hưng,32,11-10-2025,20:00:00,570,Other,Văn phòng,330000000,280000000
Mạnh Hùng,24,11-10-2025,18:50:00,400,Văn phòng,Other,500000000,500000000
Liên Hưng,32,11-10-2025,20:20:00,370,Other,Other,330000000,280000000
Bốn Luyện Express,24,11-10-2025,22:10:00,420,Other,Other,660000000,660000000
Bốn Luyện Express,34,11-10-2025,22:18:00,420,Other,Other,420000000,420000000
Liên Hưng,34,11-10-2025,19:00:00,600,Other,Văn phòng,313000000,280000000
Liên Hưng,32,11-10-2025,20:30:00,600,Other,Văn phòng,313000000,280000000
Liên Hưng,34,11-10-2025,20:00:00,570,Other,Văn phòng,330000000,280000000
Liên Hưng,32,11-10-2025,20:45:00,345,Other,Other,330000000,280000000
Mạnh Hùng,24,11-10-2025,19:01:00,400,Văn phòng,Other,770000000,770000000
Liên Hưng,32,11-10-2025,20:45:00,405,Other,Bến xe,378000000,300000000
Mạnh Hùng,4,11-10-2025,19:05:00,365,Bến xe,Other,310000000,310000000
Liên Hưng,21,11-10-2025,19:45:00,570,Other,Văn phòng,490000000,380000000
Mạnh Hùng,24,11-10-2025,19:36:00,365,Bến xe,Other,770000000,770000000
Mạnh Hùng,24,11-10-2025,19:00:00,390,Other,Other,500000000,500000000
Cúc Tùng,32,11-10-2025,05:00:00,665,Bến xe,Other,388000000,300000000
Liên Hưng,21,11-10-2025,19:20:00,310,Other,Other,490000000,380000000
Liên Hưng,32,11-10-2025,20:45:00,240,Other,Other,330000000,280000000
Liên Hưng,21,11-10-2025,19:30:00,585,Other,Văn phòng,490000000,420000000
Liên Hưng,21,11-10-2025,22:30:00,540,Other,Văn phòng,490000000,380000000
Liên Hưng,32,11-10-2025,20:20:00,310,Other,Other,330000000,280000000
Mạnh Hùng,24,11-10-2025,19:10:00,380,Other,Other,500000000,500000000
Mạnh Hùng,4,11-10-2025,18:40:00,390,Other,Other,310000000,310000000
Mạnh Hùng,24,11-10-2025,17:10:00,435,Other,Other,1000000000,1000000000
Liên Hưng,21,11-10-2025,19:45:00,345,Other,Other,490000000,380000000
Quang Hạnh,24,11-10-2025,20:40:00,425,Other,Bến xe,430000000,420000000
Mộc Thảo,34,11-10-2025,20:05:00,600,Other,Other,320000000,320000000
Năm Rùm,40,11-10-2025,17:30:00,510,Other,Other,200000000,200000000
Mạnh Hùng,24,11-10-2025,19:25:00,365,Bến xe,Other,500000000,500000000
Mạnh Hùng,24,11-10-2025,17:25:00,415,Other,Other,660000000,660000000
Mạnh Hùng,24,11-10-2025,16:55:00,450,Other,Other,1000000000,1000000000
Mạnh Hùng,22,11-10-2025,17:30:00,535,Bến xe,Other,660000000,660000000
Liên Hưng,32,11-10-2025,20:45:00,285,Other,Other,330000000,280000000
Phúc Yên,34,11-10-2025,17:30:00,480,Bến xe,Other,290000000,290000000
Phúc An Express,22,11-10-2025,22:15:00,460,Văn phòng,Other,480000000,480000000
Năm Rùm,40,11-10-2025,17:10:00,530,Other,Other,200000000,200000000
Phúc Yên,34,11-10-2025,17:10:00,510,Other,Other,290000000,290000000
Mạnh Hùng,24,11-10-2025,19:26:00,375,Other,Other,770000000,770000000
Phúc An Express,22,11-10-2025,23:00:00,405,Other,Văn phòng,470000000,470000000
Mạnh Hùng,22,11-10-2025,18:02:00,540,Văn phòng,Other,770000000,770000000
Mạnh Hùng,24,11-10-2025,17:50:00,365,Bến xe,Other,600000000,600000000
Mạnh Hùng,24,11-10-2025,19:11:00,390,Other,Other,770000000,770000000
Mạnh Hùng,24,11-10-2025,19:21:00,380,Other,Other,770000000,770000000
Mạnh Hùng,22,11-10-2025,16:31:00,595,Bến xe,Other,550000000,550000000
Liên Hưng,34,11-10-2025,20:00:00,585,Other,Văn phòng,373000000,320000000
Dũng Lệ,24,11-10-2025,18:15:00,450,Văn phòng,Other,500000000,500000000
Mạnh Hùng,22,11-10-2025,18:00:00,540,Văn phòng,Other,500000000,500000000
Phúc An Express,22,11-10-2025,23:00:00,415,Other,Other,480000000,480000000
Cúc Tùng,32,11-10-2025,06:00:00,605,Bến xe,Other,388000000,300000000
Quang Hạnh,22,11-10-2025,19:00:00,505,Other,Bến xe,480000000,350000000
Mạnh Hùng,24,11-10-2025,17:40:00,375,Other,Other,600000000,600000000
Mạnh Hùng,24,11-10-2025,17:00:00,440,Other,Other,660000000,660000000
Mộc Thảo,24,11-10-2025,20:15:00,600,Other,Other,450000000,450000000
Mạnh Hùng,22,11-10-2025,16:32:00,595,Bến xe,Other,880000000,880000000
Mạnh Hùng,24,11-10-2025,17:30:00,415,Other,Other,1000000000,1000000000
Mạnh Hùng,24,11-10-2025,17:40:00,405,Other,Other,1000000000,1000000000
Phúc Yên,24,11-10-2025,17:15:00,510,Other,Other,400000000,400000000
Liên Hưng,21,11-10-2025,19:45:00,285,Other,Other,490000000,380000000
Mạnh Hùng,24,11-10-2025,17:05:00,435,Other,Other,660000000,660000000
Ngàn Hà,24,11-10-2025,18:31:00,445,Văn phòng,Other,500000000,400000000
Phúc Yên,24,11-10-2025,16:55:00,530,Other,Other,400000000,400000000
Mạnh Hùng,24,11-10-2025,17:50:00,395,Other,Other,1000000000,1000000000
Mạnh Hùng,24,11-10-2025,16:50:00,450,Other,Other,660000000,660000000
Mạnh Hùng,24,11-10-2025,17:45:00,395,Other,Other,660000000,660000000
Mạnh Hùng,4,11-10-2025,18:55:00,375,Other,Other,310000000,310000000
Mạnh Hùng,24,11-10-2025,17:20:00,425,Other,Other,1000000000,1000000000
Mạnh Hùng,24,11-10-2025,17:05:00,440,Other,Other,1000000000,1000000000
Mạnh Hùng,24,11-10-2025,18:10:00,375,Other,Other,1000000000,1000000000
Mạnh Hùng,24,11-10-2025,17:35:00,405,Other,Other,660000000,660000000
Mạnh Hùng,24,11-10-2025,17:55:00,385,Other,Other,660000000,660000000
Mạnh Hùng,24,11-10-2025,17:25:00,390,Other,Other,600000000,600000000
Mạnh Hùng,24,11-10-2025,19:15:00,375,Other,Other,500000000,500000000
Mạnh Hùng,4,11-10-2025,18:50:00,380,Other,Other,310000000,310000000
Mạnh Hùng,24,11-10-2025,18:20:00,365,Bến xe,Other,1000000000,1000000000
Mạnh Hùng,24,11-10-2025,17:15:00,425,Other,Other,660000000,660000000
Mạnh Hùng,24,11-10-2025,18:15:00,365,Bến xe,Other,660000000,660000000
Mạnh Hùng,24,11-10-2025,18:05:00,375,Other,Other,660000000,660000000
Mạnh Hùng,24,11-10-2025,17:35:00,380,Other,Other,600000000,600000000
Mạnh Hùng,24,11-10-2025,18:00:00,385,Other,Other,1000000000,1000000000
Quang Hạnh,24,11-10-2025,20:15:00,450,Other,Bến xe,430000000,420000000
Mộc Thảo,34,11-10-2025,19:40:00,625,Văn phòng,Other,320000000,320000000
Mạnh Hùng,4,11-10-2025,17:30:00,535,Other,Other,330000000,330000000
Mạnh Hùng,22,11-10-2025,17:31:00,535,Bến xe,Other,1000000000,1000000000
Mạnh Hùng,22,11-10-2025,17:31:00,535,Other,Other,550000000,550000000
Mạnh Hùng,22,11-10-2025,17:32:00,535,Other,Other,880000000,880000000
Phúc Yên,34,11-10-2025,17:05:00,520,Other,Other,290000000,290000000
Phúc Yên,34,11-10-2025,16:50:00,535,Other,Other,290000000,290000000
Mộc Thảo,24,11-10-2025,19:50:00,625,Văn phòng,Other,450000000,450000000
Thuận Phát,24,11-10-2025,17:40:00,350,Bến xe,Other,520000000,520000000
Hoàng Huy,44,11-10-2025,12:00:00,520,Other,Other,400000000,400000000
Sao Limousine,22,11-10-2025,18:30:00,510,Bến xe,Other,420000000,420000000
Hoàng Huy,22,11-10-2025,16:00:00,520,Other,Other,560000000,560000000
Phúc An Express,22,11-10-2025,22:30:00,450,Văn phòng,Văn phòng,470000000,470000000
Phúc An Express,22,11-10-2025,22:30:00,460,Văn phòng,Other,480000000,480000000
Phúc An Express,22,11-10-2025,22:45:00,435,Other,Văn phòng,470000000,470000000
Phúc An Express,22,11-10-2025,22:45:00,445,Other,Other,480000000,480000000
Quỳnh Nhật,24,11-10-2025,10:00:00,485,Bến xe,Other,650000000,650000000
Quỳnh Nhật,24,11-10-2025,09:00:00,545,Bến xe,Other,650000000,650000000
