,bus_name,departure_time,pick_up_point,arrival_time,drop_of_point,start_point,destination,An toàn,Thông tin chính xác,Thông tin đầy đủ,Thái độ nhân viên,Tiện nghi & thoải mái,Chất lượng dịch vụ,Đúng giờ,rating_overall,review_count,number_of_seat,price_original,price_discounted,discounted_percentage,day,date,duration_m
0,36 Limousine,09:00:00,Văn phòng,11:30:00,Văn phòng,Hà Nội,Thanh Hóa,4.8,4.8,4.8,4.7,4.7,4.7,4.7,4.8,502,11,230000,0,0.0,Wednesday,15-10-2025,150
1,Vân Anh Limousine,13:00:00,Bến xe,16:00:00,Bến xe,Hà Nội,Thanh Hóa,4.9,4.9,4.9,4.9,4.9,4.9,5.0,4.8,32,24,230000,200000,13.0,Wednesday,15-10-2025,180
2,Thành Trung Limousine,07:00:00,Văn phòng,09:00:00,Văn phòng,Hà Nội,Thanh Hóa,4.4,3.9,4.0,4.3,4.3,3.9,4.3,4.0,113,9,230000,210000,9.0,Wednesday,15-10-2025,120
3,Vĩnh Quang,11:25:00,Văn phòng,13:55:00,Văn phòng,Hà Nội,Thanh Hóa,5.0,4.8,4.9,4.9,4.9,4.9,4.8,4.8,25,10,170000,0,0.0,Wednesday,15-10-2025,150
4,Thơm Phụng,15:30:00,Bến xe,17:45:00,Other,Hà Nội,Thanh Hóa,4.9,4.6,4.8,4.8,4.6,4.5,5.0,4.6,18,46,150000,0,0.0,Wednesday,15-10-2025,135
5,Đức Phát,13:00:00,Văn phòng,15:30:00,Bến xe,Hà Nội,Thanh Hóa,4.8,4.7,4.7,4.6,4.7,4.6,4.8,4.7,87,11,210000,0,0.0,Wednesday,15-10-2025,150
6,Bình Hoài Limousine,15:00:00,Văn phòng,17:50:00,Other,Hà Nội,Thanh Hóa,4.2,4.0,4.1,4.3,4.1,4.0,4.6,4.0,297,10,230000,0,0.0,Wednesday,15-10-2025,170
7,An Phát,10:00:00,Văn phòng,13:00:00,Văn phòng,Hà Nội,Thanh Hóa,4.2,3.9,3.9,4.1,3.9,3.8,5.0,4.0,23,7,250000,0,0.0,Wednesday,15-10-2025,180
8,FUTA HÀ SƠN,17:30:00,Bến xe,20:00:00,Other,Hà Nội,Thanh Hóa,4.9,4.7,4.8,4.8,4.8,4.7,4.8,4.8,318,34,300000,0,0.0,Wednesday,15-10-2025,150
9,Thăng Long,22:10:00,Other,02:55:00,Other,Hà Nội,Thanh Hóa,4.8,4.7,4.8,4.7,4.4,4.5,4.8,4.6,438,40,200000,0,0.0,Wednesday,15-10-2025,285
10,36 Limousine,20:00:00,Văn phòng,22:30:00,Văn phòng,Hà Nội,Thanh Hóa,4.8,4.8,4.8,4.7,4.7,4.7,4.7,4.8,502,11,230000,0,0.0,Wednesday,15-10-2025,150
11,Vĩnh Quang,10:25:00,Văn phòng,12:55:00,Văn phòng,Hà Nội,Thanh Hóa,5.0,4.8,4.9,4.9,4.9,4.9,4.8,4.8,25,10,170000,0,0.0,Wednesday,15-10-2025,150
12,Thành Trung Limousine,20:00:00,Văn phòng,22:00:00,Văn phòng,Hà Nội,Thanh Hóa,4.4,3.9,4.0,4.3,4.3,3.9,4.3,4.0,113,11,230000,210000,9.0,Wednesday,15-10-2025,120
13,Thơm Phụng,16:30:00,Bến xe,18:45:00,Other,Hà Nội,Thanh Hóa,4.9,4.6,4.8,4.8,4.6,4.5,5.0,4.6,18,24,200000,0,0.0,Wednesday,15-10-2025,135
14,Đức Phát,13:00:00,Bến xe,15:30:00,Bến xe,Hà Nội,Thanh Hóa,4.8,4.7,4.7,4.6,4.7,4.6,4.8,4.7,87,24,250000,0,0.0,Wednesday,15-10-2025,150
15,Vân Anh Limousine,20:00:00,Bến xe,23:00:00,Bến xe,Hà Nội,Thanh Hóa,4.9,4.9,4.9,4.9,4.9,4.9,5.0,4.8,32,24,230000,200000,13.0,Wednesday,15-10-2025,180
16,Bình Hoài Limousine,14:00:00,Văn phòng,16:50:00,Other,Hà Nội,Thanh Hóa,4.2,4.0,4.1,4.3,4.1,4.0,4.6,4.0,297,10,230000,0,0.0,Wednesday,15-10-2025,170
17,An Phát,19:00:00,Văn phòng,22:00:00,Văn phòng,Hà Nội,Thanh Hóa,4.2,3.9,3.9,4.1,3.9,3.8,5.0,4.0,23,7,250000,0,0.0,Wednesday,15-10-2025,180
18,FUTA HÀ SƠN,23:50:00,Bến xe,01:50:00,Other,Hà Nội,Thanh Hóa,4.9,4.7,4.8,4.8,4.8,4.7,4.8,4.8,318,34,200000,0,0.0,Wednesday,15-10-2025,120
19,Thăng Long,23:15:00,Bến xe,02:15:00,Other,Hà Nội,Thanh Hóa,4.8,4.7,4.8,4.7,4.4,4.5,4.8,4.6,438,40,200000,0,0.0,Wednesday,15-10-2025,180
20,Nam Quỳnh Anh,21:30:00,Bến xe,02:30:00,Other,Hà Nội,Thanh Hóa,4.5,4.3,4.5,4.2,4.2,4.2,4.7,4.2,2035,22,350000,0,0.0,Wednesday,15-10-2025,300
21,HM Happycar,20:00:00,Other,23:00:00,Other,Hà Nội,Thanh Hóa,4.6,4.5,4.6,4.5,4.6,4.5,4.6,4.6,264,24,300000,0,0.0,Wednesday,15-10-2025,180
22,Phú Quý,22:40:00,Bến xe,01:40:00,Other,Hà Nội,Thanh Hóa,4.4,4.3,4.4,4.5,4.1,4.2,4.9,4.3,468,22,400000,0,0.0,Wednesday,15-10-2025,180
23,Bảo Ngọc Limousine,17:00:00,Bến xe,19:25:00,Other,Hà Nội,Thanh Hóa,4.8,4.9,4.9,4.9,4.2,4.2,5.0,4.2,18,32,220000,0,0.0,Wednesday,15-10-2025,145
24,36 Limousine,15:00:00,Văn phòng,17:30:00,Văn phòng,Hà Nội,Thanh Hóa,4.8,4.8,4.8,4.7,4.7,4.7,4.7,4.8,502,11,230000,0,0.0,Wednesday,15-10-2025,150
25,36 Limousine,05:30:00,Văn phòng,08:00:00,Văn phòng,Hà Nội,Thanh Hóa,4.8,4.8,4.8,4.7,4.7,4.7,4.7,4.8,502,11,230000,0,0.0,Wednesday,15-10-2025,150
26,36 Limousine,18:00:00,Văn phòng,20:30:00,Văn phòng,Hà Nội,Thanh Hóa,4.8,4.8,4.8,4.7,4.7,4.7,4.7,4.8,502,11,230000,0,0.0,Wednesday,15-10-2025,150
27,Thành Trung Limousine,15:00:00,Văn phòng,17:00:00,Văn phòng,Hà Nội,Thanh Hóa,4.4,3.9,4.0,4.3,4.3,3.9,4.3,4.0,113,11,230000,210000,9.0,Wednesday,15-10-2025,120
28,Thành Trung Limousine,19:00:00,Văn phòng,21:00:00,Văn phòng,Hà Nội,Thanh Hóa,4.4,3.9,4.0,4.3,4.3,3.9,4.3,4.0,113,11,230000,210000,9.0,Wednesday,15-10-2025,120
29,Đức Phát,20:00:00,Bến xe,22:30:00,Bến xe,Hà Nội,Thanh Hóa,4.8,4.7,4.7,4.6,4.7,4.6,4.8,4.7,87,24,250000,0,0.0,Wednesday,15-10-2025,150
30,Đức Phát,16:00:00,Văn phòng,18:30:00,Bến xe,Hà Nội,Thanh Hóa,4.8,4.7,4.7,4.6,4.7,4.6,4.8,4.7,87,11,210000,0,0.0,Wednesday,15-10-2025,150
31,Đức Phát,08:05:00,Bến xe,10:35:00,Bến xe,Hà Nội,Thanh Hóa,4.8,4.7,4.7,4.6,4.7,4.6,4.8,4.7,87,24,250000,0,0.0,Wednesday,15-10-2025,150
32,Thành Trung Limousine,14:00:00,Văn phòng,16:00:00,Văn phòng,Hà Nội,Thanh Hóa,4.4,3.9,4.0,4.3,4.3,3.9,4.3,4.0,113,11,230000,210000,9.0,Wednesday,15-10-2025,120
33,Thơm Phụng,10:00:00,Bến xe,12:15:00,Other,Hà Nội,Thanh Hóa,4.9,4.6,4.8,4.8,4.6,4.5,5.0,4.6,18,24,200000,0,0.0,Wednesday,15-10-2025,135
34,Vân Anh Limousine,11:00:00,Bến xe,14:00:00,Bến xe,Hà Nội,Thanh Hóa,4.9,4.9,4.9,4.9,4.9,4.9,5.0,4.8,32,24,230000,200000,13.0,Wednesday,15-10-2025,180
35,Vĩnh Quang,17:25:00,Văn phòng,19:55:00,Văn phòng,Hà Nội,Thanh Hóa,5.0,4.8,4.9,4.9,4.9,4.9,4.8,4.8,25,10,170000,0,0.0,Wednesday,15-10-2025,150
36,Thơm Phụng,13:30:00,Bến xe,15:45:00,Other,Hà Nội,Thanh Hóa,4.9,4.6,4.8,4.8,4.6,4.5,5.0,4.6,18,24,200000,0,0.0,Wednesday,15-10-2025,135
37,Vĩnh Quang,20:25:00,Văn phòng,22:55:00,Văn phòng,Hà Nội,Thanh Hóa,5.0,4.8,4.9,4.9,4.9,4.9,4.8,4.8,25,10,170000,0,0.0,Wednesday,15-10-2025,150
38,Vĩnh Quang,12:25:00,Văn phòng,14:55:00,Văn phòng,Hà Nội,Thanh Hóa,5.0,4.8,4.9,4.9,4.9,4.9,4.8,4.8,25,10,170000,0,0.0,Wednesday,15-10-2025,150
39,Vân Anh Limousine,17:00:00,Bến xe,20:00:00,Bến xe,Hà Nội,Thanh Hóa,4.9,4.9,4.9,4.9,4.9,4.9,5.0,4.8,32,24,230000,0,0.0,Wednesday,15-10-2025,180
40,36 Limousine,10:00:00,Văn phòng,12:30:00,Văn phòng,Hà Nội,Thanh Hóa,4.8,4.8,4.8,4.7,4.7,4.7,4.7,4.8,502,11,230000,0,0.0,Wednesday,15-10-2025,150
41,36 Limousine,14:00:00,Văn phòng,16:30:00,Văn phòng,Hà Nội,Thanh Hóa,4.8,4.8,4.8,4.7,4.7,4.7,4.7,4.8,502,11,230000,0,0.0,Wednesday,15-10-2025,150
42,36 Limousine,08:01:00,Văn phòng,10:31:00,Văn phòng,Hà Nội,Thanh Hóa,4.8,4.8,4.8,4.7,4.7,4.7,4.7,4.8,502,11,230000,0,0.0,Wednesday,15-10-2025,150
43,Đức Phát,15:00:00,Văn phòng,17:30:00,Bến xe,Hà Nội,Thanh Hóa,4.8,4.7,4.7,4.6,4.7,4.6,4.8,4.7,87,11,210000,0,0.0,Wednesday,15-10-2025,150
44,Đức Phát,18:00:00,Bến xe,20:30:00,Bến xe,Hà Nội,Thanh Hóa,4.8,4.7,4.7,4.6,4.7,4.6,4.8,4.7,87,24,250000,0,0.0,Wednesday,15-10-2025,150
45,Đức Phát,06:00:00,Bến xe,08:30:00,Bến xe,Hà Nội,Thanh Hóa,4.8,4.7,4.7,4.6,4.7,4.6,4.8,4.7,87,24,250000,0,0.0,Wednesday,15-10-2025,150
46,Thành Trung Limousine,18:00:00,Văn phòng,20:00:00,Văn phòng,Hà Nội,Thanh Hóa,4.4,3.9,4.0,4.3,4.3,3.9,4.3,4.0,113,11,230000,210000,9.0,Wednesday,15-10-2025,120
47,Thành Trung Limousine,11:00:00,Văn phòng,13:00:00,Văn phòng,Hà Nội,Thanh Hóa,4.4,3.9,4.0,4.3,4.3,3.9,4.3,4.0,113,11,230000,210000,9.0,Wednesday,15-10-2025,120
48,Vĩnh Quang,21:25:00,Văn phòng,23:55:00,Văn phòng,Hà Nội,Thanh Hóa,5.0,4.8,4.9,4.9,4.9,4.9,4.8,4.8,25,10,170000,0,0.0,Wednesday,15-10-2025,150
49,Vĩnh Quang,06:25:00,Văn phòng,08:55:00,Văn phòng,Hà Nội,Thanh Hóa,5.0,4.8,4.9,4.9,4.9,4.9,4.8,4.8,25,10,170000,0,0.0,Wednesday,15-10-2025,150
50,Vĩnh Quang,08:25:00,Văn phòng,10:55:00,Văn phòng,Hà Nội,Thanh Hóa,5.0,4.8,4.9,4.9,4.9,4.9,4.8,4.8,25,10,170000,0,0.0,Wednesday,15-10-2025,150
51,Vân Anh Limousine,16:00:00,Bến xe,19:00:00,Bến xe,Hà Nội,Thanh Hóa,,,,,,,,4.8,32,24,230000,200000,13.0,Wednesday,15-10-2025,180
52,Bình Hoài Limousine,18:00:00,Văn phòng,20:50:00,Other,Hà Nội,Thanh Hóa,4.2,4.0,4.1,4.3,4.1,4.0,4.6,4.0,297,10,230000,0,0.0,Wednesday,15-10-2025,170
53,Thành Trung Limousine,17:00:00,Văn phòng,19:00:00,Văn phòng,Hà Nội,Thanh Hóa,4.4,3.9,4.0,4.3,4.3,3.9,4.3,4.0,113,11,230000,210000,9.0,Wednesday,15-10-2025,120
54,Vân Anh Limousine,13:00:00,Bến xe,16:00:00,Bến xe,Hà Nội,Thanh Hóa,4.9,4.9,4.9,4.9,4.9,4.9,5.0,4.8,32,24,230000,0,0.0,Wednesday,15-10-2025,180
55,Thơm Phụng,12:00:00,Bến xe,14:15:00,Other,Hà Nội,Thanh Hóa,4.9,4.6,4.8,4.8,4.6,4.5,5.0,4.6,18,34,150000,0,0.0,Wednesday,15-10-2025,135
56,Thơm Phụng,18:30:00,Bến xe,20:45:00,Other,Hà Nội,Thanh Hóa,4.9,4.6,4.8,4.8,4.6,4.5,5.0,4.6,18,24,200000,0,0.0,Wednesday,15-10-2025,135
57,Bình Hoài Limousine,18:00:00,Văn phòng,20:20:00,Văn phòng,Hà Nội,Thanh Hóa,4.2,4.0,4.1,4.3,4.1,4.0,4.6,4.0,297,10,230000,0,0.0,Wednesday,15-10-2025,140
58,Bình Hoài Limousine,06:00:00,Văn phòng,08:20:00,Văn phòng,Hà Nội,Thanh Hóa,4.2,4.0,4.1,4.3,4.1,4.0,4.6,4.0,297,10,230000,0,0.0,Wednesday,15-10-2025,140
59,Vân Anh Limousine,13:00:00,Bến xe,16:00:00,Bến xe,Hà Nội,Thanh Hóa,4.9,4.9,4.9,4.9,4.9,4.9,5.0,4.8,32,24,230000,0,0.0,Wednesday,15-10-2025,180
60,An Phát,07:00:00,Văn phòng,10:00:00,Văn phòng,Hà Nội,Thanh Hóa,4.2,3.9,3.9,4.1,3.9,3.8,5.0,4.0,23,7,250000,0,0.0,Wednesday,15-10-2025,180
61,An Phát,12:00:00,Văn phòng,15:00:00,Văn phòng,Hà Nội,Thanh Hóa,4.2,3.9,3.9,4.1,3.9,3.8,5.0,4.0,23,7,250000,0,0.0,Wednesday,15-10-2025,180
62,An Phát,15:00:00,Văn phòng,18:00:00,Văn phòng,Hà Nội,Thanh Hóa,4.2,3.9,3.9,4.1,3.9,3.8,5.0,4.0,23,7,250000,0,0.0,Wednesday,15-10-2025,180
63,Thơm Phụng,21:30:00,Bến xe,23:45:00,Other,Hà Nội,Thanh Hóa,4.9,4.6,4.8,4.8,4.6,4.5,5.0,4.6,18,24,250000,0,0.0,Wednesday,15-10-2025,135
64,FUTA HÀ SƠN,05:30:00,Bến xe,07:30:00,Other,Hà Nội,Thanh Hóa,4.9,4.7,4.8,4.8,4.8,4.7,4.8,4.8,318,34,200000,0,0.0,Wednesday,15-10-2025,120
65,FUTA HÀ SƠN,17:30:00,Bến xe,19:30:00,Other,Hà Nội,Thanh Hóa,4.9,4.7,4.8,4.8,4.8,4.7,4.8,4.8,318,34,200000,0,0.0,Wednesday,15-10-2025,120
66,FUTA HÀ SƠN,14:30:00,Bến xe,16:30:00,Other,Hà Nội,Thanh Hóa,4.9,4.7,4.8,4.8,4.8,4.7,4.8,4.8,318,34,200000,0,0.0,Wednesday,15-10-2025,120
67,Thăng Long,23:55:00,Bến xe,02:55:00,Other,Hà Nội,Thanh Hóa,4.8,4.7,4.8,4.7,4.4,4.5,4.8,4.6,438,40,200000,0,0.0,Wednesday,15-10-2025,180
68,Thăng Long,21:30:00,Other,02:15:00,Other,Hà Nội,Thanh Hóa,4.8,4.7,4.8,4.7,4.4,4.5,4.8,4.6,438,40,200000,0,0.0,Wednesday,15-10-2025,285
69,Nam Quỳnh Anh,20:35:00,Other,01:30:00,Other,Hà Nội,Thanh Hóa,4.5,4.3,4.5,4.2,4.2,4.2,4.7,4.2,2035,22,370000,0,0.0,Wednesday,15-10-2025,295
70,Nam Quỳnh Anh,20:25:00,Other,01:30:00,Other,Hà Nội,Thanh Hóa,4.5,4.3,4.5,4.2,4.2,4.2,4.7,4.2,2035,22,370000,0,0.0,Wednesday,15-10-2025,305
71,Nam Quỳnh Anh,23:00:00,Other,02:30:00,Other,Hà Nội,Thanh Hóa,4.5,4.3,4.5,4.2,4.2,4.2,4.7,4.2,2035,22,350000,0,0.0,Wednesday,15-10-2025,210
72,HM Happycar,08:00:00,Other,11:00:00,Other,Hà Nội,Thanh Hóa,4.6,4.5,4.6,4.5,4.6,4.5,4.6,4.6,264,24,300000,0,0.0,Wednesday,15-10-2025,180
73,Phú Quý,15:45:00,Bến xe,18:45:00,Other,Hà Nội,Thanh Hóa,4.4,4.3,4.4,4.5,4.1,4.2,4.9,4.3,468,36,260000,0,0.0,Wednesday,15-10-2025,180
74,Phú Quý,22:30:00,Bến xe,01:30:00,Other,Hà Nội,Thanh Hóa,4.4,4.3,4.4,4.5,4.1,4.2,4.9,4.3,468,32,300000,0,0.0,Wednesday,15-10-2025,180
75,Phú Quý,17:05:00,Bến xe,20:05:00,Other,Hà Nội,Thanh Hóa,4.4,4.3,4.4,4.5,4.1,4.2,4.9,4.3,468,40,260000,0,0.0,Wednesday,15-10-2025,180
76,Bảo Ngọc Limousine,18:20:00,Bến xe,20:45:00,Other,Hà Nội,Thanh Hóa,4.8,4.9,4.9,4.9,4.2,4.2,5.0,4.2,18,32,220000,0,0.0,Wednesday,15-10-2025,145
77,36 Limousine,19:00:00,Văn phòng,21:30:00,Văn phòng,Hà Nội,Thanh Hóa,4.8,4.8,4.8,4.7,4.7,4.7,4.7,4.8,502,11,230000,0,0.0,Wednesday,15-10-2025,150
78,36 Limousine,09:01:00,Văn phòng,11:31:00,Văn phòng,Hà Nội,Thanh Hóa,4.8,4.8,4.8,4.7,4.7,4.7,4.7,4.8,502,11,230000,0,0.0,Wednesday,15-10-2025,150
79,36 Limousine,13:01:00,Văn phòng,15:31:00,Văn phòng,Hà Nội,Thanh Hóa,4.8,4.8,4.8,4.7,4.7,4.7,4.7,4.8,502,11,230000,0,0.0,Wednesday,15-10-2025,150
80,36 Limousine,15:01:00,Văn phòng,17:31:00,Văn phòng,Hà Nội,Thanh Hóa,4.8,4.8,4.8,4.7,4.7,4.7,4.7,4.8,502,11,230000,0,0.0,Wednesday,15-10-2025,150
81,36 Limousine,08:00:00,Văn phòng,10:30:00,Văn phòng,Hà Nội,Thanh Hóa,4.8,4.8,4.8,4.7,4.7,4.7,4.7,4.8,502,11,230000,0,0.0,Wednesday,15-10-2025,150
82,36 Limousine,13:00:00,Văn phòng,15:30:00,Văn phòng,Hà Nội,Thanh Hóa,4.8,4.8,4.8,4.7,4.7,4.7,4.7,4.8,502,11,230000,0,0.0,Wednesday,15-10-2025,150
83,36 Limousine,20:01:00,Văn phòng,22:31:00,Văn phòng,Hà Nội,Thanh Hóa,4.8,4.8,4.8,4.7,4.7,4.7,4.7,4.8,502,11,230000,0,0.0,Wednesday,15-10-2025,150
84,Đức Phát,11:00:00,Văn phòng,13:30:00,Bến xe,Hà Nội,Thanh Hóa,4.8,4.7,4.7,4.6,4.7,4.6,4.8,4.7,87,11,210000,0,0.0,Wednesday,15-10-2025,150
85,Đức Phát,17:05:00,Bến xe,19:35:00,Bến xe,Hà Nội,Thanh Hóa,4.8,4.7,4.7,4.6,4.7,4.6,4.8,4.7,87,24,250000,0,0.0,Wednesday,15-10-2025,150
86,Đức Phát,15:00:00,Bến xe,17:30:00,Bến xe,Hà Nội,Thanh Hóa,4.8,4.7,4.7,4.6,4.7,4.6,4.8,4.7,87,24,250000,0,0.0,Wednesday,15-10-2025,150
87,Đức Phát,16:00:00,Bến xe,18:30:00,Bến xe,Hà Nội,Thanh Hóa,4.8,4.7,4.7,4.6,4.7,4.6,4.8,4.7,87,24,250000,0,0.0,Wednesday,15-10-2025,150
88,Vĩnh Quang,19:25:00,Văn phòng,21:55:00,Văn phòng,Hà Nội,Thanh Hóa,5.0,4.8,4.9,4.9,4.9,4.9,4.8,4.8,25,10,170000,0,0.0,Wednesday,15-10-2025,150
89,Đức Phát,17:00:00,Văn phòng,19:30:00,Bến xe,Hà Nội,Thanh Hóa,4.8,4.7,4.7,4.6,4.7,4.6,4.8,4.7,87,11,210000,0,0.0,Wednesday,15-10-2025,150
90,Đức Phát,13:00:00,Bến xe,15:30:00,Bến xe,Hà Nội,Thanh Hóa,4.8,4.7,4.7,4.6,4.7,4.6,4.8,4.7,87,24,250000,0,0.0,Wednesday,15-10-2025,150
91,Vĩnh Quang,13:25:00,Văn phòng,15:55:00,Văn phòng,Hà Nội,Thanh Hóa,5.0,4.8,4.9,4.9,4.9,4.9,4.8,4.8,25,10,170000,0,0.0,Wednesday,15-10-2025,150
92,Đức Phát,10:00:00,Bến xe,12:30:00,Bến xe,Hà Nội,Thanh Hóa,4.8,4.7,4.7,4.6,4.7,4.6,4.8,4.7,87,24,250000,0,0.0,Wednesday,15-10-2025,150
93,Đức Phát,12:05:00,Bến xe,14:35:00,Bến xe,Hà Nội,Thanh Hóa,4.8,4.7,4.7,4.6,4.7,4.6,4.8,4.7,87,24,250000,0,0.0,Wednesday,15-10-2025,150
94,Đức Phát,14:00:00,Bến xe,16:30:00,Bến xe,Hà Nội,Thanh Hóa,4.8,4.7,4.7,4.6,4.7,4.6,4.8,4.7,87,24,250000,0,0.0,Wednesday,15-10-2025,150
95,Đức Phát,07:05:00,Bến xe,09:35:00,Bến xe,Hà Nội,Thanh Hóa,4.8,4.7,4.7,4.6,4.7,4.6,4.8,4.7,87,24,250000,0,0.0,Wednesday,15-10-2025,150
96,Đức Phát,04:35:00,Bến xe,07:05:00,Bến xe,Hà Nội,Thanh Hóa,4.8,4.7,4.7,4.6,4.7,4.6,4.8,4.7,87,24,250000,0,0.0,Wednesday,15-10-2025,150
97,Đức Phát,16:05:00,Bến xe,18:35:00,Bến xe,Hà Nội,Thanh Hóa,4.8,4.7,4.7,4.6,4.7,4.6,4.8,4.7,87,24,250000,0,0.0,Wednesday,15-10-2025,150
98,Đức Phát,13:05:00,Bến xe,15:35:00,Bến xe,Hà Nội,Thanh Hóa,4.8,4.7,4.7,4.6,4.7,4.6,4.8,4.7,87,24,250000,0,0.0,Wednesday,15-10-2025,150
99,Đức Phát,19:00:00,Bến xe,21:30:00,Bến xe,Hà Nội,Thanh Hóa,4.8,4.7,4.7,4.6,4.7,4.6,4.8,4.7,87,24,250000,0,0.0,Wednesday,15-10-2025,150
100,Bình Hoài Limousine,13:00:00,Văn phòng,15:50:00,Other,Hà Nội,Thanh Hóa,4.2,4.0,4.1,4.3,4.1,4.0,4.6,4.0,297,10,230000,0,0.0,Wednesday,15-10-2025,170
101,Đức Phát,17:00:00,Bến xe,20:00:00,Bến xe,Hà Nội,Thanh Hóa,4.8,4.7,4.7,4.6,4.7,4.6,4.8,4.7,87,24,250000,0,0.0,Wednesday,15-10-2025,180
102,Đức Phát,20:05:00,Bến xe,22:35:00,Bến xe,Hà Nội,Thanh Hóa,4.8,4.7,4.7,4.6,4.7,4.6,4.8,4.7,87,24,250000,0,0.0,Wednesday,15-10-2025,150
103,Đức Phát,14:00:00,Bến xe,16:30:00,Bến xe,Hà Nội,Thanh Hóa,4.8,4.7,4.7,4.6,4.7,4.6,4.8,4.7,87,24,250000,0,0.0,Wednesday,15-10-2025,150
104,Vân Anh Limousine,17:00:00,Bến xe,20:00:00,Bến xe,Hà Nội,Thanh Hóa,4.9,4.9,4.9,4.9,4.9,4.9,5.0,4.8,32,24,230000,0,0.0,Wednesday,15-10-2025,180
105,Vân Anh Limousine,20:00:00,Bến xe,23:00:00,Bến xe,Hà Nội,Thanh Hóa,4.9,4.9,4.9,4.9,4.9,4.9,5.0,4.8,32,24,230000,0,0.0,Wednesday,15-10-2025,180
106,Đức Phát,15:00:00,Bến xe,18:00:00,Bến xe,Hà Nội,Thanh Hóa,4.8,4.7,4.7,4.6,4.7,4.6,4.8,4.7,87,24,250000,0,0.0,Wednesday,15-10-2025,180
107,Vân Anh Limousine,14:00:00,Bến xe,17:00:00,Bến xe,Hà Nội,Thanh Hóa,4.9,4.9,4.9,4.9,4.9,4.9,5.0,4.8,32,24,230000,200000,13.0,Wednesday,15-10-2025,180
108,Đức Phát,19:00:00,Bến xe,21:30:00,Bến xe,Hà Nội,Thanh Hóa,4.8,4.7,4.7,4.6,4.7,4.6,4.8,4.7,87,24,250000,0,0.0,Wednesday,15-10-2025,150
109,Đức Phát,21:00:00,Văn phòng,23:30:00,Bến xe,Hà Nội,Thanh Hóa,4.8,4.7,4.7,4.6,4.7,4.6,4.8,4.7,87,11,210000,0,0.0,Wednesday,15-10-2025,150
110,Vân Anh Limousine,11:30:00,Bến xe,15:00:00,Văn phòng,Hà Nội,Thanh Hóa,4.9,4.9,4.9,4.9,4.9,4.9,5.0,4.8,32,24,230000,0,0.0,Wednesday,15-10-2025,210
111,Đức Phát,07:00:00,Bến xe,10:00:00,Bến xe,Hà Nội,Thanh Hóa,4.8,4.7,4.7,4.6,4.7,4.6,4.8,4.7,87,24,250000,0,0.0,Wednesday,15-10-2025,180
112,Đức Phát,11:00:00,Bến xe,13:30:00,Bến xe,Hà Nội,Thanh Hóa,4.8,4.7,4.7,4.6,4.7,4.6,4.8,4.7,87,24,250000,0,0.0,Wednesday,15-10-2025,150
113,Vân Anh Limousine,11:00:00,Bến xe,14:00:00,Bến xe,Hà Nội,Thanh Hóa,4.9,4.9,4.9,4.9,4.9,4.9,5.0,4.8,32,24,230000,0,0.0,Wednesday,15-10-2025,180
114,Vân Anh Limousine,15:00:00,Bến xe,18:00:00,Bến xe,Hà Nội,Thanh Hóa,4.9,4.9,4.9,4.9,4.9,4.9,5.0,4.8,32,24,230000,200000,13.0,Wednesday,15-10-2025,180
115,Bình Hoài Limousine,17:00:00,Văn phòng,19:20:00,Văn phòng,Hà Nội,Thanh Hóa,4.2,4.0,4.1,4.3,4.1,4.0,4.6,4.0,297,10,230000,0,0.0,Wednesday,15-10-2025,140
116,Vĩnh Quang,15:25:00,Văn phòng,17:55:00,Văn phòng,Hà Nội,Thanh Hóa,5.0,4.8,4.9,4.9,4.9,4.9,4.8,4.8,25,10,170000,0,0.0,Wednesday,15-10-2025,150
117,Đức Phát,17:00:00,Bến xe,19:30:00,Bến xe,Hà Nội,Thanh Hóa,4.8,4.7,4.7,4.6,4.7,4.6,4.8,4.7,87,24,250000,0,0.0,Wednesday,15-10-2025,150
118,Đức Phát,14:05:00,Bến xe,16:35:00,Bến xe,Hà Nội,Thanh Hóa,4.8,4.7,4.7,4.6,4.7,4.6,4.8,4.7,87,24,250000,0,0.0,Wednesday,15-10-2025,150
119,Đức Phát,21:00:00,Bến xe,23:30:00,Bến xe,Hà Nội,Thanh Hóa,4.8,4.7,4.7,4.6,4.7,4.6,4.8,4.7,87,24,250000,0,0.0,Wednesday,15-10-2025,150
120,Đức Phát,19:00:00,Bến xe,22:00:00,Bến xe,Hà Nội,Thanh Hóa,4.8,4.7,4.7,4.6,4.7,4.6,4.8,4.7,87,24,250000,0,0.0,Wednesday,15-10-2025,180
121,Đức Phát,19:00:00,Văn phòng,21:30:00,Bến xe,Hà Nội,Thanh Hóa,4.8,4.7,4.7,4.6,4.7,4.6,4.8,4.7,87,11,210000,0,0.0,Wednesday,15-10-2025,150
122,Vân Anh Limousine,20:00:00,Bến xe,23:00:00,Bến xe,Hà Nội,Thanh Hóa,4.9,4.9,4.9,4.9,4.9,4.9,5.0,4.8,32,24,230000,0,0.0,Wednesday,15-10-2025,180
123,Vân Anh Limousine,18:00:00,Bến xe,21:00:00,Bến xe,Hà Nội,Thanh Hóa,4.9,4.9,4.9,4.9,4.9,4.9,5.0,4.8,32,24,230000,0,0.0,Wednesday,15-10-2025,180
124,36 Limousine,05:31:00,Văn phòng,08:01:00,Văn phòng,Hà Nội,Thanh Hóa,4.8,4.8,4.8,4.7,4.7,4.7,4.7,4.8,502,11,230000,0,0.0,Wednesday,15-10-2025,150
125,Thành Trung Limousine,12:00:00,Văn phòng,14:00:00,Văn phòng,Hà Nội,Thanh Hóa,4.4,3.9,4.0,4.3,4.3,3.9,4.3,4.0,113,11,230000,210000,9.0,Wednesday,15-10-2025,120
126,36 Limousine,16:00:00,Văn phòng,18:30:00,Văn phòng,Hà Nội,Thanh Hóa,4.8,4.8,4.8,4.7,4.7,4.7,4.7,4.8,502,11,230000,0,0.0,Wednesday,15-10-2025,150
127,Đức Phát,06:00:00,Văn phòng,08:30:00,Văn phòng,Hà Nội,Thanh Hóa,4.8,4.7,4.7,4.6,4.7,4.6,4.8,4.7,87,11,200000,0,0.0,Wednesday,15-10-2025,150
128,Đức Phát,06:00:00,Văn phòng,08:00:00,Văn phòng,Hà Nội,Thanh Hóa,4.8,4.7,4.7,4.6,4.7,4.6,4.8,4.7,87,11,180000,0,0.0,Wednesday,15-10-2025,120
129,Thành Trung Limousine,09:00:00,Văn phòng,11:00:00,Văn phòng,Hà Nội,Thanh Hóa,4.4,3.9,4.0,4.3,4.3,3.9,4.3,4.0,113,11,230000,210000,9.0,Wednesday,15-10-2025,120
130,36 Limousine,21:00:00,Văn phòng,23:30:00,Văn phòng,Hà Nội,Thanh Hóa,4.8,4.8,4.8,4.7,4.7,4.7,4.7,4.8,502,11,230000,0,0.0,Wednesday,15-10-2025,150
131,Thành Trung Limousine,13:00:00,Văn phòng,15:00:00,Văn phòng,Hà Nội,Thanh Hóa,4.4,3.9,4.0,4.3,4.3,3.9,4.3,4.0,113,11,230000,210000,9.0,Wednesday,15-10-2025,120
132,Thành Trung Limousine,10:00:00,Văn phòng,12:00:00,Văn phòng,Hà Nội,Thanh Hóa,4.4,3.9,4.0,4.3,4.3,3.9,4.3,4.0,113,11,230000,210000,9.0,Wednesday,15-10-2025,120
133,Vân Anh Limousine,11:00:00,Bến xe,14:00:00,Bến xe,Hà Nội,Thanh Hóa,4.9,4.9,4.9,4.9,4.9,4.9,5.0,4.8,32,24,230000,200000,13.0,Wednesday,15-10-2025,180
134,Thành Trung Limousine,16:00:00,Văn phòng,18:00:00,Văn phòng,Hà Nội,Thanh Hóa,4.4,3.9,4.0,4.3,4.3,3.9,4.3,4.0,113,11,230000,210000,9.0,Wednesday,15-10-2025,120
135,Vân Anh Limousine,14:00:00,Bến xe,17:00:00,Bến xe,Hà Nội,Thanh Hóa,4.9,4.9,4.9,4.9,4.9,4.9,5.0,4.8,32,24,230000,200000,13.0,Wednesday,15-10-2025,180
136,Vân Anh Limousine,13:00:00,Bến xe,16:00:00,Bến xe,Hà Nội,Thanh Hóa,4.9,4.9,4.9,4.9,4.9,4.9,5.0,4.8,32,24,230000,200000,13.0,Wednesday,15-10-2025,180
137,Bình Hoài Limousine,09:00:00,Văn phòng,11:50:00,Other,Hà Nội,Thanh Hóa,4.2,4.0,4.1,4.3,4.1,4.0,4.6,4.0,297,10,230000,0,0.0,Wednesday,15-10-2025,170
138,Bình Hoài Limousine,10:00:00,Văn phòng,12:50:00,Other,Hà Nội,Thanh Hóa,4.2,4.0,4.1,4.3,4.1,4.0,4.6,4.0,297,10,230000,0,0.0,Wednesday,15-10-2025,170
139,Bình Hoài Limousine,11:00:00,Văn phòng,13:50:00,Other,Hà Nội,Thanh Hóa,4.2,4.0,4.1,4.3,4.1,4.0,4.6,4.0,297,10,230000,0,0.0,Wednesday,15-10-2025,170
140,Đức Phát,22:00:00,Bến xe,00:30:00,Bến xe,Hà Nội,Thanh Hóa,4.8,4.7,4.7,4.6,4.7,4.6,4.8,4.7,87,24,250000,0,0.0,Wednesday,15-10-2025,150
141,An Phát,11:00:00,Văn phòng,14:00:00,Văn phòng,Hà Nội,Thanh Hóa,4.2,3.9,3.9,4.1,3.9,3.8,5.0,4.0,23,7,250000,0,0.0,Wednesday,15-10-2025,180
142,Bình Hoài Limousine,08:00:00,Văn phòng,10:50:00,Other,Hà Nội,Thanh Hóa,4.2,4.0,4.1,4.3,4.1,4.0,4.6,4.0,297,10,230000,0,0.0,Wednesday,15-10-2025,170
143,Bình Hoài Limousine,08:00:00,Văn phòng,10:20:00,Văn phòng,Hà Nội,Thanh Hóa,4.2,4.0,4.1,4.3,4.1,4.0,4.6,4.0,297,10,230000,0,0.0,Wednesday,15-10-2025,140
144,Bình Hoài Limousine,15:00:00,Văn phòng,17:20:00,Văn phòng,Hà Nội,Thanh Hóa,4.2,4.0,4.1,4.3,4.1,4.0,4.6,4.0,297,10,230000,0,0.0,Wednesday,15-10-2025,140
145,Vĩnh Quang,14:25:00,Văn phòng,16:55:00,Văn phòng,Hà Nội,Thanh Hóa,5.0,4.8,4.9,4.9,4.9,4.9,4.8,4.8,25,10,170000,0,0.0,Wednesday,15-10-2025,150
146,An Phát,14:00:00,Văn phòng,17:00:00,Văn phòng,Hà Nội,Thanh Hóa,4.2,3.9,3.9,4.1,3.9,3.8,5.0,4.0,23,7,250000,0,0.0,Wednesday,15-10-2025,180
147,Vân Anh Limousine,19:00:00,Bến xe,22:00:00,Bến xe,Hà Nội,Thanh Hóa,4.9,4.9,4.9,4.9,4.9,4.9,5.0,4.8,32,24,230000,200000,13.0,Wednesday,15-10-2025,180
148,Vân Anh Limousine,15:00:00,Bến xe,18:00:00,Bến xe,Hà Nội,Thanh Hóa,4.9,4.9,4.9,4.9,4.9,4.9,5.0,4.8,32,24,230000,200000,13.0,Wednesday,15-10-2025,180
149,Vân Anh Limousine,12:00:00,Bến xe,15:00:00,Bến xe,Hà Nội,Thanh Hóa,4.9,4.9,4.9,4.9,4.9,4.9,5.0,4.8,32,24,230000,0,0.0,Wednesday,15-10-2025,180
150,Bình Hoài Limousine,11:00:00,Văn phòng,13:20:00,Văn phòng,Hà Nội,Thanh Hóa,4.2,4.0,4.1,4.3,4.1,4.0,4.6,4.0,297,10,230000,0,0.0,Wednesday,15-10-2025,140
151,Bình Hoài Limousine,16:00:00,Văn phòng,18:50:00,Other,Hà Nội,Thanh Hóa,4.2,4.0,4.1,4.3,4.1,4.0,4.6,4.0,297,10,230000,0,0.0,Wednesday,15-10-2025,170
152,Bình Hoài Limousine,13:00:00,Văn phòng,15:20:00,Văn phòng,Hà Nội,Thanh Hóa,4.2,4.0,4.1,4.3,4.1,4.0,4.6,4.0,297,10,230000,0,0.0,Wednesday,15-10-2025,140
153,An Phát,17:00:00,Văn phòng,20:00:00,Văn phòng,Hà Nội,Thanh Hóa,4.2,3.9,3.9,4.1,3.9,3.8,5.0,4.0,23,7,250000,0,0.0,Wednesday,15-10-2025,180
154,Vĩnh Quang,16:25:00,Văn phòng,18:55:00,Văn phòng,Hà Nội,Thanh Hóa,5.0,4.8,4.9,4.9,4.9,4.9,4.8,4.8,25,10,170000,0,0.0,Wednesday,15-10-2025,150
155,Đức Phát,07:00:00,Văn phòng,09:30:00,Bến xe,Hà Nội,Thanh Hóa,4.8,4.7,4.7,4.6,4.7,4.6,4.8,4.7,87,11,210000,0,0.0,Wednesday,15-10-2025,150
156,Bình Hoài Limousine,10:00:00,Văn phòng,12:20:00,Văn phòng,Hà Nội,Thanh Hóa,4.2,4.0,4.1,4.3,4.1,4.0,4.6,4.0,297,10,230000,0,0.0,Wednesday,15-10-2025,140
157,Vĩnh Quang,18:25:00,Văn phòng,20:55:00,Văn phòng,Hà Nội,Thanh Hóa,5.0,4.8,4.9,4.9,4.9,4.9,4.8,4.8,25,10,170000,0,0.0,Wednesday,15-10-2025,150
158,Vân Anh Limousine,18:00:00,Bến xe,21:00:00,Bến xe,Hà Nội,Thanh Hóa,4.9,4.9,4.9,4.9,4.9,4.9,5.0,4.8,32,24,230000,200000,13.0,Wednesday,15-10-2025,180
159,Vân Anh Limousine,18:00:00,Bến xe,21:00:00,Bến xe,Hà Nội,Thanh Hóa,4.9,4.9,4.9,4.9,4.9,4.9,5.0,4.8,32,24,230000,200000,13.0,Wednesday,15-10-2025,180
160,Bình Hoài Limousine,12:00:00,Văn phòng,14:20:00,Văn phòng,Hà Nội,Thanh Hóa,4.2,4.0,4.1,4.3,4.1,4.0,4.6,4.0,297,10,230000,0,0.0,Wednesday,15-10-2025,140
161,Đức Phát,22:00:00,Văn phòng,00:30:00,Bến xe,Hà Nội,Thanh Hóa,4.8,4.7,4.7,4.6,4.7,4.6,4.8,4.7,87,11,210000,0,0.0,Wednesday,15-10-2025,150
162,Vân Anh Limousine,14:00:00,Bến xe,17:00:00,Bến xe,Hà Nội,Thanh Hóa,4.9,4.9,4.9,4.9,4.9,4.9,5.0,4.8,32,24,230000,0,0.0,Wednesday,15-10-2025,180
163,Vân Anh Limousine,22:00:00,Bến xe,01:00:00,Bến xe,Hà Nội,Thanh Hóa,4.9,4.9,4.9,4.9,4.9,4.9,5.0,4.8,32,24,230000,0,0.0,Wednesday,15-10-2025,180
164,Vân Anh Limousine,22:30:00,Bến xe,02:00:00,Văn phòng,Hà Nội,Thanh Hóa,4.9,4.9,4.9,4.9,4.9,4.9,5.0,4.8,32,24,230000,0,0.0,Wednesday,15-10-2025,210
165,Bình Hoài Limousine,17:00:00,Văn phòng,19:50:00,Other,Hà Nội,Thanh Hóa,4.2,4.0,4.1,4.3,4.1,4.0,4.6,4.0,297,10,230000,0,0.0,Wednesday,15-10-2025,170
166,Vân Anh Limousine,17:00:00,Bến xe,20:00:00,Bến xe,Hà Nội,Thanh Hóa,4.9,4.9,4.9,4.9,4.9,4.9,5.0,4.8,32,24,230000,200000,13.0,Wednesday,15-10-2025,180
167,Vân Anh Limousine,12:00:00,Bến xe,15:00:00,Bến xe,Hà Nội,Thanh Hóa,4.9,4.9,4.9,4.9,4.9,4.9,5.0,4.8,32,24,230000,200000,13.0,Wednesday,15-10-2025,180
168,Vân Anh Limousine,20:00:00,Bến xe,23:00:00,Bến xe,Hà Nội,Thanh Hóa,4.9,4.9,4.9,4.9,4.9,4.9,5.0,4.8,32,24,230000,200000,13.0,Wednesday,15-10-2025,180
169,Bình Hoài Limousine,06:00:00,Văn phòng,08:50:00,Other,Hà Nội,Thanh Hóa,4.2,4.0,4.1,4.3,4.1,4.0,4.6,4.0,297,10,230000,0,0.0,Wednesday,15-10-2025,170
170,Vân Anh Limousine,21:00:00,Bến xe,00:00:00,Bến xe,Hà Nội,Thanh Hóa,4.9,4.9,4.9,4.9,4.9,4.9,5.0,4.8,32,24,230000,200000,13.0,Wednesday,15-10-2025,180
171,Vân Anh Limousine,19:30:00,Bến xe,23:00:00,Văn phòng,Hà Nội,Thanh Hóa,4.9,4.9,4.9,4.9,4.9,4.9,5.0,4.8,32,24,230000,0,0.0,Wednesday,15-10-2025,210
172,Bình Hoài Limousine,09:00:00,Văn phòng,11:20:00,Văn phòng,Hà Nội,Thanh Hóa,4.2,4.0,4.1,4.3,4.1,4.0,4.6,4.0,297,10,230000,0,0.0,Wednesday,15-10-2025,140
173,Vân Anh Limousine,15:00:00,Bến xe,18:00:00,Bến xe,Hà Nội,Thanh Hóa,4.9,4.9,4.9,4.9,4.9,4.9,5.0,4.8,32,24,230000,0,0.0,Wednesday,15-10-2025,180
174,Vân Anh Limousine,21:30:00,Bến xe,01:00:00,Văn phòng,Hà Nội,Thanh Hóa,4.9,4.9,4.9,4.9,4.9,4.9,5.0,4.8,32,24,230000,0,0.0,Wednesday,15-10-2025,210
175,Vân Anh Limousine,21:30:00,Bến xe,00:30:00,Văn phòng,Hà Nội,Thanh Hóa,4.9,4.9,4.9,4.9,4.9,4.9,5.0,4.8,32,24,230000,0,0.0,Wednesday,15-10-2025,180
176,Bình Hoài Limousine,20:00:00,Văn phòng,22:50:00,Other,Hà Nội,Thanh Hóa,4.2,4.0,4.1,4.3,4.1,4.0,4.6,4.0,297,10,230000,0,0.0,Wednesday,15-10-2025,170
177,Vân Anh Limousine,17:00:00,Bến xe,20:00:00,Bến xe,Hà Nội,Thanh Hóa,4.9,4.9,4.9,4.9,4.9,4.9,5.0,4.8,32,24,230000,200000,13.0,Wednesday,15-10-2025,180
178,Đức Phát,14:00:00,Bến xe,17:20:00,Bến xe,Hà Nội,Thanh Hóa,4.8,4.7,4.7,4.6,4.7,4.6,4.8,4.7,87,24,250000,0,0.0,Wednesday,15-10-2025,200
179,Vân Anh Limousine,19:00:00,Bến xe,22:00:00,Bến xe,Hà Nội,Thanh Hóa,4.9,4.9,4.9,4.9,4.9,4.9,5.0,4.8,32,24,230000,0,0.0,Wednesday,15-10-2025,180
180,Vân Anh Limousine,11:30:00,Bến xe,14:30:00,Văn phòng,Hà Nội,Thanh Hóa,4.9,4.9,4.9,4.9,4.9,4.9,5.0,4.8,32,24,230000,0,0.0,Wednesday,15-10-2025,180
181,Vân Anh Limousine,22:30:00,Bến xe,01:30:00,Văn phòng,Hà Nội,Thanh Hóa,4.9,4.9,4.9,4.9,4.9,4.9,5.0,4.8,32,24,230000,0,0.0,Wednesday,15-10-2025,180
182,Vân Anh Limousine,12:30:00,Bến xe,16:00:00,Văn phòng,Hà Nội,Thanh Hóa,4.9,4.9,4.9,4.9,4.9,4.9,5.0,4.8,32,24,230000,0,0.0,Wednesday,15-10-2025,210
183,Vân Anh Limousine,14:30:00,Bến xe,17:30:00,Văn phòng,Hà Nội,Thanh Hóa,4.9,4.9,4.9,4.9,4.9,4.9,5.0,4.8,32,24,230000,0,0.0,Wednesday,15-10-2025,180
184,An Phát,08:00:00,Văn phòng,11:00:00,Văn phòng,Hà Nội,Thanh Hóa,4.2,3.9,3.9,4.1,3.9,3.8,5.0,4.0,23,7,250000,0,0.0,Wednesday,15-10-2025,180
185,Vân Anh Limousine,16:30:00,Bến xe,20:00:00,Văn phòng,Hà Nội,Thanh Hóa,4.9,4.9,4.9,4.9,4.9,4.9,5.0,4.8,32,24,230000,0,0.0,Wednesday,15-10-2025,210
186,Vân Anh Limousine,14:00:00,Bến xe,17:00:00,Bến xe,Hà Nội,Thanh Hóa,4.9,4.9,4.9,4.9,4.9,4.9,5.0,4.8,32,24,230000,0,0.0,Wednesday,15-10-2025,180
187,Đức Phát,09:00:00,Bến xe,12:00:00,Bến xe,Hà Nội,Thanh Hóa,4.8,4.7,4.7,4.6,4.7,4.6,4.8,4.7,87,24,250000,0,0.0,Wednesday,15-10-2025,180
188,An Phát,16:00:00,Văn phòng,19:00:00,Văn phòng,Hà Nội,Thanh Hóa,4.2,3.9,3.9,4.1,3.9,3.8,5.0,4.0,23,7,250000,0,0.0,Wednesday,15-10-2025,180
189,Vân Anh Limousine,19:00:00,Bến xe,22:00:00,Bến xe,Hà Nội,Thanh Hóa,4.9,4.9,4.9,4.9,4.9,4.9,5.0,4.8,32,24,230000,200000,13.0,Wednesday,15-10-2025,180
190,Thành Trung Travel,08:00:00,Văn phòng,11:15:00,Văn phòng,Hà Nội,Thanh Hóa,4.4,3.9,4.0,4.3,4.3,3.9,4.3,4.0,113,24,250000,225000,10.0,Wednesday,15-10-2025,195
191,Vân Anh Limousine,11:00:00,Bến xe,14:00:00,Bến xe,Hà Nội,Thanh Hóa,,,,,,,,4.8,32,24,230000,0,0.0,Wednesday,15-10-2025,180
192,An Phát,18:00:00,Văn phòng,21:00:00,Văn phòng,Hà Nội,Thanh Hóa,,,,,,,,4.0,23,7,250000,0,0.0,Wednesday,15-10-2025,180
193,Vân Anh Limousine,22:30:00,Bến xe,01:30:00,Bến xe,Hà Nội,Thanh Hóa,4.9,4.9,4.9,4.9,4.9,4.9,5.0,4.8,32,24,230000,0,0.0,Wednesday,15-10-2025,180
194,Vân Anh Limousine,16:00:00,Bến xe,19:00:00,Bến xe,Hà Nội,Thanh Hóa,,,,,,,,4.8,32,24,230000,0,0.0,Wednesday,15-10-2025,180
195,An Phát,20:00:00,Văn phòng,23:00:00,Văn phòng,Hà Nội,Thanh Hóa,4.2,3.9,3.9,4.1,3.9,3.8,5.0,4.0,23,7,250000,0,0.0,Wednesday,15-10-2025,180
196,Đức Phát,13:00:00,Bến xe,16:00:00,Bến xe,Hà Nội,Thanh Hóa,4.8,4.7,4.7,4.6,4.7,4.6,4.8,4.7,87,24,250000,0,0.0,Wednesday,15-10-2025,180
197,36 Limousine,21:01:00,Văn phòng,23:31:00,Văn phòng,Hà Nội,Thanh Hóa,4.8,4.8,4.8,4.7,4.7,4.7,4.7,4.8,502,11,230000,0,0.0,Wednesday,15-10-2025,150
198,36 Limousine,17:01:00,Văn phòng,19:31:00,Văn phòng,Hà Nội,Thanh Hóa,4.8,4.8,4.8,4.7,4.7,4.7,4.7,4.8,502,11,230000,0,0.0,Wednesday,15-10-2025,150
199,36 Limousine,07:00:00,Văn phòng,09:30:00,Văn phòng,Hà Nội,Thanh Hóa,4.8,4.8,4.8,4.7,4.7,4.7,4.7,4.8,502,11,230000,0,0.0,Wednesday,15-10-2025,150
200,36 Limousine,12:01:00,Văn phòng,14:31:00,Văn phòng,Hà Nội,Thanh Hóa,4.8,4.8,4.8,4.7,4.7,4.7,4.7,4.8,502,11,230000,0,0.0,Wednesday,15-10-2025,150
201,36 Limousine,18:01:00,Văn phòng,20:31:00,Văn phòng,Hà Nội,Thanh Hóa,4.8,4.8,4.8,4.7,4.7,4.7,4.7,4.8,502,11,230000,0,0.0,Wednesday,15-10-2025,150
202,36 Limousine,12:00:00,Văn phòng,14:30:00,Văn phòng,Hà Nội,Thanh Hóa,4.8,4.8,4.8,4.7,4.7,4.7,4.7,4.8,502,11,230000,0,0.0,Wednesday,15-10-2025,150
203,36 Limousine,17:00:00,Văn phòng,19:30:00,Văn phòng,Hà Nội,Thanh Hóa,4.8,4.8,4.8,4.7,4.7,4.7,4.7,4.8,502,11,230000,0,0.0,Wednesday,15-10-2025,150
204,36 Limousine,10:01:00,Văn phòng,12:31:00,Văn phòng,Hà Nội,Thanh Hóa,4.8,4.8,4.8,4.7,4.7,4.7,4.7,4.8,502,11,230000,0,0.0,Wednesday,15-10-2025,150
205,36 Limousine,11:01:00,Văn phòng,13:31:00,Văn phòng,Hà Nội,Thanh Hóa,4.8,4.8,4.8,4.7,4.7,4.7,4.7,4.8,502,11,230000,0,0.0,Wednesday,15-10-2025,150
206,36 Limousine,16:01:00,Văn phòng,18:31:00,Văn phòng,Hà Nội,Thanh Hóa,4.8,4.8,4.8,4.7,4.7,4.7,4.7,4.8,502,11,230000,0,0.0,Wednesday,15-10-2025,150
207,36 Limousine,19:01:00,Văn phòng,21:31:00,Văn phòng,Hà Nội,Thanh Hóa,4.8,4.8,4.8,4.7,4.7,4.7,4.7,4.8,502,11,230000,0,0.0,Wednesday,15-10-2025,150
208,36 Limousine,11:00:00,Văn phòng,13:30:00,Văn phòng,Hà Nội,Thanh Hóa,4.8,4.8,4.8,4.7,4.7,4.7,4.7,4.8,502,11,230000,0,0.0,Wednesday,15-10-2025,150
209,Vân Anh Limousine,13:30:00,Bến xe,17:00:00,Văn phòng,Hà Nội,Thanh Hóa,4.9,4.9,4.9,4.9,4.9,4.9,5.0,4.8,32,24,230000,0,0.0,Wednesday,15-10-2025,210
210,Thành Trung Limousine,22:00:00,Văn phòng,00:00:00,Văn phòng,Hà Nội,Thanh Hóa,4.4,3.9,4.0,4.3,4.3,3.9,4.3,4.0,113,11,230000,210000,9.0,Wednesday,15-10-2025,120
211,Thành Trung Limousine,23:00:00,Văn phòng,01:00:00,Văn phòng,Hà Nội,Thanh Hóa,4.4,3.9,4.0,4.3,4.3,3.9,4.3,4.0,113,11,230000,210000,9.0,Wednesday,15-10-2025,120
212,Vân Anh Limousine,13:30:00,Bến xe,16:30:00,Văn phòng,Hà Nội,Thanh Hóa,4.9,4.9,4.9,4.9,4.9,4.9,5.0,4.8,32,24,230000,0,0.0,Wednesday,15-10-2025,180
213,Vân Anh Limousine,18:00:00,Bến xe,21:00:00,Bến xe,Hà Nội,Thanh Hóa,4.9,4.9,4.9,4.9,4.9,4.9,5.0,4.8,32,24,230000,0,0.0,Wednesday,15-10-2025,180
214,Vân Anh Limousine,12:00:00,Bến xe,15:00:00,Bến xe,Hà Nội,Thanh Hóa,4.9,4.9,4.9,4.9,4.9,4.9,5.0,4.8,32,24,230000,0,0.0,Wednesday,15-10-2025,180
215,Bình Hoài Limousine,14:00:00,Văn phòng,16:20:00,Văn phòng,Hà Nội,Thanh Hóa,4.2,4.0,4.1,4.3,4.1,4.0,4.6,4.0,297,10,230000,0,0.0,Wednesday,15-10-2025,140
216,An Phát,09:00:00,Văn phòng,12:00:00,Văn phòng,Hà Nội,Thanh Hóa,4.2,3.9,3.9,4.1,3.9,3.8,5.0,4.0,23,7,250000,0,0.0,Wednesday,15-10-2025,180
217,An Phát,13:00:00,Văn phòng,16:00:00,Văn phòng,Hà Nội,Thanh Hóa,4.2,3.9,3.9,4.1,3.9,3.8,5.0,4.0,23,7,250000,0,0.0,Wednesday,15-10-2025,180
218,Bình Hoài Limousine,16:00:00,Văn phòng,18:20:00,Văn phòng,Hà Nội,Thanh Hóa,,,,,,,,4.0,297,10,230000,0,0.0,Wednesday,15-10-2025,140
219,Bình Hoài Limousine,20:00:00,Văn phòng,22:20:00,Văn phòng,Hà Nội,Thanh Hóa,,,,,,,,4.0,297,10,230000,0,0.0,Wednesday,15-10-2025,140
220,Bình Hoài Limousine,12:00:00,Văn phòng,14:50:00,Other,Hà Nội,Thanh Hóa,4.2,4.0,4.1,4.3,4.1,4.0,4.6,4.0,297,10,230000,0,0.0,Wednesday,15-10-2025,170
221,Vân Anh Limousine,12:00:00,Bến xe,15:00:00,Bến xe,Hà Nội,Thanh Hóa,4.9,4.9,4.9,4.9,4.9,4.9,5.0,4.8,32,24,230000,200000,13.0,Wednesday,15-10-2025,180
222,Vân Anh Limousine,16:00:00,Bến xe,19:00:00,Bến xe,Hà Nội,Thanh Hóa,4.9,4.9,4.9,4.9,4.9,4.9,5.0,4.8,32,24,230000,200000,13.0,Wednesday,15-10-2025,180
223,Đức Phát,15:01:00,Bến xe,17:31:00,Bến xe,Hà Nội,Thanh Hóa,4.8,4.7,4.7,4.6,4.7,4.6,4.8,4.7,87,24,250000,0,0.0,Wednesday,15-10-2025,150
224,Đức Phát,15:01:00,Bến xe,18:21:00,Bến xe,Hà Nội,Thanh Hóa,4.8,4.7,4.7,4.6,4.7,4.6,4.8,4.7,87,24,250000,0,0.0,Wednesday,15-10-2025,200
225,Đức Phát,20:01:00,Bến xe,23:21:00,Bến xe,Hà Nội,Thanh Hóa,4.8,4.7,4.7,4.6,4.7,4.6,4.8,4.7,87,24,250000,0,0.0,Wednesday,15-10-2025,200
226,Đức Phát,18:00:00,Văn phòng,20:30:00,Bến xe,Hà Nội,Thanh Hóa,4.8,4.7,4.7,4.6,4.7,4.6,4.8,4.7,87,11,210000,0,0.0,Wednesday,15-10-2025,150
227,Đức Phát,09:01:00,Bến xe,12:21:00,Bến xe,Hà Nội,Thanh Hóa,4.8,4.7,4.7,4.6,4.7,4.6,4.8,4.7,87,24,250000,0,0.0,Wednesday,15-10-2025,200
228,Đức Phát,09:01:00,Bến xe,11:31:00,Bến xe,Hà Nội,Thanh Hóa,4.8,4.7,4.7,4.6,4.7,4.6,4.8,4.7,87,24,250000,0,0.0,Wednesday,15-10-2025,150
229,Đức Phát,20:01:00,Bến xe,22:31:00,Bến xe,Hà Nội,Thanh Hóa,4.8,4.7,4.7,4.6,4.7,4.6,4.8,4.7,87,24,250000,0,0.0,Wednesday,15-10-2025,150
230,Đức Phát,18:01:00,Bến xe,20:31:00,Bến xe,Hà Nội,Thanh Hóa,4.8,4.7,4.7,4.6,4.7,4.6,4.8,4.7,87,24,250000,0,0.0,Wednesday,15-10-2025,150
231,Đức Phát,13:00:00,Văn phòng,15:00:00,Văn phòng,Hà Nội,Thanh Hóa,4.8,4.7,4.7,4.6,4.7,4.6,4.8,4.7,87,11,180000,0,0.0,Wednesday,15-10-2025,120
232,Đức Phát,10:00:00,Văn phòng,12:00:00,Văn phòng,Hà Nội,Thanh Hóa,4.8,4.7,4.7,4.6,4.7,4.6,4.8,4.7,87,11,180000,0,0.0,Wednesday,15-10-2025,120
233,Đức Phát,15:00:00,Văn phòng,17:30:00,Văn phòng,Hà Nội,Thanh Hóa,4.8,4.7,4.7,4.6,4.7,4.6,4.8,4.7,87,11,200000,0,0.0,Wednesday,15-10-2025,150
234,Đức Phát,18:00:00,Văn phòng,20:30:00,Văn phòng,Hà Nội,Thanh Hóa,4.8,4.7,4.7,4.6,4.7,4.6,4.8,4.7,87,11,200000,0,0.0,Wednesday,15-10-2025,150
235,Đức Phát,20:00:00,Văn phòng,22:00:00,Văn phòng,Hà Nội,Thanh Hóa,4.8,4.7,4.7,4.6,4.7,4.6,4.8,4.7,87,11,180000,0,0.0,Wednesday,15-10-2025,120
236,Đức Phát,09:00:00,Văn phòng,11:30:00,Văn phòng,Hà Nội,Thanh Hóa,4.8,4.7,4.7,4.6,4.7,4.6,4.8,4.7,87,11,200000,0,0.0,Wednesday,15-10-2025,150
237,Đức Phát,08:00:00,Văn phòng,10:30:00,Văn phòng,Hà Nội,Thanh Hóa,4.8,4.7,4.7,4.6,4.7,4.6,4.8,4.7,87,11,200000,0,0.0,Wednesday,15-10-2025,150
238,Đức Phát,09:00:00,Văn phòng,11:00:00,Văn phòng,Hà Nội,Thanh Hóa,4.8,4.7,4.7,4.6,4.7,4.6,4.8,4.7,87,11,180000,0,0.0,Wednesday,15-10-2025,120
239,Đức Phát,07:00:00,Văn phòng,09:00:00,Văn phòng,Hà Nội,Thanh Hóa,4.8,4.7,4.7,4.6,4.7,4.6,4.8,4.7,87,11,180000,0,0.0,Wednesday,15-10-2025,120
240,Đức Phát,17:00:00,Văn phòng,19:30:00,Văn phòng,Hà Nội,Thanh Hóa,4.8,4.7,4.7,4.6,4.7,4.6,4.8,4.7,87,11,200000,0,0.0,Wednesday,15-10-2025,150
241,Đức Phát,07:00:00,Văn phòng,09:30:00,Văn phòng,Hà Nội,Thanh Hóa,4.8,4.7,4.7,4.6,4.7,4.6,4.8,4.7,87,11,200000,0,0.0,Wednesday,15-10-2025,150
242,Đức Phát,16:00:00,Văn phòng,18:30:00,Văn phòng,Hà Nội,Thanh Hóa,4.8,4.7,4.7,4.6,4.7,4.6,4.8,4.7,87,11,200000,0,0.0,Wednesday,15-10-2025,150
243,Đức Phát,14:00:00,Văn phòng,16:00:00,Văn phòng,Hà Nội,Thanh Hóa,,,,,,,,4.7,87,11,180000,0,0.0,Wednesday,15-10-2025,120
244,Đức Phát,12:00:00,Văn phòng,14:00:00,Văn phòng,Hà Nội,Thanh Hóa,,,,,,,,4.7,87,11,180000,0,0.0,Wednesday,15-10-2025,120
245,Đức Phát,15:00:00,Văn phòng,17:00:00,Văn phòng,Hà Nội,Thanh Hóa,4.8,4.7,4.7,4.6,4.7,4.6,4.8,4.7,87,11,180000,0,0.0,Wednesday,15-10-2025,120
246,Đức Phát,08:00:00,Văn phòng,10:00:00,Văn phòng,Hà Nội,Thanh Hóa,,,,,,,,4.7,87,11,180000,0,0.0,Wednesday,15-10-2025,120
247,Đức Phát,12:00:00,Văn phòng,14:30:00,Văn phòng,Hà Nội,Thanh Hóa,,,,,,,,4.7,87,11,200000,0,0.0,Wednesday,15-10-2025,150
248,Đức Phát,10:00:00,Văn phòng,12:30:00,Văn phòng,Hà Nội,Thanh Hóa,4.8,4.7,4.7,4.6,4.7,4.6,4.8,4.7,87,11,200000,0,0.0,Wednesday,15-10-2025,150
249,Đức Phát,19:00:00,Văn phòng,21:30:00,Văn phòng,Hà Nội,Thanh Hóa,4.8,4.7,4.7,4.6,4.7,4.6,4.8,4.7,87,11,200000,0,0.0,Wednesday,15-10-2025,150
250,Đức Phát,19:00:00,Văn phòng,21:00:00,Văn phòng,Hà Nội,Thanh Hóa,4.8,4.7,4.7,4.6,4.7,4.6,4.8,4.7,87,11,180000,0,0.0,Wednesday,15-10-2025,120
251,Đức Phát,20:00:00,Văn phòng,22:30:00,Văn phòng,Hà Nội,Thanh Hóa,4.8,4.7,4.7,4.6,4.7,4.6,4.8,4.7,87,11,200000,0,0.0,Wednesday,15-10-2025,150
252,Đức Phát,17:00:00,Văn phòng,19:00:00,Văn phòng,Hà Nội,Thanh Hóa,4.8,4.7,4.7,4.6,4.7,4.6,4.8,4.7,87,11,180000,0,0.0,Wednesday,15-10-2025,120
253,Đức Phát,13:00:00,Văn phòng,15:30:00,Văn phòng,Hà Nội,Thanh Hóa,4.8,4.7,4.7,4.6,4.7,4.6,4.8,4.7,87,11,200000,0,0.0,Wednesday,15-10-2025,150
254,Đức Phát,16:00:00,Văn phòng,18:00:00,Văn phòng,Hà Nội,Thanh Hóa,4.8,4.7,4.7,4.6,4.7,4.6,4.8,4.7,87,11,180000,0,0.0,Wednesday,15-10-2025,120
255,Đức Phát,18:00:00,Văn phòng,20:00:00,Văn phòng,Hà Nội,Thanh Hóa,4.8,4.7,4.7,4.6,4.7,4.6,4.8,4.7,87,11,180000,0,0.0,Wednesday,15-10-2025,120
256,Đức Phát,11:00:00,Văn phòng,13:00:00,Văn phòng,Hà Nội,Thanh Hóa,4.8,4.7,4.7,4.6,4.7,4.6,4.8,4.7,87,11,180000,0,0.0,Wednesday,15-10-2025,120
257,Đức Phát,11:00:00,Văn phòng,13:30:00,Văn phòng,Hà Nội,Thanh Hóa,4.8,4.7,4.7,4.6,4.7,4.6,4.8,4.7,87,11,200000,0,0.0,Wednesday,15-10-2025,150
258,Đức Phát,14:00:00,Văn phòng,16:30:00,Văn phòng,Hà Nội,Thanh Hóa,4.8,4.7,4.7,4.6,4.7,4.6,4.8,4.7,87,11,200000,0,0.0,Wednesday,15-10-2025,150
259,Vân Anh Limousine,15:00:00,Bến xe,18:00:00,Bến xe,Hà Nội,Thanh Hóa,4.9,4.9,4.9,4.9,4.9,4.9,5.0,4.8,32,24,230000,0,0.0,Wednesday,15-10-2025,180
260,Vân Anh Limousine,14:30:00,Bến xe,18:00:00,Văn phòng,Hà Nội,Thanh Hóa,4.9,4.9,4.9,4.9,4.9,4.9,5.0,4.8,32,24,230000,0,0.0,Wednesday,15-10-2025,210
261,Vân Anh Limousine,16:30:00,Bến xe,19:30:00,Văn phòng,Hà Nội,Thanh Hóa,4.9,4.9,4.9,4.9,4.9,4.9,5.0,4.8,32,24,230000,0,0.0,Wednesday,15-10-2025,180
262,Vân Anh Limousine,15:30:00,Bến xe,18:30:00,Văn phòng,Hà Nội,Thanh Hóa,4.9,4.9,4.9,4.9,4.9,4.9,5.0,4.8,32,24,230000,0,0.0,Wednesday,15-10-2025,180
263,Vân Anh Limousine,19:30:00,Bến xe,22:30:00,Văn phòng,Hà Nội,Thanh Hóa,4.9,4.9,4.9,4.9,4.9,4.9,5.0,4.8,32,24,230000,0,0.0,Wednesday,15-10-2025,180
264,Vân Anh Limousine,18:30:00,Bến xe,21:30:00,Văn phòng,Hà Nội,Thanh Hóa,4.9,4.9,4.9,4.9,4.9,4.9,5.0,4.8,32,24,230000,0,0.0,Wednesday,15-10-2025,180
265,Vân Anh Limousine,17:30:00,Bến xe,20:30:00,Văn phòng,Hà Nội,Thanh Hóa,4.9,4.9,4.9,4.9,4.9,4.9,5.0,4.8,32,24,230000,0,0.0,Wednesday,15-10-2025,180
266,Vân Anh Limousine,17:30:00,Bến xe,21:00:00,Văn phòng,Hà Nội,Thanh Hóa,4.9,4.9,4.9,4.9,4.9,4.9,5.0,4.8,32,24,230000,0,0.0,Wednesday,15-10-2025,210
267,Vân Anh Limousine,12:30:00,Bến xe,15:30:00,Văn phòng,Hà Nội,Thanh Hóa,4.9,4.9,4.9,4.9,4.9,4.9,5.0,4.8,32,24,230000,0,0.0,Wednesday,15-10-2025,180
268,Vân Anh Limousine,20:30:00,Bến xe,00:00:00,Văn phòng,Hà Nội,Thanh Hóa,4.9,4.9,4.9,4.9,4.9,4.9,5.0,4.8,32,24,230000,0,0.0,Wednesday,15-10-2025,210
269,Vân Anh Limousine,20:30:00,Bến xe,23:30:00,Văn phòng,Hà Nội,Thanh Hóa,4.9,4.9,4.9,4.9,4.9,4.9,5.0,4.8,32,24,230000,0,0.0,Wednesday,15-10-2025,180
270,Vân Anh Limousine,21:00:00,Bến xe,00:00:00,Bến xe,Hà Nội,Thanh Hóa,4.9,4.9,4.9,4.9,4.9,4.9,5.0,4.8,32,24,230000,0,0.0,Wednesday,15-10-2025,180
271,Vân Anh Limousine,18:30:00,Bến xe,22:00:00,Văn phòng,Hà Nội,Thanh Hóa,4.9,4.9,4.9,4.9,4.9,4.9,5.0,4.8,32,24,230000,0,0.0,Wednesday,15-10-2025,210
272,Vân Anh Limousine,15:30:00,Bến xe,19:00:00,Văn phòng,Hà Nội,Thanh Hóa,4.9,4.9,4.9,4.9,4.9,4.9,5.0,4.8,32,24,230000,0,0.0,Wednesday,15-10-2025,210
273,Vân Anh Limousine,16:00:00,Bến xe,19:00:00,Bến xe,Hà Nội,Thanh Hóa,4.9,4.9,4.9,4.9,4.9,4.9,5.0,4.8,32,24,230000,0,0.0,Wednesday,15-10-2025,180
274,Vân Anh Limousine,19:00:00,Bến xe,22:00:00,Bến xe,Hà Nội,Thanh Hóa,4.9,4.9,4.9,4.9,4.9,4.9,5.0,4.8,32,24,230000,0,0.0,Wednesday,15-10-2025,180
275,FUTA HÀ SƠN,08:30:00,Bến xe,10:30:00,Other,Hà Nội,Thanh Hóa,4.9,4.7,4.8,4.8,4.8,4.7,4.8,4.8,318,34,200000,0,0.0,Wednesday,15-10-2025,120
276,FUTA HÀ SƠN,12:40:00,Bến xe,14:40:00,Other,Hà Nội,Thanh Hóa,4.9,4.7,4.8,4.8,4.8,4.7,4.8,4.8,318,34,200000,0,0.0,Wednesday,15-10-2025,120
277,FUTA HÀ SƠN,19:30:00,Bến xe,21:30:00,Other,Hà Nội,Thanh Hóa,4.9,4.7,4.8,4.8,4.8,4.7,4.8,4.8,318,34,200000,0,0.0,Wednesday,15-10-2025,120
278,FUTA HÀ SƠN,17:20:00,Bến xe,19:50:00,Other,Hà Nội,Thanh Hóa,4.9,4.7,4.8,4.8,4.8,4.7,4.8,4.8,318,34,300000,0,0.0,Wednesday,15-10-2025,150
279,FUTA HÀ SƠN,10:30:00,Bến xe,12:30:00,Other,Hà Nội,Thanh Hóa,4.9,4.7,4.8,4.8,4.8,4.7,4.8,4.8,318,34,200000,0,0.0,Wednesday,15-10-2025,120
280,FUTA HÀ SƠN,23:40:00,Bến xe,01:40:00,Other,Hà Nội,Thanh Hóa,4.9,4.7,4.8,4.8,4.8,4.7,4.8,4.8,318,24,390000,0,0.0,Wednesday,15-10-2025,120
281,FUTA HÀ SƠN,22:20:00,Bến xe,00:20:00,Other,Hà Nội,Thanh Hóa,4.9,4.7,4.8,4.8,4.8,4.7,4.8,4.8,318,34,200000,0,0.0,Wednesday,15-10-2025,120
282,FUTA HÀ SƠN,19:30:00,Bến xe,22:00:00,Other,Hà Nội,Thanh Hóa,4.9,4.7,4.8,4.8,4.8,4.7,4.8,4.8,318,24,500000,0,0.0,Wednesday,15-10-2025,150
283,FUTA HÀ SƠN,14:20:00,Bến xe,16:20:00,Other,Hà Nội,Thanh Hóa,4.9,4.7,4.8,4.8,4.8,4.7,4.8,4.8,318,24,390000,0,0.0,Wednesday,15-10-2025,120
284,Thành Trung Limousine,11:00:00,Văn phòng,13:30:00,Văn phòng,Hà Nội,Thanh Hóa,4.4,3.9,4.0,4.3,4.3,3.9,4.3,4.0,113,11,280000,260000,7.0,Wednesday,15-10-2025,150
285,Thành Trung Limousine,12:00:00,Văn phòng,14:30:00,Văn phòng,Hà Nội,Thanh Hóa,4.4,3.9,4.0,4.3,4.3,3.9,4.3,4.0,113,11,280000,260000,7.0,Wednesday,15-10-2025,150
286,Thành Trung Limousine,10:00:00,Văn phòng,12:30:00,Văn phòng,Hà Nội,Thanh Hóa,4.4,3.9,4.0,4.3,4.3,3.9,4.3,4.0,113,11,280000,260000,7.0,Wednesday,15-10-2025,150
287,Thành Trung Limousine,17:00:00,Văn phòng,19:30:00,Văn phòng,Hà Nội,Thanh Hóa,4.4,3.9,4.0,4.3,4.3,3.9,4.3,4.0,113,11,280000,260000,7.0,Wednesday,15-10-2025,150
288,Thành Trung Limousine,09:00:00,Văn phòng,11:30:00,Văn phòng,Hà Nội,Thanh Hóa,4.4,3.9,4.0,4.3,4.3,3.9,4.3,4.0,113,11,280000,260000,7.0,Wednesday,15-10-2025,150
289,Thành Trung Limousine,07:00:00,Văn phòng,09:30:00,Văn phòng,Hà Nội,Thanh Hóa,4.4,3.9,4.0,4.3,4.3,3.9,4.3,4.0,113,9,280000,260000,7.0,Wednesday,15-10-2025,150
290,Thành Trung Limousine,14:00:00,Văn phòng,16:30:00,Văn phòng,Hà Nội,Thanh Hóa,4.4,3.9,4.0,4.3,4.3,3.9,4.3,4.0,113,11,280000,260000,7.0,Wednesday,15-10-2025,150
291,Thành Trung Limousine,15:00:00,Văn phòng,17:30:00,Văn phòng,Hà Nội,Thanh Hóa,4.4,3.9,4.0,4.3,4.3,3.9,4.3,4.0,113,11,280000,260000,7.0,Wednesday,15-10-2025,150
292,Thành Trung Limousine,13:00:00,Văn phòng,15:30:00,Văn phòng,Hà Nội,Thanh Hóa,4.4,3.9,4.0,4.3,4.3,3.9,4.3,4.0,113,11,280000,260000,7.0,Wednesday,15-10-2025,150
293,Thành Trung Limousine,18:00:00,Văn phòng,20:30:00,Văn phòng,Hà Nội,Thanh Hóa,4.4,3.9,4.0,4.3,4.3,3.9,4.3,4.0,113,11,280000,260000,7.0,Wednesday,15-10-2025,150
294,Nam Quỳnh Anh,22:30:00,Bến xe,01:30:00,Other,Hà Nội,Thanh Hóa,4.5,4.3,4.5,4.2,4.2,4.2,4.7,4.2,2035,22,350000,0,0.0,Wednesday,15-10-2025,180
295,Thành Trung Limousine,19:00:00,Văn phòng,21:30:00,Văn phòng,Hà Nội,Thanh Hóa,4.4,3.9,4.0,4.3,4.3,3.9,4.3,4.0,113,11,280000,260000,7.0,Wednesday,15-10-2025,150
296,Thành Trung Limousine,20:00:00,Văn phòng,22:30:00,Văn phòng,Hà Nội,Thanh Hóa,4.4,3.9,4.0,4.3,4.3,3.9,4.3,4.0,113,11,280000,260000,7.0,Wednesday,15-10-2025,150
297,Thành Trung Limousine,22:00:00,Văn phòng,00:30:00,Văn phòng,Hà Nội,Thanh Hóa,4.4,3.9,4.0,4.3,4.3,3.9,4.3,4.0,113,11,280000,260000,7.0,Wednesday,15-10-2025,150
298,Thành Trung Limousine,23:00:00,Văn phòng,01:30:00,Văn phòng,Hà Nội,Thanh Hóa,4.4,3.9,4.0,4.3,4.3,3.9,4.3,4.0,113,11,280000,260000,7.0,Wednesday,15-10-2025,150
299,Thành Trung Limousine,16:00:00,Văn phòng,18:30:00,Văn phòng,Hà Nội,Thanh Hóa,4.4,3.9,4.0,4.3,4.3,3.9,4.3,4.0,113,11,280000,260000,7.0,Wednesday,15-10-2025,150
300,Nam Quỳnh Anh,20:45:00,Other,01:30:00,Other,Hà Nội,Thanh Hóa,4.5,4.3,4.5,4.2,4.2,4.2,4.7,4.2,2035,22,370000,0,0.0,Wednesday,15-10-2025,285
301,Nam Quỳnh Anh,20:15:00,Other,01:30:00,Other,Hà Nội,Thanh Hóa,4.5,4.3,4.5,4.2,4.2,4.2,4.7,4.2,2035,22,370000,0,0.0,Wednesday,15-10-2025,315
302,Nam Quỳnh Anh,21:00:00,Other,01:30:00,Other,Hà Nội,Thanh Hóa,4.5,4.3,4.5,4.2,4.2,4.2,4.7,4.2,2035,22,350000,0,0.0,Wednesday,15-10-2025,270
303,Phú Quý,14:10:00,Bến xe,17:10:00,Other,Hà Nội,Thanh Hóa,4.4,4.3,4.4,4.5,4.1,4.2,4.9,4.3,468,22,400000,0,0.0,Wednesday,15-10-2025,180
304,Phú Quý,09:50:00,Bến xe,12:50:00,Other,Hà Nội,Thanh Hóa,4.4,4.3,4.4,4.5,4.1,4.2,4.9,4.3,468,32,300000,0,0.0,Wednesday,15-10-2025,180
305,Vân Anh Limousine,05:00:00,Bến xe,08:00:00,Bến xe,Hà Nội,Thanh Hóa,4.9,4.9,4.9,4.9,4.9,4.9,5.0,4.8,32,24,230000,0,0.0,Wednesday,15-10-2025,180
306,Vân Anh Limousine,06:30:00,Bến xe,10:00:00,Văn phòng,Hà Nội,Thanh Hóa,4.9,4.9,4.9,4.9,4.9,4.9,5.0,4.8,32,24,230000,0,0.0,Wednesday,15-10-2025,210
307,Vân Anh Limousine,07:00:00,Bến xe,10:00:00,Bến xe,Hà Nội,Thanh Hóa,4.9,4.9,4.9,4.9,4.9,4.9,5.0,4.8,32,24,230000,200000,13.0,Wednesday,15-10-2025,180
308,Vĩnh Quang,09:30:00,Văn phòng,12:55:00,Văn phòng,Hà Nội,Thanh Hóa,5.0,4.8,4.9,4.9,4.9,4.9,4.8,4.8,25,10,170000,0,0.0,Wednesday,15-10-2025,205
309,Vĩnh Quang,17:30:00,Văn phòng,20:55:00,Văn phòng,Hà Nội,Thanh Hóa,5.0,4.8,4.9,4.9,4.9,4.9,4.8,4.8,25,10,170000,0,0.0,Wednesday,15-10-2025,205
310,Vĩnh Quang,11:30:00,Văn phòng,14:55:00,Văn phòng,Hà Nội,Thanh Hóa,5.0,4.8,4.9,4.9,4.9,4.9,4.8,4.8,25,10,170000,0,0.0,Wednesday,15-10-2025,205
311,Vân Anh Limousine,08:00:00,Bến xe,11:00:00,Bến xe,Hà Nội,Thanh Hóa,4.9,4.9,4.9,4.9,4.9,4.9,5.0,4.8,32,24,230000,0,0.0,Wednesday,15-10-2025,180
312,Vân Anh Limousine,06:00:00,Bến xe,09:00:00,Bến xe,Hà Nội,Thanh Hóa,4.9,4.9,4.9,4.9,4.9,4.9,5.0,4.8,32,24,230000,0,0.0,Wednesday,15-10-2025,180
313,Vân Anh Limousine,09:00:00,Bến xe,12:00:00,Bến xe,Hà Nội,Thanh Hóa,4.9,4.9,4.9,4.9,4.9,4.9,5.0,4.8,32,24,230000,200000,13.0,Wednesday,15-10-2025,180
314,Vân Anh Limousine,04:30:00,Bến xe,07:30:00,Bến xe,Hà Nội,Thanh Hóa,4.9,4.9,4.9,4.9,4.9,4.9,5.0,4.8,32,24,230000,0,0.0,Wednesday,15-10-2025,180
315,Vân Anh Limousine,05:00:00,Bến xe,08:00:00,Bến xe,Hà Nội,Thanh Hóa,4.9,4.9,4.9,4.9,4.9,4.9,5.0,4.8,32,24,230000,200000,13.0,Wednesday,15-10-2025,180
316,Vân Anh Limousine,04:00:00,Bến xe,07:30:00,Văn phòng,Hà Nội,Thanh Hóa,4.9,4.9,4.9,4.9,4.9,4.9,5.0,4.8,32,24,230000,0,0.0,Wednesday,15-10-2025,210
317,Vân Anh Limousine,04:00:00,Bến xe,07:00:00,Văn phòng,Hà Nội,Thanh Hóa,4.9,4.9,4.9,4.9,4.9,4.9,5.0,4.8,32,24,230000,0,0.0,Wednesday,15-10-2025,180
318,Vân Anh Limousine,08:00:00,Bến xe,11:00:00,Bến xe,Hà Nội,Thanh Hóa,4.9,4.9,4.9,4.9,4.9,4.9,5.0,4.8,32,24,230000,200000,13.0,Wednesday,15-10-2025,180
319,Vân Anh Limousine,09:30:00,Bến xe,13:00:00,Văn phòng,Hà Nội,Thanh Hóa,4.9,4.9,4.9,4.9,4.9,4.9,5.0,4.8,32,24,230000,0,0.0,Wednesday,15-10-2025,210
320,Vân Anh Limousine,05:00:00,Bến xe,08:00:00,Bến xe,Hà Nội,Thanh Hóa,4.9,4.9,4.9,4.9,4.9,4.9,5.0,4.8,32,24,230000,200000,13.0,Wednesday,15-10-2025,180
321,Vân Anh Limousine,05:00:00,Bến xe,08:00:00,Bến xe,Hà Nội,Thanh Hóa,4.9,4.9,4.9,4.9,4.9,4.9,5.0,4.8,32,24,230000,0,0.0,Wednesday,15-10-2025,180
322,Vân Anh Limousine,04:30:00,Bến xe,07:30:00,Văn phòng,Hà Nội,Thanh Hóa,4.9,4.9,4.9,4.9,4.9,4.9,5.0,4.8,32,24,230000,0,0.0,Wednesday,15-10-2025,180
323,Vân Anh Limousine,07:30:00,Bến xe,11:00:00,Văn phòng,Hà Nội,Thanh Hóa,4.9,4.9,4.9,4.9,4.9,4.9,5.0,4.8,32,24,230000,0,0.0,Wednesday,15-10-2025,210
324,Vân Anh Limousine,07:00:00,Bến xe,10:00:00,Bến xe,Hà Nội,Thanh Hóa,4.9,4.9,4.9,4.9,4.9,4.9,5.0,4.8,32,24,230000,0,0.0,Wednesday,15-10-2025,180
325,Vân Anh Limousine,06:00:00,Bến xe,09:00:00,Bến xe,Hà Nội,Thanh Hóa,4.9,4.9,4.9,4.9,4.9,4.9,5.0,4.8,32,24,230000,0,0.0,Wednesday,15-10-2025,180
326,Vân Anh Limousine,09:00:00,Bến xe,12:00:00,Bến xe,Hà Nội,Thanh Hóa,4.9,4.9,4.9,4.9,4.9,4.9,5.0,4.8,32,24,230000,0,0.0,Wednesday,15-10-2025,180
327,Vân Anh Limousine,10:00:00,Bến xe,13:00:00,Bến xe,Hà Nội,Thanh Hóa,4.9,4.9,4.9,4.9,4.9,4.9,5.0,4.8,32,24,230000,200000,13.0,Wednesday,15-10-2025,180
328,Vân Anh Limousine,09:00:00,Bến xe,12:00:00,Bến xe,Hà Nội,Thanh Hóa,4.9,4.9,4.9,4.9,4.9,4.9,5.0,4.8,32,24,230000,200000,13.0,Wednesday,15-10-2025,180
329,Vân Anh Limousine,10:30:00,Bến xe,14:00:00,Văn phòng,Hà Nội,Thanh Hóa,4.9,4.9,4.9,4.9,4.9,4.9,5.0,4.8,32,24,230000,0,0.0,Wednesday,15-10-2025,210
330,Vân Anh Limousine,07:00:00,Bến xe,10:00:00,Bến xe,Hà Nội,Thanh Hóa,4.9,4.9,4.9,4.9,4.9,4.9,5.0,4.8,32,24,230000,200000,13.0,Wednesday,15-10-2025,180
331,Vân Anh Limousine,05:30:00,Bến xe,09:00:00,Văn phòng,Hà Nội,Thanh Hóa,4.9,4.9,4.9,4.9,4.9,4.9,5.0,4.8,32,24,230000,0,0.0,Wednesday,15-10-2025,210
332,Vĩnh Quang,15:30:00,Văn phòng,18:55:00,Văn phòng,Hà Nội,Thanh Hóa,5.0,4.8,4.9,4.9,4.9,4.9,4.8,4.8,25,10,170000,0,0.0,Wednesday,15-10-2025,205
333,Vân Anh Limousine,08:00:00,Bến xe,11:00:00,Bến xe,Hà Nội,Thanh Hóa,4.9,4.9,4.9,4.9,4.9,4.9,5.0,4.8,32,24,230000,200000,13.0,Wednesday,15-10-2025,180
334,Vân Anh Limousine,08:00:00,Bến xe,11:00:00,Bến xe,Hà Nội,Thanh Hóa,4.9,4.9,4.9,4.9,4.9,4.9,5.0,4.8,32,24,230000,0,0.0,Wednesday,15-10-2025,180
335,Vĩnh Quang,05:30:00,Văn phòng,08:55:00,Văn phòng,Hà Nội,Thanh Hóa,5.0,4.8,4.9,4.9,4.9,4.9,4.8,4.8,25,10,170000,0,0.0,Wednesday,15-10-2025,205
336,Vĩnh Quang,13:30:00,Văn phòng,16:55:00,Văn phòng,Hà Nội,Thanh Hóa,5.0,4.8,4.9,4.9,4.9,4.9,4.8,4.8,25,10,170000,0,0.0,Wednesday,15-10-2025,205
337,Vân Anh Limousine,10:00:00,Bến xe,13:00:00,Bến xe,Hà Nội,Thanh Hóa,4.9,4.9,4.9,4.9,4.9,4.9,5.0,4.8,32,24,230000,0,0.0,Wednesday,15-10-2025,180
338,Vĩnh Quang,19:30:00,Văn phòng,22:55:00,Văn phòng,Hà Nội,Thanh Hóa,5.0,4.8,4.9,4.9,4.9,4.9,4.8,4.8,25,10,170000,0,0.0,Wednesday,15-10-2025,205
339,Vân Anh Limousine,07:00:00,Bến xe,10:00:00,Bến xe,Hà Nội,Thanh Hóa,4.9,4.9,4.9,4.9,4.9,4.9,5.0,4.8,32,24,230000,0,0.0,Wednesday,15-10-2025,180
340,Vân Anh Limousine,06:00:00,Bến xe,09:00:00,Bến xe,Hà Nội,Thanh Hóa,4.9,4.9,4.9,4.9,4.9,4.9,5.0,4.8,32,24,230000,200000,13.0,Wednesday,15-10-2025,180
341,Vân Anh Limousine,10:00:00,Bến xe,13:00:00,Bến xe,Hà Nội,Thanh Hóa,4.9,4.9,4.9,4.9,4.9,4.9,5.0,4.8,32,24,230000,200000,13.0,Wednesday,15-10-2025,180
342,Vân Anh Limousine,06:00:00,Bến xe,09:00:00,Bến xe,Hà Nội,Thanh Hóa,4.9,4.9,4.9,4.9,4.9,4.9,5.0,4.8,32,24,230000,200000,13.0,Wednesday,15-10-2025,180
343,Vân Anh Limousine,04:30:00,Bến xe,08:00:00,Văn phòng,Hà Nội,Thanh Hóa,4.9,4.9,4.9,4.9,4.9,4.9,5.0,4.8,32,24,230000,0,0.0,Wednesday,15-10-2025,210
344,Vân Anh Limousine,05:30:00,Bến xe,08:30:00,Văn phòng,Hà Nội,Thanh Hóa,4.9,4.9,4.9,4.9,4.9,4.9,5.0,4.8,32,24,230000,0,0.0,Wednesday,15-10-2025,180
345,Vân Anh Limousine,07:30:00,Bến xe,10:30:00,Văn phòng,Hà Nội,Thanh Hóa,4.9,4.9,4.9,4.9,4.9,4.9,5.0,4.8,32,24,230000,0,0.0,Wednesday,15-10-2025,180
346,Vân Anh Limousine,08:30:00,Bến xe,12:00:00,Văn phòng,Hà Nội,Thanh Hóa,4.9,4.9,4.9,4.9,4.9,4.9,5.0,4.8,32,24,230000,0,0.0,Wednesday,15-10-2025,210
347,Vân Anh Limousine,09:30:00,Bến xe,12:30:00,Văn phòng,Hà Nội,Thanh Hóa,4.9,4.9,4.9,4.9,4.9,4.9,5.0,4.8,32,24,230000,0,0.0,Wednesday,15-10-2025,180
348,Vân Anh Limousine,10:00:00,Bến xe,13:00:00,Bến xe,Hà Nội,Thanh Hóa,4.9,4.9,4.9,4.9,4.9,4.9,5.0,4.8,32,24,230000,0,0.0,Wednesday,15-10-2025,180
349,Vân Anh Limousine,10:30:00,Bến xe,13:30:00,Văn phòng,Hà Nội,Thanh Hóa,4.9,4.9,4.9,4.9,4.9,4.9,5.0,4.8,32,24,230000,0,0.0,Wednesday,15-10-2025,180
350,Vân Anh Limousine,06:30:00,Bến xe,09:30:00,Văn phòng,Hà Nội,Thanh Hóa,4.9,4.9,4.9,4.9,4.9,4.9,5.0,4.8,32,24,230000,0,0.0,Wednesday,15-10-2025,180
351,Vân Anh Limousine,08:30:00,Bến xe,11:30:00,Văn phòng,Hà Nội,Thanh Hóa,4.9,4.9,4.9,4.9,4.9,4.9,5.0,4.8,32,24,230000,0,0.0,Wednesday,15-10-2025,180
352,Nam Quỳnh Anh,16:50:00,Bến xe,20:05:00,Other,Hà Nội,Thanh Hóa,4.5,4.3,4.5,4.2,4.2,4.2,4.7,4.2,2035,24,350000,0,0.0,Wednesday,15-10-2025,195
353,Nam Quỳnh Anh,23:55:00,Bến xe,03:10:00,Other,Hà Nội,Thanh Hóa,4.5,4.3,4.5,4.2,4.2,4.2,4.7,4.2,2035,22,350000,0,0.0,Wednesday,15-10-2025,195
354,Nam Quỳnh Anh,15:20:00,Bến xe,18:35:00,Other,Hà Nội,Thanh Hóa,4.5,4.3,4.5,4.2,4.2,4.2,4.7,4.2,2035,22,350000,0,0.0,Wednesday,15-10-2025,195
355,Nam Quỳnh Anh,23:30:00,Bến xe,02:45:00,Other,Hà Nội,Thanh Hóa,4.5,4.3,4.5,4.2,4.2,4.2,4.7,4.2,2035,22,350000,0,0.0,Wednesday,15-10-2025,195
356,Nam Quỳnh Anh,12:05:00,Bến xe,15:20:00,Other,Hà Nội,Thanh Hóa,4.5,4.3,4.5,4.2,4.2,4.2,4.7,4.2,2035,20,350000,0,0.0,Wednesday,15-10-2025,195
357,Duy Khánh Limousine,16:45:00,Văn phòng,22:00:00,Văn phòng,Hà Nội,Thanh Hóa,4.0,4.0,4.1,4.0,3.9,3.8,4.1,3.8,656,24,350000,0,0.0,Wednesday,15-10-2025,315
358,Vân Anh Limousine,09:00:00,Bến xe,12:00:00,Bến xe,Hà Nội,Thanh Hóa,,,,,,,,4.8,32,24,230000,0,0.0,Wednesday,15-10-2025,180
359,Vĩnh Quang,07:30:00,Văn phòng,10:55:00,Văn phòng,Hà Nội,Thanh Hóa,5.0,4.8,4.9,4.9,4.9,4.9,4.8,4.8,25,10,170000,0,0.0,Wednesday,15-10-2025,205
360,Pu Luong Excursions,06:40:00,Other,11:40:00,Other,Hà Nội,Thanh Hóa,4.7,5.0,5.0,5.0,4.9,5.0,5.0,4.9,16,9,350000,0,0.0,Wednesday,15-10-2025,300
361,Nam Quỳnh Anh,00:30:00,Bến xe,02:30:00,Other,Hà Nội,Thanh Hóa,,,,,,,,4.2,2035,22,350000,0,0.0,Wednesday,15-10-2025,120
362,Thành Trung Limousine,10:15:00,Other,13:30:00,Văn phòng,Hà Nội,Thanh Hóa,4.4,3.9,4.0,4.3,4.3,3.9,4.3,4.0,113,11,530000,510000,4.0,Wednesday,15-10-2025,195
363,Thành Trung Limousine,11:15:00,Other,14:30:00,Văn phòng,Hà Nội,Thanh Hóa,4.4,3.9,4.0,4.3,4.3,3.9,4.3,4.0,113,11,530000,510000,4.0,Wednesday,15-10-2025,195
364,Thành Trung Limousine,12:15:00,Other,15:30:00,Văn phòng,Hà Nội,Thanh Hóa,4.4,3.9,4.0,4.3,4.3,3.9,4.3,4.0,113,11,530000,510000,4.0,Wednesday,15-10-2025,195
365,Thành Trung Limousine,10:15:00,Other,13:00:00,Văn phòng,Hà Nội,Thanh Hóa,4.4,3.9,4.0,4.3,4.3,3.9,4.3,4.0,113,11,480000,460000,4.0,Wednesday,15-10-2025,165
366,Thành Trung Limousine,18:15:00,Other,21:30:00,Văn phòng,Hà Nội,Thanh Hóa,4.4,3.9,4.0,4.3,4.3,3.9,4.3,4.0,113,11,530000,510000,4.0,Wednesday,15-10-2025,195
367,Thành Trung Limousine,08:15:00,Other,11:00:00,Văn phòng,Hà Nội,Thanh Hóa,4.4,3.9,4.0,4.3,4.3,3.9,4.3,4.0,113,11,480000,460000,4.0,Wednesday,15-10-2025,165
368,Thành Trung Limousine,08:15:00,Other,11:30:00,Văn phòng,Hà Nội,Thanh Hóa,4.4,3.9,4.0,4.3,4.3,3.9,4.3,4.0,113,11,530000,510000,4.0,Wednesday,15-10-2025,195
369,Thành Trung Limousine,17:15:00,Other,20:00:00,Văn phòng,Hà Nội,Thanh Hóa,4.4,3.9,4.0,4.3,4.3,3.9,4.3,4.0,113,11,480000,460000,4.0,Wednesday,15-10-2025,165
370,Thành Trung Limousine,12:15:00,Other,15:00:00,Văn phòng,Hà Nội,Thanh Hóa,4.4,3.9,4.0,4.3,4.3,3.9,4.3,4.0,113,11,480000,460000,4.0,Wednesday,15-10-2025,165
371,Thành Trung Limousine,17:15:00,Other,20:30:00,Văn phòng,Hà Nội,Thanh Hóa,4.4,3.9,4.0,4.3,4.3,3.9,4.3,4.0,113,11,530000,510000,4.0,Wednesday,15-10-2025,195
372,Thành Trung Limousine,14:15:00,Other,17:00:00,Văn phòng,Hà Nội,Thanh Hóa,4.4,3.9,4.0,4.3,4.3,3.9,4.3,4.0,113,11,480000,460000,4.0,Wednesday,15-10-2025,165
373,Thành Trung Limousine,15:15:00,Other,18:00:00,Văn phòng,Hà Nội,Thanh Hóa,4.4,3.9,4.0,4.3,4.3,3.9,4.3,4.0,113,11,480000,460000,4.0,Wednesday,15-10-2025,165
374,Thành Trung Limousine,16:15:00,Other,19:00:00,Văn phòng,Hà Nội,Thanh Hóa,4.4,3.9,4.0,4.3,4.3,3.9,4.3,4.0,113,11,480000,460000,4.0,Wednesday,15-10-2025,165
375,Thành Trung Limousine,16:15:00,Other,19:30:00,Văn phòng,Hà Nội,Thanh Hóa,4.4,3.9,4.0,4.3,4.3,3.9,4.3,4.0,113,11,530000,510000,4.0,Wednesday,15-10-2025,195
376,Thành Trung Limousine,11:15:00,Other,14:00:00,Văn phòng,Hà Nội,Thanh Hóa,4.4,3.9,4.0,4.3,4.3,3.9,4.3,4.0,113,11,480000,460000,4.0,Wednesday,15-10-2025,165
377,Thành Trung Limousine,13:15:00,Other,16:00:00,Văn phòng,Hà Nội,Thanh Hóa,4.4,3.9,4.0,4.3,4.3,3.9,4.3,4.0,113,11,480000,460000,4.0,Wednesday,15-10-2025,165
378,Thành Trung Limousine,15:15:00,Other,18:30:00,Văn phòng,Hà Nội,Thanh Hóa,4.4,3.9,4.0,4.3,4.3,3.9,4.3,4.0,113,11,530000,510000,4.0,Wednesday,15-10-2025,195
379,Thành Trung Limousine,18:15:00,Other,21:00:00,Văn phòng,Hà Nội,Thanh Hóa,4.4,3.9,4.0,4.3,4.3,3.9,4.3,4.0,113,11,480000,460000,4.0,Wednesday,15-10-2025,165
380,Thành Trung Limousine,14:15:00,Other,17:30:00,Văn phòng,Hà Nội,Thanh Hóa,4.4,3.9,4.0,4.3,4.3,3.9,4.3,4.0,113,11,530000,510000,4.0,Wednesday,15-10-2025,195
381,Thành Trung Limousine,13:15:00,Other,16:30:00,Văn phòng,Hà Nội,Thanh Hóa,4.4,3.9,4.0,4.3,4.3,3.9,4.3,4.0,113,11,530000,510000,4.0,Wednesday,15-10-2025,195
382,Thành Trung Limousine,19:15:00,Other,22:00:00,Văn phòng,Hà Nội,Thanh Hóa,4.4,3.9,4.0,4.3,4.3,3.9,4.3,4.0,113,11,480000,460000,4.0,Wednesday,15-10-2025,165
383,Thành Trung Limousine,19:15:00,Other,22:30:00,Văn phòng,Hà Nội,Thanh Hóa,4.4,3.9,4.0,4.3,4.3,3.9,4.3,4.0,113,11,530000,510000,4.0,Wednesday,15-10-2025,195
384,Thành Trung Limousine,09:15:00,Other,12:00:00,Văn phòng,Hà Nội,Thanh Hóa,4.4,3.9,4.0,4.3,4.3,3.9,4.3,4.0,113,11,480000,460000,4.0,Wednesday,15-10-2025,165
385,Thành Trung Limousine,09:15:00,Other,12:30:00,Văn phòng,Hà Nội,Thanh Hóa,4.4,3.9,4.0,4.3,4.3,3.9,4.3,4.0,113,11,530000,510000,4.0,Wednesday,15-10-2025,195
386,Thành Trung Limousine,22:15:00,Other,01:00:00,Văn phòng,Hà Nội,Thanh Hóa,4.4,3.9,4.0,4.3,4.3,3.9,4.3,4.0,113,11,480000,460000,4.0,Wednesday,15-10-2025,165
387,Thành Trung Limousine,22:15:00,Other,01:30:00,Văn phòng,Hà Nội,Thanh Hóa,4.4,3.9,4.0,4.3,4.3,3.9,4.3,4.0,113,11,530000,510000,4.0,Wednesday,15-10-2025,195
388,Thành Trung Limousine,21:15:00,Other,00:30:00,Văn phòng,Hà Nội,Thanh Hóa,4.4,3.9,4.0,4.3,4.3,3.9,4.3,4.0,113,11,530000,510000,4.0,Wednesday,15-10-2025,195
389,Thành Trung Limousine,06:15:00,Other,09:00:00,Văn phòng,Hà Nội,Thanh Hóa,4.4,3.9,4.0,4.3,4.3,3.9,4.3,4.0,113,9,480000,460000,4.0,Wednesday,15-10-2025,165
390,Thành Trung Limousine,21:15:00,Other,00:00:00,Văn phòng,Hà Nội,Thanh Hóa,4.4,3.9,4.0,4.3,4.3,3.9,4.3,4.0,113,11,480000,460000,4.0,Wednesday,15-10-2025,165
391,Thành Trung Limousine,06:15:00,Other,09:30:00,Văn phòng,Hà Nội,Thanh Hóa,4.4,3.9,4.0,4.3,4.3,3.9,4.3,4.0,113,9,530000,510000,4.0,Wednesday,15-10-2025,195
392,Nam Quỳnh Anh,19:15:00,Bến xe,21:15:00,Other,Hà Nội,Thanh Hóa,4.5,4.3,4.5,4.2,4.2,4.2,4.7,4.2,2035,32,300000,0,0.0,Wednesday,15-10-2025,120
393,Nam Quỳnh Anh,18:00:00,Other,21:15:00,Other,Hà Nội,Thanh Hóa,4.5,4.3,4.5,4.2,4.2,4.2,4.7,4.2,2035,32,300000,0,0.0,Wednesday,15-10-2025,195
394,Thành Trung Limousine,05:00:00,Văn phòng,07:00:00,Văn phòng,Hà Nội,Thanh Hóa,4.4,3.9,4.0,4.3,4.3,3.9,4.3,4.0,113,11,230000,210000,9.0,Wednesday,15-10-2025,120
395,Thành Trung Limousine,06:00:00,Văn phòng,08:00:00,Văn phòng,Hà Nội,Thanh Hóa,4.4,3.9,4.0,4.3,4.3,3.9,4.3,4.0,113,11,230000,210000,9.0,Wednesday,15-10-2025,120
396,Thành Trung Limousine,08:00:00,Văn phòng,10:00:00,Văn phòng,Hà Nội,Thanh Hóa,4.4,3.9,4.0,4.3,4.3,3.9,4.3,4.0,113,11,230000,210000,9.0,Wednesday,15-10-2025,120
397,Thành Trung Travel,19:30:00,Văn phòng,22:45:00,Văn phòng,Hà Nội,Thanh Hóa,4.4,3.9,4.0,4.3,4.3,3.9,4.3,4.0,113,24,250000,225000,10.0,Wednesday,15-10-2025,195
398,Thành Trung Travel,20:30:00,Văn phòng,23:45:00,Văn phòng,Hà Nội,Thanh Hóa,4.4,3.9,4.0,4.3,4.3,3.9,4.3,4.0,113,24,250000,225000,10.0,Wednesday,15-10-2025,195
399,Thành Trung Travel,16:00:00,Văn phòng,19:15:00,Văn phòng,Hà Nội,Thanh Hóa,4.4,3.9,4.0,4.3,4.3,3.9,4.3,4.0,113,24,250000,225000,10.0,Wednesday,15-10-2025,195
415,Thành Trung Limousine,05:00:00,Văn phòng,07:30:00,Văn phòng,Hà Nội,Thanh Hóa,4.4,3.9,4.0,4.3,4.3,3.9,4.3,4.0,113,11,280000,260000,7.0,Wednesday,15-10-2025,150
416,Thành Trung Limousine,08:00:00,Văn phòng,10:30:00,Văn phòng,Hà Nội,Thanh Hóa,4.4,3.9,4.0,4.3,4.3,3.9,4.3,4.0,113,11,280000,260000,7.0,Wednesday,15-10-2025,150
417,Thành Trung Limousine,06:00:00,Văn phòng,08:30:00,Văn phòng,Hà Nội,Thanh Hóa,4.4,3.9,4.0,4.3,4.3,3.9,4.3,4.0,113,11,280000,260000,7.0,Wednesday,15-10-2025,150
418,Thành Trung Limousine,05:15:00,Other,08:30:00,Văn phòng,Hà Nội,Thanh Hóa,4.4,3.9,4.0,4.3,4.3,3.9,4.3,4.0,113,11,530000,510000,4.0,Wednesday,15-10-2025,195
419,Thành Trung Limousine,05:15:00,Other,08:00:00,Văn phòng,Hà Nội,Thanh Hóa,4.4,3.9,4.0,4.3,4.3,3.9,4.3,4.0,113,11,480000,460000,4.0,Wednesday,15-10-2025,165
420,Thành Trung Limousine,07:15:00,Other,10:00:00,Văn phòng,Hà Nội,Thanh Hóa,4.4,3.9,4.0,4.3,4.3,3.9,4.3,4.0,113,11,480000,460000,4.0,Wednesday,15-10-2025,165
421,Thành Trung Limousine,04:15:00,Other,07:00:00,Văn phòng,Hà Nội,Thanh Hóa,4.4,3.9,4.0,4.3,4.3,3.9,4.3,4.0,113,11,480000,460000,4.0,Wednesday,15-10-2025,165
422,Thành Trung Limousine,04:15:00,Other,07:30:00,Văn phòng,Hà Nội,Thanh Hóa,4.4,3.9,4.0,4.3,4.3,3.9,4.3,4.0,113,11,530000,510000,4.0,Wednesday,15-10-2025,195
423,Thành Trung Limousine,07:15:00,Other,10:30:00,Văn phòng,Hà Nội,Thanh Hóa,4.4,3.9,4.0,4.3,4.3,3.9,4.3,4.0,113,11,530000,510000,4.0,Wednesday,15-10-2025,195
