,pick_up_point,drop_of_point
0,Văn phòng Đồng Tàu,Văn phòng Thanh Hóa
1,Bến xe Nước Ngầm,Bến xe Thọ Xuân
2,Văn phòng Hà Nội,Văn Phòng Thanh Hóa
3,Văn phòng Linh Đàm,Văn phòng Thanh Hóa - 143 Lê Hồng Phong
4,Bến xe Nước Ngầm,Big C Thanh Hóa
5,Văn Phòng Hà Nội,Bến xe phía Tây Thanh Hóa
6,Văn phòng Hoàng Mai,Tượng đài Lê Lợi
7,Văn Phòng Hà Nội,Văn phòng Thanh Hóa
8,"Bến xe Giáp Bát, Hà Nội","Nút giao Hà Lĩnh, Hà Trung, Thanh Hóa"
9,Ngã tư Cổ Nhuế - Phạm Văn Đồng,Big C Thanh Hóa
10,Văn phòng Đồng Tàu,Văn phòng Thanh Hóa
11,Văn phòng Linh Đàm,Văn phòng Thanh Hóa - 143 Lê Hồng Phong
12,Văn phòng Hà Nội,Văn Phòng Thanh Hóa
13,Bến xe Nước Ngầm,Big C Thanh Hóa
14,Bến xe Giáp Bát,Bến xe phía Tây Thanh Hóa
15,Bến xe Nước Ngầm,Bến xe Thọ Xuân
16,Văn phòng Hoàng Mai,Tượng đài Lê Lợi
17,Văn Phòng Hà Nội,Văn phòng Thanh Hóa
18,"Bến xe Nước Ngầm, Hà Nội","Nút giao Gia Miêu, Hà Trung, Thanh Hóa"
19,Bến xe Nước Ngầm,Big C Thanh Hóa
20,Bến xe Sơn Tây,Big C Thanh Hóa
21,1 Tân An Bình (Hà Nội),Thanh Hóa
22,Bến xe Nước Ngầm,BigC Thanh Hóa
23,Bến xe Nước Ngầm,BigC Thanh Hóa
24,Văn phòng Đồng Tàu,Văn phòng Thanh Hóa
25,Văn phòng Đồng Tàu,Văn phòng Thanh Hóa
26,Văn phòng Đồng Tàu,Văn phòng Thanh Hóa
27,Văn phòng Hà Nội,Văn Phòng Thanh Hóa
28,Văn phòng Hà Nội,Văn Phòng Thanh Hóa
29,Bến xe Nước Ngầm,Bến xe phía Tây Thanh Hóa
30,Văn Phòng Hà Nội,Bến xe phía Tây Thanh Hóa
31,Bến xe Nước Ngầm,Bến xe phía Tây Thanh Hóa
32,Văn phòng Hà Nội,Văn Phòng Thanh Hóa
33,Bến xe Nước Ngầm,Big C Thanh Hóa
34,Bến xe Nước Ngầm,Bến xe Thọ Xuân
35,Văn phòng Linh Đàm,Văn phòng Thanh Hóa - 143 Lê Hồng Phong
36,Bến xe Nước Ngầm,Big C Thanh Hóa
37,Văn phòng Linh Đàm,Văn phòng Thanh Hóa - 143 Lê Hồng Phong
38,Văn phòng Linh Đàm,Văn phòng Thanh Hóa - 143 Lê Hồng Phong
39,Bến xe Nước Ngầm,Bến xe phía bắc Thanh Hóa
40,Văn phòng Đồng Tàu,Văn phòng Thanh Hóa
41,Văn phòng Đồng Tàu,Văn phòng Thanh Hóa
42,Văn phòng Đồng Tàu,Văn phòng Thanh Hóa
43,Văn Phòng Hà Nội,Bến xe phía Tây Thanh Hóa
44,Bến xe Nước Ngầm,Bến xe phía Tây Thanh Hóa
45,Bến xe Nước Ngầm,Bến xe phía Tây Thanh Hóa
46,Văn phòng Hà Nội,Văn Phòng Thanh Hóa
47,Văn phòng Hà Nội,Văn Phòng Thanh Hóa
48,Văn phòng Linh Đàm,Văn phòng Thanh Hóa - 143 Lê Hồng Phong
49,Văn phòng Linh Đàm,Văn phòng Thanh Hóa - 143 Lê Hồng Phong
50,Văn phòng Linh Đàm,Văn phòng Thanh Hóa - 143 Lê Hồng Phong
51,Bến xe Nước Ngầm,Bến xe Thọ Xuân
52,Văn phòng Hoàng Mai,Tượng đài Lê Lợi
53,Văn phòng Hà Nội,Văn Phòng Thanh Hóa
54,Bến xe Nước Ngầm,Bến xe khách Sầm Sơn
55,Bến xe Nước Ngầm,Big C Thanh Hóa
56,Bến xe Nước Ngầm,Big C Thanh Hóa
57,Văn phòng Hoàng Mai,Văn phòng Triệu Sơn
58,Văn phòng Hoàng Mai,Văn phòng Triệu Sơn
59,Bến xe Nước Ngầm,Bến xe phía bắc Thanh Hóa
60,Văn Phòng Hà Nội,Văn phòng Thanh Hóa
61,Văn Phòng Hà Nội,Văn phòng Thanh Hóa
62,Văn Phòng Hà Nội,Văn phòng Thanh Hóa
63,Bến xe Nước Ngầm,Big C Thanh Hóa
64,"Bến xe Nước Ngầm, Hà Nội","Nút giao Gia Miêu, Hà Trung, Thanh Hóa"
65,"Bến xe Nước Ngầm, Hà Nội","Nút giao Gia Miêu, Hà Trung, Thanh Hóa"
66,"Bến xe Nước Ngầm, Hà Nội","Nút giao Gia Miêu, Hà Trung, Thanh Hóa"
67,Bến xe Nước Ngầm,Big C Thanh Hóa
68,Ngã tư Cổ Nhuế - Phạm Văn Đồng,Big C Thanh Hóa
69,Thị Trấn Trạm Trôi,Big C Thanh Hóa
70,Thị trấn Phùng,Big C Thanh Hóa
71,Thăng Long Number One,Big C Thanh Hóa
72,1 Tân An Bình (Hà Nội),Thanh Hóa
73,Bến xe Nước Ngầm,BigC Thanh Hóa
74,Bến xe Nước Ngầm,BigC Thanh Hóa
75,Bến xe Nước Ngầm,BigC Thanh Hóa
76,Bến xe Nước Ngầm,BigC Thanh Hóa
77,Văn phòng Đồng Tàu,Văn phòng Thanh Hóa
78,Văn phòng Đồng Tàu,Văn phòng Thanh Hóa
79,Văn phòng Đồng Tàu,Văn phòng Thanh Hóa
80,Văn phòng Đồng Tàu,Văn phòng Thanh Hóa
81,Văn phòng Đồng Tàu,Văn phòng Thanh Hóa
82,Văn phòng Đồng Tàu,Văn phòng Thanh Hóa
83,Văn phòng Đồng Tàu,Văn phòng Thanh Hóa
84,Văn Phòng Hà Nội,Bến xe phía Tây Thanh Hóa
85,Bến xe Nước Ngầm,Bến xe phía Tây Thanh Hóa
86,Bến xe Nước Ngầm,Bến xe phía Tây Thanh Hóa
87,Bến xe Nước Ngầm,Bến xe phía Tây Thanh Hóa
88,Văn phòng Linh Đàm,Văn phòng Thanh Hóa - 143 Lê Hồng Phong
89,Văn Phòng Hà Nội,Bến xe phía Tây Thanh Hóa
90,Bến xe Nước Ngầm,Bến xe phía Tây Thanh Hóa
91,Văn phòng Linh Đàm,Văn phòng Thanh Hóa - 143 Lê Hồng Phong
92,Bến xe Nước Ngầm,Bến xe phía Tây Thanh Hóa
93,Bến xe Nước Ngầm,Bến xe phía Tây Thanh Hóa
94,Bến xe Giáp Bát,Bến xe Phía Bắc Thanh Hóa
95,Bến xe Nước Ngầm,Bến xe phía Tây Thanh Hóa
96,Bến xe Nước Ngầm,Bến xe phía Tây Thanh Hóa
97,Bến xe Nước Ngầm,Bến xe phía Tây Thanh Hóa
98,Bến xe Nước Ngầm,Bến xe phía Tây Thanh Hóa
99,Bến xe Nước Ngầm,Bến xe phía Tây Thanh Hóa
100,Văn phòng Hoàng Mai,Tượng đài Lê Lợi
101,Bến xe Nước Ngầm,Bến xe Hoằng Hóa
102,Bến xe Nước Ngầm,Bến xe phía Tây Thanh Hóa
103,Bến xe Nước Ngầm,Bến xe phía Tây Thanh Hóa
104,Bến xe Nước Ngầm,Bến xe khách Sầm Sơn
105,Bến xe Nước Ngầm,Bến xe phía bắc Thanh Hóa
106,Bến xe Nước Ngầm,Bến xe Hoằng Hóa
107,Bến xe Nước Ngầm,Bến xe Thọ Xuân
108,Bến xe Giáp Bát,Bến xe phía Tây Thanh Hóa
109,Văn Phòng Hà Nội,Bến xe phía Tây Thanh Hóa
110,Bến xe Nước Ngầm,Văn Phòng Nghi Sơn
111,Bến xe Nước Ngầm,Bến xe Hoằng Hóa
112,Bến xe Nước Ngầm,Bến xe phía Tây Thanh Hóa
113,Bến xe Nước Ngầm,Bến xe khách Sầm Sơn
114,Bến xe Nước Ngầm,Bến xe Thọ Xuân
115,Văn phòng Hoàng Mai,Văn phòng Triệu Sơn
116,Văn phòng Linh Đàm,Văn phòng Thanh Hóa - 143 Lê Hồng Phong
117,Bến xe Nước Ngầm,Bến xe phía Tây Thanh Hóa
118,Bến xe Nước Ngầm,Bến xe phía Tây Thanh Hóa
119,Bến xe Nước Ngầm,Bến xe phía Tây Thanh Hóa
120,Bến xe Nước Ngầm,Bến xe Hoằng Hóa
121,Văn Phòng Hà Nội,Bến xe phía Tây Thanh Hóa
122,Bến xe Nước Ngầm,Bến xe khách Sầm Sơn
123,Bến xe Nước Ngầm,Bến xe khách Sầm Sơn
124,Văn phòng Đồng Tàu,Văn phòng Thanh Hóa
125,Văn phòng Hà Nội,Văn Phòng Thanh Hóa
126,Văn phòng Đồng Tàu,Văn phòng Thanh Hóa
127,Văn Phòng Hà Nội,Văn phòng Hậu Lộc
128,Văn Phòng Hà Nội,Văn phòng Bỉm Sơn
129,Văn phòng Hà Nội,Văn Phòng Thanh Hóa
130,Văn phòng Đồng Tàu,Văn phòng Thanh Hóa
131,Văn phòng Hà Nội,Văn Phòng Thanh Hóa
132,Văn phòng Hà Nội,Văn Phòng Thanh Hóa
133,Bến xe Nước Ngầm,Bến xe khách Triệu Sơn
134,Văn phòng Hà Nội,Văn Phòng Thanh Hóa
135,Bến xe Nước Ngầm,Bến xe khách Triệu Sơn
136,Bến xe Nước Ngầm,Bến xe khách Triệu Sơn
137,Văn phòng Hoàng Mai,Tượng đài Lê Lợi
138,Văn phòng Hoàng Mai,Tượng đài Lê Lợi
139,Văn phòng Hoàng Mai,Tượng đài Lê Lợi
140,Bến xe Nước Ngầm,Bến xe phía Tây Thanh Hóa
141,Văn Phòng Hà Nội,Văn phòng Thanh Hóa
142,Văn phòng Hoàng Mai,Tượng đài Lê Lợi
143,Văn phòng Hoàng Mai,Văn phòng Triệu Sơn
144,Văn phòng Hoàng Mai,Văn phòng Triệu Sơn
145,Văn phòng Linh Đàm,Văn phòng Thanh Hóa - 143 Lê Hồng Phong
146,Văn Phòng Hà Nội,Văn phòng Thanh Hóa
147,Bến xe Nước Ngầm,Bến xe Thọ Xuân
148,Bến xe Nước Ngầm,Bến xe khách Triệu Sơn
149,Bến xe Nước Ngầm,Bến xe phía bắc Thanh Hóa
150,Văn phòng Hoàng Mai,Văn phòng Triệu Sơn
151,Văn phòng Hoàng Mai,Tượng đài Lê Lợi
152,Văn phòng Hoàng Mai,Văn phòng Triệu Sơn
153,Văn Phòng Hà Nội,Văn phòng Thanh Hóa
154,Văn phòng Linh Đàm,Văn phòng Thanh Hóa - 143 Lê Hồng Phong
155,Văn Phòng Hà Nội,Bến xe phía Tây Thanh Hóa
156,Văn phòng Hoàng Mai,Văn phòng Triệu Sơn
157,Văn phòng Linh Đàm,Văn phòng Thanh Hóa - 143 Lê Hồng Phong
158,Bến xe Nước Ngầm,Bến xe Thọ Xuân
159,Bến xe Nước Ngầm,Bến xe khách Triệu Sơn
160,Văn phòng Hoàng Mai,Văn phòng Triệu Sơn
161,Văn Phòng Hà Nội,Bến xe phía Tây Thanh Hóa
162,Bến xe Nước Ngầm,Bến xe phía bắc Thanh Hóa
163,Bến xe Nước Ngầm,Bến xe phía bắc Thanh Hóa
164,Bến xe Nước Ngầm,Văn Phòng Nghi Sơn
165,Văn phòng Hoàng Mai,Tượng đài Lê Lợi
166,Bến xe Nước Ngầm,Bến xe Thọ Xuân
167,Bến xe Nước Ngầm,Bến xe Thọ Xuân
168,Bến xe Nước Ngầm,Bến xe khách Triệu Sơn
169,Văn phòng Hoàng Mai,Tượng đài Lê Lợi
170,Bến xe Nước Ngầm,Bến xe Thọ Xuân
171,Bến xe Nước Ngầm,Văn Phòng Nghi Sơn
172,Văn phòng Hoàng Mai,Văn phòng Triệu Sơn
173,Bến xe Nước Ngầm,Bến xe khách Sầm Sơn
174,Bến xe Nước Ngầm,Văn Phòng Nghi Sơn
175,Bến xe Nước Ngầm,Văn Phòng Quảng Xương
176,Văn phòng Hoàng Mai,Tượng đài Lê Lợi
177,Bến xe Nước Ngầm,Bến xe khách Triệu Sơn
178,Bến xe Giáp Bát,Bến xe Hoằng Hóa
179,Bến xe Nước Ngầm,Bến xe phía bắc Thanh Hóa
180,Bến xe Nước Ngầm,Văn Phòng Quảng Xương
181,Bến xe Nước Ngầm,Văn Phòng Quảng Xương
182,Bến xe Nước Ngầm,Văn Phòng Nghi Sơn
183,Bến xe Nước Ngầm,Văn Phòng Quảng Xương
184,Văn Phòng Hà Nội,Văn phòng Thanh Hóa
185,Bến xe Nước Ngầm,Văn Phòng Nghi Sơn
186,Bến xe Nước Ngầm,Bến xe khách Sầm Sơn
187,Bến xe Nước Ngầm,Bến xe Hoằng Hóa
188,Văn Phòng Hà Nội,Văn phòng Thanh Hóa
189,Bến xe Nước Ngầm,Bến xe khách Triệu Sơn
190,Văn phòng Mỹ Đình,Văn phòng Thanh Hóa
191,Bến xe Nước Ngầm,Bến xe phía bắc Thanh Hóa
192,Văn Phòng Hà Nội,Văn phòng Thanh Hóa
193,Bến xe Nước Ngầm,Bến xe phía bắc Thanh Hóa
194,Bến xe Nước Ngầm,Bến xe phía bắc Thanh Hóa
195,Văn Phòng Hà Nội,Văn phòng Thanh Hóa
196,Bến xe Nước Ngầm,Bến xe Hoằng Hóa
197,Văn phòng Đồng Tàu,Văn phòng Thanh Hóa
198,Văn phòng Đồng Tàu,Văn phòng Thanh Hóa
199,Văn phòng Đồng Tàu,Văn phòng Thanh Hóa
200,Văn phòng Đồng Tàu,Văn phòng Thanh Hóa
201,Văn phòng Đồng Tàu,Văn phòng Thanh Hóa
202,Văn phòng Đồng Tàu,Văn phòng Thanh Hóa
203,Văn phòng Đồng Tàu,Văn phòng Thanh Hóa
204,Văn phòng Đồng Tàu,Văn phòng Thanh Hóa
205,Văn phòng Đồng Tàu,Văn phòng Thanh Hóa
206,Văn phòng Đồng Tàu,Văn phòng Thanh Hóa
207,Văn phòng Đồng Tàu,Văn phòng Thanh Hóa
208,Văn phòng Đồng Tàu,Văn phòng Thanh Hóa
209,Bến xe Nước Ngầm,Văn Phòng Nghi Sơn
210,Văn phòng Hà Nội,Văn Phòng Thanh Hóa
211,Văn phòng Hà Nội,Văn Phòng Thanh Hóa
212,Bến xe Nước Ngầm,Văn Phòng Quảng Xương
213,Bến xe Nước Ngầm,Bến xe phía bắc Thanh Hóa
214,Bến xe Nước Ngầm,Bến xe khách Sầm Sơn
215,Văn phòng Hoàng Mai,Văn phòng Triệu Sơn
216,Văn Phòng Hà Nội,Văn phòng Thanh Hóa
217,Văn Phòng Hà Nội,Văn phòng Thanh Hóa
218,Văn phòng Hoàng Mai,Văn phòng Triệu Sơn
219,Văn phòng Hoàng Mai,Văn phòng Triệu Sơn
220,Văn phòng Hoàng Mai,Tượng đài Lê Lợi
221,Bến xe Nước Ngầm,Bến xe khách Triệu Sơn
222,Bến xe Nước Ngầm,Bến xe khách Triệu Sơn
223,Bến xe Giáp Bát,Bến xe Phía Bắc Thanh Hóa
224,Bến xe Giáp Bát,Bến xe Hoằng Hóa
225,Bến xe Giáp Bát,Bến xe Hoằng Hóa
226,Văn Phòng Hà Nội,Bến xe phía Tây Thanh Hóa
227,Bến xe Giáp Bát,Bến xe Hoằng Hóa
228,Bến xe Giáp Bát,Bến xe Phía Bắc Thanh Hóa
229,Bến xe Giáp Bát,Bến xe Phía Bắc Thanh Hóa
230,Bến xe Nước Ngầm,Bến xe phía Tây Thanh Hóa
231,Văn Phòng Hà Nội,Văn phòng Bỉm Sơn
232,Văn Phòng Hà Nội,Văn phòng Bỉm Sơn
233,Văn Phòng Hà Nội,Văn phòng Hậu Lộc
234,Văn Phòng Hà Nội,Văn phòng Hậu Lộc
235,Văn Phòng Hà Nội,Văn phòng Bỉm Sơn
236,Văn Phòng Hà Nội,Văn phòng Hậu Lộc
237,Văn Phòng Hà Nội,Văn phòng Hậu Lộc
238,Văn Phòng Hà Nội,Văn phòng Bỉm Sơn
239,Văn Phòng Hà Nội,Văn phòng Bỉm Sơn
240,Văn Phòng Hà Nội,Văn phòng Hậu Lộc
241,Văn Phòng Hà Nội,Văn phòng Hậu Lộc
242,Văn Phòng Hà Nội,Văn phòng Hậu Lộc
243,Văn Phòng Hà Nội,Văn phòng Bỉm Sơn
244,Văn Phòng Hà Nội,Văn phòng Bỉm Sơn
245,Văn Phòng Hà Nội,Văn phòng Bỉm Sơn
246,Văn Phòng Hà Nội,Văn phòng Bỉm Sơn
247,Văn Phòng Hà Nội,Văn phòng Hậu Lộc
248,Văn Phòng Hà Nội,Văn phòng Hậu Lộc
249,Văn Phòng Hà Nội,Văn phòng Hậu Lộc
250,Văn Phòng Hà Nội,Văn phòng Bỉm Sơn
251,Văn Phòng Hà Nội,Văn phòng Hậu Lộc
252,Văn Phòng Hà Nội,Văn phòng Bỉm Sơn
253,Văn Phòng Hà Nội,Văn phòng Hậu Lộc
254,Văn Phòng Hà Nội,Văn phòng Bỉm Sơn
255,Văn Phòng Hà Nội,Văn phòng Bỉm Sơn
256,Văn Phòng Hà Nội,Văn phòng Bỉm Sơn
257,Văn Phòng Hà Nội,Văn phòng Hậu Lộc
258,Văn Phòng Hà Nội,Văn phòng Hậu Lộc
259,Bến xe Nước Ngầm,Bến xe phía bắc Thanh Hóa
260,Bến xe Nước Ngầm,Văn Phòng Nghi Sơn
261,Bến xe Nước Ngầm,Văn Phòng Quảng Xương
262,Bến xe Nước Ngầm,Văn Phòng Quảng Xương
263,Bến xe Nước Ngầm,Văn Phòng Quảng Xương
264,Bến xe Nước Ngầm,Văn Phòng Quảng Xương
265,Bến xe Nước Ngầm,Văn Phòng Quảng Xương
266,Bến xe Nước Ngầm,Văn Phòng Nghi Sơn
267,Bến xe Nước Ngầm,Văn Phòng Quảng Xương
268,Bến xe Nước Ngầm,Văn Phòng Nghi Sơn
269,Bến xe Nước Ngầm,Văn Phòng Quảng Xương
270,Bến xe Nước Ngầm,Bến xe phía bắc Thanh Hóa
271,Bến xe Nước Ngầm,Văn Phòng Nghi Sơn
272,Bến xe Nước Ngầm,Văn Phòng Nghi Sơn
273,Bến xe Nước Ngầm,Bến xe khách Sầm Sơn
274,Bến xe Nước Ngầm,Bến xe khách Sầm Sơn
275,"Bến xe Nước Ngầm, Hà Nội","Nút giao Gia Miêu, Hà Trung, Thanh Hóa"
276,"Bến xe Nước Ngầm, Hà Nội","Nút giao Gia Miêu, Hà Trung, Thanh Hóa"
277,"Bến xe Nước Ngầm, Hà Nội","Nút giao Gia Miêu, Hà Trung, Thanh Hóa"
278,"Bến xe Giáp Bát, Hà Nội","Nút giao Hà Lĩnh, Hà Trung, Thanh Hóa"
279,"Bến xe Nước Ngầm, Hà Nội","Nút giao Gia Miêu, Hà Trung, Thanh Hóa"
280,"Bến xe Nước Ngầm, Hà Nội","Nút giao Gia Miêu, Hà Trung, Thanh Hóa"
281,"Bến xe Nước Ngầm, Hà Nội","Nút giao Gia Miêu, Hà Trung, Thanh Hóa"
282,"Bến xe Giáp Bát, Hà Nội","Nút giao Hà Lĩnh, Hà Trung, Thanh Hóa"
283,"Bến xe Nước Ngầm, Hà Nội","Nút giao Gia Miêu, Hà Trung, Thanh Hóa"
284,Văn phòng Hà Nội,Văn phòng Nghi Sơn
285,Văn phòng Hà Nội,Văn phòng Nghi Sơn
286,Văn phòng Hà Nội,Văn phòng Nghi Sơn
287,Văn phòng Hà Nội,Văn phòng Nghi Sơn
288,Văn phòng Hà Nội,Văn phòng Nghi Sơn
289,Văn phòng Hà Nội,Văn phòng Nghi Sơn
290,Văn phòng Hà Nội,Văn phòng Nghi Sơn
291,Văn phòng Hà Nội,Văn phòng Nghi Sơn
292,Văn phòng Hà Nội,Văn phòng Nghi Sơn
293,Văn phòng Hà Nội,Văn phòng Nghi Sơn
294,Bến xe Nước Ngầm,Big C Thanh Hóa
295,Văn phòng Hà Nội,Văn phòng Nghi Sơn
296,Văn phòng Hà Nội,Văn phòng Nghi Sơn
297,Văn phòng Hà Nội,Văn phòng Nghi Sơn
298,Văn phòng Hà Nội,Văn phòng Nghi Sơn
299,Văn phòng Hà Nội,Văn phòng Nghi Sơn
300,Nhổn,Big C Thanh Hóa
301,Ngã 4 Chợ Gạch,Big C Thanh Hóa
302,Thăng Long Number One,Big C Thanh Hóa
303,Bến xe Nước Ngầm,BigC Thanh Hóa
304,Bến xe Nước Ngầm,BigC Thanh Hóa
305,Bến xe Nước Ngầm,Bến xe khách Sầm Sơn
306,Bến xe Nước Ngầm,Văn Phòng Nghi Sơn
307,Bến xe Nước Ngầm,Bến xe Thọ Xuân
308,Văn phòng 64 Võ Chí Công,Văn phòng Thanh Hóa - 143 Lê Hồng Phong
309,Văn phòng 64 Võ Chí Công,Văn phòng Thanh Hóa - 143 Lê Hồng Phong
310,Văn phòng 64 Võ Chí Công,Văn phòng Thanh Hóa - 143 Lê Hồng Phong
311,Bến xe Nước Ngầm,Bến xe phía bắc Thanh Hóa
312,Bến xe Nước Ngầm,Bến xe khách Sầm Sơn
313,Bến xe Nước Ngầm,Bến xe khách Triệu Sơn
314,Bến xe Nước Ngầm,Bến xe phía bắc Thanh Hóa
315,Bến xe Nước Ngầm,Bến xe Thọ Xuân
316,Bến xe Nước Ngầm,Văn Phòng Nghi Sơn
317,Bến xe Nước Ngầm,Văn Phòng Quảng Xương
318,Bến xe Nước Ngầm,Bến xe Thọ Xuân
319,Bến xe Nước Ngầm,Văn Phòng Nghi Sơn
320,Bến xe Nước Ngầm,Bến xe khách Triệu Sơn
321,Bến xe Nước Ngầm,Bến xe phía bắc Thanh Hóa
322,Bến xe Nước Ngầm,Văn Phòng Quảng Xương
323,Bến xe Nước Ngầm,Văn Phòng Nghi Sơn
324,Bến xe Nước Ngầm,Bến xe phía bắc Thanh Hóa
325,Bến xe Nước Ngầm,Bến xe phía bắc Thanh Hóa
326,Bến xe Nước Ngầm,Bến xe phía bắc Thanh Hóa
327,Bến xe Nước Ngầm,Bến xe Thọ Xuân
328,Bến xe Nước Ngầm,Bến xe Thọ Xuân
329,Bến xe Nước Ngầm,Văn Phòng Nghi Sơn
330,Bến xe Nước Ngầm,Bến xe khách Triệu Sơn
331,Bến xe Nước Ngầm,Văn Phòng Nghi Sơn
332,Văn phòng 64 Võ Chí Công,Văn phòng Thanh Hóa - 143 Lê Hồng Phong
333,Bến xe Nước Ngầm,Bến xe khách Triệu Sơn
334,Bến xe Nước Ngầm,Bến xe khách Sầm Sơn
335,Văn phòng 64 Võ Chí Công,Văn phòng Thanh Hóa - 143 Lê Hồng Phong
336,Văn phòng 64 Võ Chí Công,Văn phòng Thanh Hóa - 143 Lê Hồng Phong
337,Bến xe Nước Ngầm,Bến xe khách Sầm Sơn
338,Văn phòng 64 Võ Chí Công,Văn phòng Thanh Hóa - 143 Lê Hồng Phong
339,Bến xe Nước Ngầm,Bến xe khách Sầm Sơn
340,Bến xe Nước Ngầm,Bến xe Thọ Xuân
341,Bến xe Nước Ngầm,Bến xe khách Triệu Sơn
342,Bến xe Nước Ngầm,Bến xe khách Triệu Sơn
343,Bến xe Nước Ngầm,Văn Phòng Nghi Sơn
344,Bến xe Nước Ngầm,Văn Phòng Quảng Xương
345,Bến xe Nước Ngầm,Văn Phòng Quảng Xương
346,Bến xe Nước Ngầm,Văn Phòng Nghi Sơn
347,Bến xe Nước Ngầm,Văn Phòng Quảng Xương
348,Bến xe Nước Ngầm,Bến xe phía bắc Thanh Hóa
349,Bến xe Nước Ngầm,Văn Phòng Quảng Xương
350,Bến xe Nước Ngầm,Văn Phòng Quảng Xương
351,Bến xe Nước Ngầm,Văn Phòng Quảng Xương
352,Bến xe Nước Ngầm,Big C Thanh Hóa
353,Bến xe Nước Ngầm,Big C Thanh Hóa
354,Bến xe Nước Ngầm,Big C Thanh Hóa
355,Bến xe Nước Ngầm,Big C Thanh Hóa
356,Bến xe Nước Ngầm,Big C Thanh Hóa
357,Văn phòng 16 Hàng Chĩnh,Văn Phòng Thanh Hóa
358,Bến xe Nước Ngầm,Bến xe khách Sầm Sơn
359,Văn phòng 64 Võ Chí Công,Văn phòng Thanh Hóa - 143 Lê Hồng Phong
360,Phố Cổ Hà Nội,Gateway Inn Puluong
361,Bến xe Nước Ngầm,Big C Thanh Hóa
362,Sân bay Nội Bài - Sảnh nội địa,Văn phòng Nghi Sơn
363,Sân bay Nội Bài - Sảnh nội địa,Văn phòng Nghi Sơn
364,Sân bay Nội Bài - Sảnh nội địa,Văn phòng Nghi Sơn
365,Sân bay Nội Bài - Sảnh nội địa,Văn Phòng Thanh Hóa
366,Sân bay Nội Bài - Sảnh nội địa,Văn phòng Nghi Sơn
367,Sân bay Nội Bài - Sảnh nội địa,Văn Phòng Thanh Hóa
368,Sân bay Nội Bài - Sảnh nội địa,Văn phòng Nghi Sơn
369,Sân bay Nội Bài - Sảnh nội địa,Văn Phòng Thanh Hóa
370,Sân bay Nội Bài - Sảnh nội địa,Văn Phòng Thanh Hóa
371,Sân bay Nội Bài - Sảnh nội địa,Văn phòng Nghi Sơn
372,Sân bay Nội Bài - Sảnh nội địa,Văn Phòng Thanh Hóa
373,Sân bay Nội Bài - Sảnh nội địa,Văn Phòng Thanh Hóa
374,Sân bay Nội Bài - Sảnh nội địa,Văn Phòng Thanh Hóa
375,Sân bay Nội Bài - Sảnh nội địa,Văn phòng Nghi Sơn
376,Sân bay Nội Bài - Sảnh nội địa,Văn Phòng Thanh Hóa
377,Sân bay Nội Bài - Sảnh nội địa,Văn Phòng Thanh Hóa
378,Sân bay Nội Bài - Sảnh nội địa,Văn phòng Nghi Sơn
379,Sân bay Nội Bài - Sảnh nội địa,Văn Phòng Thanh Hóa
380,Sân bay Nội Bài - Sảnh nội địa,Văn phòng Nghi Sơn
381,Sân bay Nội Bài - Sảnh nội địa,Văn phòng Nghi Sơn
382,Sân bay Nội Bài - Sảnh nội địa,Văn Phòng Thanh Hóa
383,Sân bay Nội Bài - Sảnh nội địa,Văn phòng Nghi Sơn
384,Sân bay Nội Bài - Sảnh nội địa,Văn Phòng Thanh Hóa
385,Sân bay Nội Bài - Sảnh nội địa,Văn phòng Nghi Sơn
386,Sân bay Nội Bài - Sảnh nội địa,Văn Phòng Thanh Hóa
387,Sân bay Nội Bài - Sảnh nội địa,Văn phòng Nghi Sơn
388,Sân bay Nội Bài - Sảnh nội địa,Văn phòng Nghi Sơn
389,Sân bay Nội Bài - Sảnh nội địa,Văn Phòng Thanh Hóa
390,Sân bay Nội Bài - Sảnh nội địa,Văn Phòng Thanh Hóa
391,Sân bay Nội Bài - Sảnh nội địa,Văn phòng Nghi Sơn
392,Bến xe Nước Ngầm,Big C Thanh Hóa
393,Thăng Long Number One,Big C Thanh Hóa
394,Văn phòng Hà Nội,Văn Phòng Thanh Hóa
395,Văn phòng Hà Nội,Văn Phòng Thanh Hóa
396,Văn phòng Hà Nội,Văn Phòng Thanh Hóa
397,Văn phòng Mỹ Đình,Văn phòng Thanh Hóa
398,Văn phòng Mỹ Đình,Văn phòng Thanh Hóa
399,Văn phòng Mỹ Đình,Văn phòng Thanh Hóa
415,Văn phòng Hà Nội,Văn phòng Nghi Sơn
416,Văn phòng Hà Nội,Văn phòng Nghi Sơn
417,Văn phòng Hà Nội,Văn phòng Nghi Sơn
418,Sân bay Nội Bài - Sảnh nội địa,Văn phòng Nghi Sơn
419,Sân bay Nội Bài - Sảnh nội địa,Văn Phòng Thanh Hóa
420,Sân bay Nội Bài - Sảnh nội địa,Văn Phòng Thanh Hóa
421,Sân bay Nội Bài - Sảnh nội địa,Văn Phòng Thanh Hóa
422,Sân bay Nội Bài - Sảnh nội địa,Văn phòng Nghi Sơn
423,Sân bay Nội Bài - Sảnh nội địa,Văn phòng Nghi Sơn
