bus_company,bus_star,bus_type,departure_time,pick_up_point,duration_h_m,arrival_time,drop_off_point,arrival_date,original_price,sale_price,discount_percent,notification,An toàn,Thông tin chính xác,Thông tin đầy đủ,Thái độ nhân viên,Tiện nghi & thoải mái,Chất lượng dịch vụ,Đúng giờ,
Đà Lạt ơi,4.8 (3425),Limousine 24 Phòng ĐÔI,23:30,• Trạm Hàng Xanh,7h,06:30,• Trạm Nha Trang,(12/10),450.000,320.000,-29%,Lộ trình: N4 Thủ Đức - Quận 1 - Cao tốc,4.8,4.8,4.8,4.8,4.8,4.8,4.8,
Bình Minh Tải,4.7 (3650),Limousine 22 Phòng Đơn,22:30,• Văn Phòng Quận 1,7h5m,05:35,• Văn phòng Nha Trang,(12/10),350.000,300.000,-14%,Hướng đi: Cao tốc (Long Thành - Dầu Giây - Phan Thiết),4.6,4.6,4.7,4.6,4.6,4.6,4.8,
Huỳnh Gia,4.7 (8534),Giường nằm 38 chỗ (WC),22:30,• Văn Phòng Phạm Ngũ Lão,6h30m,05:00,• Văn Phòng Nha Trang,(12/10),280.000,250.000,-11%,Lộ trình: Cao tốc (Long Thành - Dầu Giây - Phan Thiết),4.8,4.7,4.7,4.7,4.6,4.6,4.7,
An Anh Limousine,4.8 (8322),Limousine 34 Phòng Đơn,23:30,• Văn Phòng Quận 5,6h30m,06:00,• Văn phòng Nha Trang,(12/10),299.000,199.000,-33%,Tiện ích miễn phí,4.8,4.7,4.7,4.7,4.7,4.7,4.6,
Khanh Phong,4.7 (16845),Limousine 20 giường phòng (WC),05:15,• Văn Phòng Phạm Ngũ Lão - Quận 1.,6h10m,11:25,• Văn Phòng Nha Trang (KS Mường Thanh),,480.000,400.000,-17%,Quý khách lưu ý,4.8,4.7,4.7,4.7,4.6,4.6,4.8,
Nhật Dương - Bình Minh Bus,4.9 (5826),Limousine 22 Phòng Đôi Luxury (WC),23:30,• Văn phòng Nguyễn Cư Trinh Quận 1,6h36m,06:06,• Vp Thích Quảng Đức Nha Trang,(12/10),349.000,304.000,-13%,NX xuất HĐ VAT - Hướng đi: Cao tốc,4.9,4.9,4.9,4.9,4.9,4.8,4.8,
Bus365,4.7 (165),Limousine 24 phòng đôi,22:00,• Bến Xe Miền Đông Mới,6h,04:00,• Văn Phòng Nha Trang,(12/10),400.000,289.000,-28%,Vé Metro miễn phí,4.8,4.6,4.7,4.8,4.7,4.7,4.4,
Nam Hải Limousine,4.7 (3463),Limousine 34 giường,22:20,• Văn Phòng Phạm Ngũ Lão,8h,06:20,• Văn Phòng Nha Trang,(12/10),300.000,270.000,-10%,Lưu ý Đón/Trả tại TP.HCM,4.8,4.7,4.7,4.7,4.7,4.7,4.8,
Trọng Thủy Limousine,4.7 (1344),Limousine 24 phòng Đôi,21:00,• Ngã 4 An Sương,7h,04:00,• Văn phòng Nha Trang,(12/10),470.000,420.000,-11%,Kích thước giường cuối,4.7,4.6,4.7,4.7,4.7,4.6,4.4,
Trà Lan Viên,4.4 (4199),Limousine 30 Phòng Đơn (WC),22:15,• Vp. Quận 1,7h20m,05:35,• VP Hà Quang 2,(12/10),280.000,260.000,-7%,Quý khách lưu ý giường cuối,4.6,4.5,4.5,4.4,4.3,4.3,4.7,
Đà Lạt ơi,4.8 (3425),Limousine 24 Phòng ĐÔI,23:45,• Trạm Quận 1,5h45m,05:30,• Trạm Nha Trang,(12/10),450.000,320.000,-29%,Lộ trình: Hàng Xanh - Quận 1 - Cao tốc đến Cam Ranh,4.8,4.8,4.8,4.8,4.8,4.8,4.8,
Huỳnh Gia,4.7 (8534),Giường nằm 34 chỗ (WC),11:00,• Văn Phòng Phạm Ngũ Lão,6h30m,17:30,• Văn Phòng Nha Trang,,280.000,238.000,-15%,,4.8,4.7,4.7,4.7,4.6,4.6,4.7,
Bình Minh Tải,4.7 (3650),Limousine 22 Phòng Đôi VIP (WC),23:15,• Văn Phòng Quận 1,7h5m,06:20,• Văn phòng Nha Trang,(12/10),395.000,289.000,-27%,Hướng đi: Cao tốc (Long Thành - Dầu Giây - Phan Thiết),4.6,4.6,4.7,4.6,4.6,4.6,4.8,
An Anh Limousine,4.8 (8322),Limousine 24 Phòng Đôi,05:00,• Văn Phòng Quận 5,6h30m,11:30,• Văn phòng Nha Trang,,449.000,299.000,-33%,Tiện ích miễn phí,4.8,4.7,4.7,4.7,4.7,4.7,4.6,
Nhật Dương - Bình Minh Bus,4.9 (5826),Limousine phòng 22 đôi (WC),22:35,• Văn phòng Nguyễn Cư Trinh Quận 1,7h50m,06:25,• Vp Thích Quảng Đức Nha Trang,(12/10),349.000,304.000,-13%,NX xuất HĐ VAT - Hướng đi: Cao tốc,4.9,4.9,4.9,4.9,4.9,4.8,4.8,
Khanh Phong,4.7 (16845),Limousine 32 giường nằm (WC),23:20,• Văn Phòng Phạm Ngũ Lão - Quận 1.,6h10m,05:30,• Văn Phòng Nha Trang (KS Mường Thanh),(12/10),320.000,300.000,-6%,Quý khách lưu ý,4.8,4.7,4.7,4.7,4.6,4.6,4.8,
Nam Hải Limousine,4.7 (3463),Limousine 22 giường,10:15,• Văn Phòng Phạm Ngũ Lão,8h,18:15,• Văn Phòng Nha Trang,,420.000,370.000,-12%,Lưu ý Đón/Trả tại TP.HCM,4.8,4.7,4.7,4.7,4.7,4.7,4.8,
Bus365,4.7 (165),Limousine 24 phòng đôi,13:00,• Bến Xe Miền Đông Mới,6h,19:00,• Văn Phòng Nha Trang,,400.000,289.000,-28%,Vé Metro miễn phí,4.8,4.6,4.7,4.8,4.7,4.7,4.4,
Trà Lan Viên,4.4 (4199),Limousine 21 Phòng Đơn (WC),23:00,• Vp. Quận 1,7h20m,06:20,• VP Hà Quang 2,(12/10),450.000,400.000,-11%,Quý khách lưu ý giường cuối,4.6,4.5,4.5,4.4,4.3,4.3,4.7,
Phương Nam,4.7 (2431),Giường nằm 40 chỗ có toilet,22:00,• Văn phòng Quận 1,8h52m,06:52,• Văn Phòng Chung cư CT2,(12/10),240.000,240.000,,,4.8,4.7,4.8,4.7,4.6,4.6,4.8,
Hạnh Cafe - Hà Phương Limousine,4.4 (7326),Limousine 34 Giường,22:15,• Văn phòng Quận 1,8h30m,06:45,• Văn phòng 106 Phong Châu,(12/10),300.000,280.000,-7%,Thông báo,4.6,4.4,4.5,4.4,4.3,4.3,4.7,
Xe Nhà,4.3 (3213),Giường nằm 40 chỗ (WC),22:15,• Văn phòng Quận 1,7h15m,05:30,• VP Nha Trang - Xe Nhà,(12/10),280.000,240.000,-14%,Hướng đi: Cao tốc (Long Thành - Dầu Giây - Phan Thiết),4.3,4.2,4.4,4.2,4.0,4.0,4.5,
Liên Hưng,4 (12922),Limousine 21 phòng đơn (WC),22:15,• Bến xe Miền Tây (Quầy 24),8h45m,07:00,• Văn phòng Nha Trang,(12/10),500.000,300.000,-40%,,4.3,4.2,4.3,4.1,4.0,3.9,4.2,
Cúc Tùng,3.8 (2763),Giường nằm 32 chỗ,05:30,• Văn Phòng Bình Thạnh,9h50m,15:20,• Văn Phòng Nha Trang,,362.000,300.000,-17%,Kích cỡ giường cuối,4.1,3.9,4.0,3.9,3.9,3.7,4.2,
Quang Hạnh (NT),3.6 (362),Limousine 22 phòng đơn (WC),19:30,• Bến xe Miền Tây (Quầy 25),9h25m,04:55,• Bến Xe Phía Nam Nha Trang Mới,(12/10),480.000,350.000,-27%,Lưu ý kích cỡ giường,4.1,3.7,3.9,3.9,3.8,3.6,3.6,
Phúc An Express,4.7 (3425),Limousine 22 giường phòng (WC),22:15,• Văn Phòng Sài Gòn,7h30m,05:45,• Văn Phòng Nha Trang,(12/10),470.000,470.000,,Lộ trình xe chạy,4.8,4.7,4.7,4.7,4.6,4.6,4.7,
Hà Linh,4.1 (1329),Limousine 22 Phòng,18:00,• Bến xe An Sương,9h30m,03:30,• Văn Phòng Nha Trang,(12/10),300.000,290.000,-3%,Trung chuyển Hồ Chí Minh,4.4,4.3,4.3,4.2,4.0,4.0,4.8,
Việt Nhật,4.7 (816),Limousine 34 Giường,22:30,• Văn phòng Quận 1,8h20m,06:50,• Vp. Nha Trang,(12/10),280.000,280.000,,Lưu ý,4.8,4.7,4.8,4.8,4.6,4.7,4.8,
Quang Dũng VIP Limousine,3.7 (887),Giường phòng 32 chỗ (Có WC),05:30,• Bến Xe An Sương,9h5m,14:35,• Văn phòng Nha Trang,,550.000,550.000,,"Lưu ý chính sách bao cơm, kích thước giường cuối và thời gian",4.0,3.8,3.8,3.9,3.8,3.7,4.3,
Long Vân Limousine,4.5 (6899),Limousine phòng đôi 22 chỗ (WC),13:00,• Văn phòng Bình Thạnh,7h,20:00,• Văn Phòng Nha Trang,,350.000,315.000,-10%,Hướng đi: Cao tốc (Long Thành - Dầu Giây - Phan Thiết),4.5,4.4,4.5,4.5,4.4,4.4,4.7,
Tài Phát Limousine,5 (1170),Limousine 24 Phòng Đôi,20:00,• Bến xe Miền Tây,7h25m,03:25,• Ngã 3 Thành,(12/10),520.000,450.000,-13%,Lưu ý hướng đi cao tốc >>>,4.9,4.9,4.9,4.9,4.9,4.9,5.0,
Như Ý 78 (Phú Yên),4.6 (135),Limousine 24 phòng,18:00,• Bến xe An Sương (Tp HCM).,8h45m,02:45,• Ninh Hòa (Dọc Quốc Lộ 1A),(12/10),Từ 290.000,Từ 290.000,,Trung chuyển TP.Tuy Hòa,4.7,4.6,4.6,4.6,4.6,4.5,4.5,
Rạng Đông Buslines,4.2 (1481),Limousine 34 phòng,15:01,• Bến xe An Sương (Phòng vé số 3),7h45m,22:46,• Ngã 3 nhà máy sợi Nha Trang,,500.000,400.000,-20%,Giá vé bao gồm phần ăn,4.5,4.2,4.3,4.3,4.2,4.2,4.6,
Tuấn Tú Express,4.5 (1392),Giường nằm 46 chỗ,14:30,• Trạm Bà Điểm,7h,21:30,• Khánh Hòa,,450.000,290.000,-36%,Chính sách bao ăn,4.7,4.6,4.6,4.6,4.5,4.5,4.6,
Hiếu Vinh,4.3 (83),Giường nằm 40 chỗ,17:01,• Bến xe An Sương,11h,04:01,• VP Tuy Hòa,(12/10),Từ 200.000,Từ 200.000,,Trung chuyển TP.Tuy Hòa,4.6,4.5,4.5,4.5,4.4,4.4,4.5,
Tín Phát Limousine,4.9 (54),Limousine 24 Phòng,17:45,• Văn Phòng Bình Thạnh,7h30m,01:15,• Ngã 3 Thành,(12/10),450.000,405.000,-10%,,4.9,4.9,4.9,4.9,4.9,4.9,4.8,
Mười Phương Express,4.2 (165),Luxury 34 phòng,15:00,• Bến Xe 34 Tây Lân,6h45m,21:45,• Ngã Ba Thành,,300.000,270.000,-10%,,4.3,4.3,4.3,4.3,4.3,4.3,4.0,
Hưng Thịnh,4.9 (91),Limousine 24 Phòng,18:00,• Trạm Bình Tân,9h,03:00,• Khánh Hòa,(12/10),550.000,450.000,-18%,Lưu ý: Giường A11 và B11,4.9,4.8,4.9,4.9,4.8,4.8,5.0,
Hoàng Khang,3.5 (116),Limousine 34 Phòng Đơn,16:00,• Văn Phòng Bình Thạnh,7h30m,23:30,• Ngã 3 Thành,,330.000,295.000,-11%,Giá vé không bao ăn,4.3,3.8,4.1,3.8,3.8,3.8,4.8,
Hưng Thành (Bình Định),4.8 (63),Limousine 24 Phòng,16:40,• Bến xe Miền Tây,7h20m,00:00,• Ngã 3 Thành,(12/10),500.000,350.000,-30%,,4.8,4.6,4.8,4.9,4.8,4.7,4.3,
Đà Lạt ơi,4.8 (3425),Limousine 24 Phòng ĐÔI,23:45,• Trạm Quận 1,6h45m,06:30,• Trạm Nha Trang,(12/10),450.000,320.000,-29%,Lộ trình: N4 Thủ Đức - Quận 1 - Cao tốc,4.8,4.8,4.8,4.8,4.8,4.8,4.8,
Đà Lạt ơi,4.8 (3425),Limousine 24 Phòng ĐÔI,23:49,• Nhà chờ Phương Trang (Đường Mai Chí Thọ),6h41m,06:30,• Trạm Nha Trang,(12/10),450.000,320.000,-29%,Lộ trình: N4 Thủ Đức - Quận 1 - Cao tốc,4.8,4.8,4.8,4.8,4.8,4.8,4.8,
Đà Lạt ơi,4.8 (3425),Limousine 24 Phòng ĐÔI,23:30,• Trạm Hàng Xanh,6h,05:30,• Trạm Nha Trang,(12/10),450.000,320.000,-29%,Lộ trình: Hàng Xanh - Quận 1 - Cao tốc đến Cam Ranh,4.8,4.8,4.8,4.8,4.8,4.8,4.8,
Huỳnh Gia,4.7 (8534),Giường nằm 34 chỗ (WC),11:45,• Văn Phòng Phạm Ngũ Lão,6h30m,18:15,• Văn Phòng Nha Trang,,280.000,238.000,-15%,Lộ trình: Cao tốc (Long Thành - Dầu Giây - Phan Thiết),4.8,4.7,4.7,4.7,4.6,4.6,4.7,
Huỳnh Gia,4.7 (8534),Giường nằm 34 chỗ (WC),20:00,• Cổng Bến xe Miền Tây,8h,04:00,• Văn Phòng Nha Trang.,(12/10),280.000,238.000,-15%,,4.8,4.7,4.7,4.7,4.6,4.6,4.7,
Huỳnh Gia,4.7 (8534),Giường nằm 34 chỗ (WC),23:00,• Văn Phòng Phạm Ngũ Lão,6h30m,05:30,• Văn Phòng Nha Trang,(12/10),280.000,238.000,-15%,Lộ trình: Cao tốc (Long Thành - Dầu Giây - Phan Thiết),4.8,4.7,4.7,4.7,4.6,4.6,4.7,
Bình Minh Tải,4.7 (3650),Limousine 22 Phòng Đôi VIP (WC),23:00,• Văn Phòng Quận 1,7h5m,06:05,• Văn phòng Nha Trang,(12/10),395.000,289.000,-27%,Hướng đi: Cao tốc (Long Thành - Dầu Giây - Phan Thiết),4.6,4.6,4.7,4.6,4.6,4.6,4.8,
Bình Minh Tải,4.7 (3650),Limousine 32 Phòng (WC),12:30,• Văn Phòng Quận 1,7h5m,19:35,• Văn phòng Nha Trang,,320.000,250.000,-22%,Hướng đi: Cao tốc (Long Thành - Dầu Giây - Phan Thiết),4.6,4.6,4.7,4.6,4.6,4.6,4.8,
Bình Minh Tải,4.7 (3650),Limousine 32 Phòng (WC),13:30,• Bến Xe Miền Đông Mới,6h5m,19:35,• Văn phòng Nha Trang,,320.000,250.000,-22%,Hướng đi: Cao tốc (Long Thành - Dầu Giây - Phan Thiết),4.6,4.6,4.7,4.6,4.6,4.6,4.8,
Khanh Phong,4.7 (16845),Limousine 20 giường phòng (WC),22:10,• Văn Phòng Phạm Ngũ Lão - Quận 1.,6h10m,04:20,• Văn Phòng Nha Trang (KS Mường Thanh),(12/10),480.000,450.000,-6%,Quý khách lưu ý,4.8,4.7,4.7,4.7,4.6,4.6,4.8,
An Anh Limousine,4.8 (8322),Limousine 24 Phòng Đôi,23:00,• Văn Phòng Quận 5,6h30m,05:30,• Văn phòng Nha Trang,(12/10),449.000,349.000,-22%,Tiện ích miễn phí,4.8,4.7,4.7,4.7,4.7,4.7,4.6,
Khanh Phong,4.7 (16845),Limousine 32 giường nằm (WC),17:30,• Văn Phòng Phạm Ngũ Lão - Quận 1.,6h10m,23:40,• Văn Phòng Nha Trang (KS Mường Thanh),,320.000,300.000,-6%,Quý khách lưu ý,4.8,4.7,4.7,4.7,4.6,4.6,4.8,
Khanh Phong,4.7 (16845),Limousine 32 giường nằm (WC),13:05,• Văn Phòng Phạm Ngũ Lão - Quận 1.,6h10m,19:15,• Văn Phòng Nha Trang (KS Mường Thanh),,320.000,300.000,-6%,Quý khách lưu ý,4.8,4.7,4.7,4.7,4.6,4.6,4.8,
Nhật Dương - Bình Minh Bus,4.9 (5826),Limousine phòng 21 đôi (WC),23:00,• Văn phòng Nguyễn Cư Trinh Quận 1,7h50m,06:50,• Vp Thích Quảng Đức Nha Trang,(12/10),349.000,304.000,-13%,NX xuất HĐ VAT - Hướng đi: Cao tốc,4.9,4.9,4.9,4.9,4.9,4.8,4.8,
Nhật Dương - Bình Minh Bus,4.9 (5826),Limousine phòng 21 đôi (WC),05:00,• Văn phòng Nguyễn Cư Trinh Quận 1,7h50m,12:50,• Vp Thích Quảng Đức Nha Trang,,349.000,304.000,-13%,NX xuất HĐ VAT - Hướng đi: Cao tốc,4.9,4.9,4.9,4.9,4.9,4.8,4.8,
Nhật Dương - Bình Minh Bus,4.9 (5826),Limousine phòng 21 đôi (WC),12:30,• Văn phòng Nguyễn Cư Trinh Quận 1,7h50m,20:20,• Vp Thích Quảng Đức Nha Trang,,349.000,304.000,-13%,NX xuất HĐ VAT - Hướng đi: Cao tốc,4.9,4.9,4.9,4.9,4.9,4.8,4.8,
An Anh Limousine,4.8 (8322),Limousine 34 Phòng Đơn,08:00,•  502 Quốc lộ 13,6h30m,14:30,• Văn phòng Nha Trang,,299.000,199.000,-33%,Tiện ích miễn phí,4.8,4.7,4.7,4.7,4.7,4.7,4.6,
An Anh Limousine,4.8 (8322),Limousine 34 Phòng Đơn,22:45,• Văn Phòng Quận 5,6h30m,05:15,• Văn phòng Nha Trang,(12/10),299.000,199.000,-33%,Tiện ích miễn phí,4.8,4.7,4.7,4.7,4.7,4.7,4.6,
Bus365,4.7 (165),Limousine 24 phòng đôi,22:30,• Bến Xe Miền Đông Mới,6h,04:30,• Văn Phòng Nha Trang,(12/10),400.000,289.000,-28%,Vé Metro miễn phí,4.8,4.6,4.7,4.8,4.7,4.7,4.4,
Bus365,4.7 (165),Limousine 24 phòng đôi,12:30,• Bến Xe Miền Đông Mới,6h,18:30,• Văn Phòng Nha Trang,,400.000,289.000,-28%,Vé Metro miễn phí,4.8,4.6,4.7,4.8,4.7,4.7,4.4,
Phương Nam,4.7 (2431),Giường nằm 32 chỗ (WC),22:05,• Văn phòng Quận 1,8h52m,06:57,• Văn Phòng Chung cư CT2,(12/10),280.000,280.000,,,4.8,4.7,4.8,4.7,4.6,4.6,4.8,
Phương Nam,4.7 (2431),Giường nằm 40 chỗ có toilet,19:30,• Văn phòng Quận 1,8h52m,04:22,• Văn Phòng Chung cư CT2,(12/10),240.000,240.000,,,4.8,4.7,4.8,4.7,4.6,4.6,4.8,
Trà Lan Viên,4.4 (4199),Limousine 21 Phòng Đơn (WC),22:30,• Vp. Quận 1,7h20m,05:50,• VP Hà Quang 2,(12/10),450.000,400.000,-11%,Quý khách lưu ý giường cuối,4.6,4.5,4.5,4.4,4.3,4.3,4.7,
Xe Nhà,4.3 (3213),Giường nằm 40 chỗ (WC),21:00,• Bến xe Miền Đông mới,8h30m,05:30,• VP Nha Trang - Xe Nhà,(12/10),280.000,240.000,-14%,Hướng đi: Cao tốc (Long Thành - Dầu Giây - Phan Thiết),4.3,4.2,4.4,4.2,4.0,4.0,4.5,
Hạnh Cafe - Hà Phương Limousine,4.4 (7326),Limousine 36 Giường (Mới),19:30,• Văn phòng Quận 1,8h30m,04:00,• Văn phòng 106 Phong Châu,(12/10),260.000,240.000,-8%,Thông báo,4.6,4.4,4.5,4.4,4.3,4.3,4.7,
Trọng Thủy Limousine,4.7 (1344),Limousine 24 phòng Đôi,20:30,• Bến xe Miền Tây,7h30m,04:00,• Văn phòng Nha Trang,(12/10),470.000,420.000,-11%,Kích thước giường cuối,4.7,4.6,4.7,4.7,4.7,4.6,4.4,
Hạnh Cafe - Hà Phương Limousine,4.4 (7326),Limousine 34 Giường,11:00,• Văn phòng Quận 1,8h30m,19:30,• Văn phòng 106 Phong Châu,,300.000,280.000,-7%,Thông báo,4.6,4.4,4.5,4.4,4.3,4.3,4.7,
Hạnh Cafe - Hà Phương Limousine,4.4 (7326),Giường nằm 41 chỗ,07:45,• Văn phòng Quận 1,11h45m,19:30,• Văn phòng 106 Phong Châu,,260.000,240.000,-8%,Thông báo,4.6,4.4,4.5,4.4,4.3,4.3,4.7,
Xe Nhà,4.3 (3213),Limousine 20 phòng đơn (WC),22:25,• Văn phòng Quận 1,7h15m,05:40,• VP Nha Trang - Xe Nhà,(12/10),350.000,310.000,-11%,Hướng đi: Cao tốc (Long Thành - Dầu Giây - Phan Thiết),4.3,4.2,4.4,4.2,4.0,4.0,4.5,
Liên Hưng,4 (12922),Limousine 21 phòng đơn (WC),20:30,• Bến Xe An Sương (Quầy vé 17),10h,06:30,• Văn Phòng Diên Toàn,(12/10),490.000,350.000,-29%,,4.3,4.2,4.3,4.1,4.0,3.9,4.2,
Trọng Thủy Limousine,4.7 (1344),Limousine 24 phòng Đôi,18:20,• Ngã 4 An Sương,6h40m,01:00,• Văn phòng Nha Trang,(12/10),470.000,420.000,-11%,Kích thước giường cuối,4.7,4.6,4.7,4.7,4.7,4.6,4.4,
Nam Hải Limousine,4.7 (3463),Limousine 34 giường,08:00,• Văn Phòng Phạm Ngũ Lão,8h,16:00,• Văn Phòng Nha Trang,,300.000,300.000,,Lưu ý Đón/Trả tại TP.HCM,4.8,4.7,4.7,4.7,4.7,4.7,4.8,
Phương Nam,4.7 (2431),Limousine giường phòng 22 chỗ (WC),22:15,• Văn phòng Quận 1,8h52m,07:07,• Văn Phòng Chung cư CT2,(12/10),440.000,440.000,,,4.8,4.7,4.8,4.7,4.6,4.6,4.8,
Liên Hưng,4 (12922),Limousine 32 giường (WC),21:30,• Văn phòng Bình Thạnh,8h,05:30,• Văn Phòng Diên Toàn,(12/10),330.000,280.000,-15%,,4.3,4.2,4.3,4.1,4.0,3.9,4.2,
Liên Hưng,4 (12922),Limousine 21 phòng đơn (WC),10:30,• Bến Xe An Sương (Quầy vé 17),8h15m,18:45,• Văn Phòng Diên Toàn,,490.000,300.000,-39%,Hướng đi: Cao tốc Vĩnh Hảo - Dầu Giây,4.3,4.2,4.3,4.1,4.0,3.9,4.2,
Cúc Tùng,3.8 (2763),Limousine giường nằm đơn 21 chỗ (WC),20:00,• Bến Xe An Sương - Quầy vé số 10,10h20m,06:20,• Văn Phòng Nha Trang,(12/10),340.000,299.000,-12%,Kích cỡ giường cuối,4.1,3.9,4.0,3.9,3.9,3.7,4.2,
Trọng Thủy Limousine,4.7 (1344),Limousine 24 phòng Đôi,18:30,• Ngã 4 An Sương,7h15m,01:45,• Văn Phòng Nha Trang,(12/10),470.000,420.000,-11%,Kích thước giường cuối,4.7,4.6,4.7,4.7,4.7,4.6,4.4,
Cúc Tùng,3.8 (2763),Limousine giường nằm đơn 21 chỗ (WC),09:00,• Văn Phòng Bình Thạnh,9h50m,18:50,• Văn Phòng Nha Trang,,340.000,299.000,-12%,Kích cỡ giường cuối,4.1,3.9,4.0,3.9,3.9,3.7,4.2,
Cúc Tùng,3.8 (2763),Limousine giường nằm đơn 21 chỗ (WC),14:00,• Văn Phòng Bình Thạnh,9h50m,23:50,• Văn Phòng Nha Trang,,340.000,299.000,-12%,Kích cỡ giường cuối,4.1,3.9,4.0,3.9,3.9,3.7,4.2,
Phúc An Express,4.7 (3425),Limousine 32 phòng (WC),20:00,• Văn Phòng Hồ Chí Minh,7h,03:00,• Văn Phòng Nha Trang,(12/10),300.000,300.000,,Lộ trình xe chạy,4.8,4.7,4.7,4.7,4.6,4.6,4.7,
Huỳnh Gia,4.7 (8534),Giường nằm 34 chỗ (WC),19:00,• Văn Phòng Phạm Ngũ Lão,9h,04:00,• Văn Phòng Nha Trang.,(12/10),280.000,238.000,-15%,,4.8,4.7,4.7,4.7,4.6,4.6,4.7,
Đà Lạt ơi,4.8 (3425),Limousine 24 Phòng ĐÔI,23:49,• Nhà chờ Phương Trang (Đường Mai Chí Thọ),5h41m,05:30,• Trạm Nha Trang,(12/10),450.000,320.000,-29%,Lộ trình: Hàng Xanh - Quận 1 - Cao tốc đến Cam Ranh,4.8,4.8,4.8,4.8,4.8,4.8,4.8,
Huỳnh Gia,4.7 (8534),Limousine 21 giường phòng (WC),22:10,• Văn Phòng Phạm Ngũ Lão,7h,05:10,• Văn Phòng Nha Trang,(12/10),480.000,408.000,-15%,Lộ trình: Cao tốc (Long Thành - Dầu Giây - Phan Thiết),4.8,4.7,4.7,4.7,4.6,4.6,4.7,
Huỳnh Gia,4.7 (8534),Limousine 21 giường phòng (WC),09:00,• Văn Phòng Phạm Ngũ Lão,7h,16:00,• Văn Phòng Nha Trang,,480.000,408.000,-15%,Lộ trình: Cao tốc (Long Thành - Dầu Giây - Phan Thiết),4.8,4.7,4.7,4.7,4.6,4.6,4.7,
Huỳnh Gia,4.7 (8534),Limousine 21 giường phòng (WC),12:30,• Văn Phòng Phạm Ngũ Lão,7h,19:30,• Văn Phòng Nha Trang,,480.000,408.000,-15%,Lộ trình: Cao tốc (Long Thành - Dầu Giây - Phan Thiết),4.8,4.7,4.7,4.7,4.6,4.6,4.7,
Bình Minh Tải,4.7 (3650),Limousine 32 Phòng (WC),13:15,• Bến Xe Miền Đông Mới,6h5m,19:20,• Văn phòng Nha Trang,,320.000,250.000,-22%,Hướng đi: Cao tốc (Long Thành - Dầu Giây - Phan Thiết),4.6,4.6,4.7,4.6,4.6,4.6,4.8,
Huỳnh Gia,4.7 (8534),Limousine 21 giường phòng (WC),10:00,• Văn Phòng Phạm Ngũ Lão,7h,17:00,• Văn Phòng Nha Trang,,480.000,408.000,-15%,Lộ trình: Cao tốc (Long Thành - Dầu Giây - Phan Thiết),4.8,4.7,4.7,4.7,4.6,4.6,4.7,
Khanh Phong,4.7 (16845),Limousine 32 giường nằm (WC),20:00,• Văn Phòng Phạm Ngũ Lão - Quận 1.,6h10m,02:10,• Văn Phòng Nha Trang (KS Mường Thanh),(12/10),320.000,300.000,-6%,Quý khách lưu ý,4.8,4.7,4.7,4.7,4.6,4.6,4.8,
Khanh Phong,4.7 (16845),Limousine 20 giường phòng (WC),10:00,• Văn Phòng Phạm Ngũ Lão - Quận 1.,6h10m,16:10,• Văn Phòng Nha Trang (KS Mường Thanh),,480.000,450.000,-6%,Quý khách lưu ý,4.8,4.7,4.7,4.7,4.6,4.6,4.8,
Khanh Phong,4.7 (16845),Limousine 32 giường nằm (WC),22:20,• Văn Phòng Phạm Ngũ Lão - Quận 1.,6h10m,04:30,• Văn Phòng Nha Trang (KS Mường Thanh),(12/10),320.000,300.000,-6%,Quý khách lưu ý,4.8,4.7,4.7,4.7,4.6,4.6,4.8,
Khanh Phong,4.7 (16845),Limousine 20 giường phòng (WC),12:10,• Văn Phòng Phạm Ngũ Lão - Quận 1.,6h10m,18:20,• Văn Phòng Nha Trang (KS Mường Thanh),,480.000,450.000,-6%,Quý khách lưu ý,4.8,4.7,4.7,4.7,4.6,4.6,4.8,
Huỳnh Gia,4.7 (8534),Limousine 21 giường phòng (WC),15:00,• Văn Phòng Phạm Ngũ Lão,7h,22:00,• Văn Phòng Nha Trang,,480.000,456.000,-5%,Lộ trình: Cao tốc (Long Thành - Dầu Giây - Phan Thiết),4.8,4.7,4.7,4.7,4.6,4.6,4.7,
Khanh Phong,4.7 (16845),Limousine 20 giường phòng (WC),23:40,• Văn Phòng Phạm Ngũ Lão - Quận 1.,6h10m,05:50,• Văn Phòng Nha Trang (KS Mường Thanh),(12/10),480.000,450.000,-6%,Quý khách lưu ý,4.8,4.7,4.7,4.7,4.6,4.6,4.8,
Đà Lạt ơi,4.8 (3425),Limousine 24 Phòng ĐÔI,23:00,• Ngã 4 Bình Phước (Hướng QL13),7h30m,06:30,• Trạm Nha Trang,(12/10),450.000,320.000,-29%,Lộ trình: N4 Thủ Đức - Quận 1 - Cao tốc,4.8,4.8,4.8,4.8,4.8,4.8,4.8,
Huỳnh Gia,4.7 (8534),Giường nằm 34 chỗ (WC),22:20,• Văn Phòng Phạm Ngũ Lão,7h,05:20,• Văn Phòng Nha Trang.,(12/10),300.000,300.000,,Lộ trình: Cao tốc (Long Thành - Dầu Giây - Phan Thiết),4.8,4.7,4.7,4.7,4.6,4.6,4.7,
Khanh Phong,4.7 (16845),Limousine 32 giường nằm (WC),12:05,• Văn Phòng Phạm Ngũ Lão - Quận 1.,6h10m,18:15,• Văn Phòng Nha Trang (KS Mường Thanh),,320.000,300.000,-6%,Quý khách lưu ý,4.8,4.7,4.7,4.7,4.6,4.6,4.8,
Huỳnh Gia,4.7 (8534),Giường nằm 34 chỗ (WC),22:45,• Văn Phòng Phạm Ngũ Lão,6h30m,05:15,• Văn Phòng Nha Trang,(12/10),280.000,238.000,-15%,Lộ trình: Cao tốc (Long Thành - Dầu Giây - Phan Thiết),4.8,4.7,4.7,4.7,4.6,4.6,4.7,
Khanh Phong,4.7 (16845),Limousine 32 giường nằm (WC),23:35,• Văn Phòng Phạm Ngũ Lão - Quận 1.,6h10m,05:45,• Văn Phòng Nha Trang (KS Mường Thanh),(12/10),320.000,300.000,-6%,Quý khách lưu ý,,,,,,,,
Khanh Phong,4.7 (16845),Limousine 32 giường nằm (WC),23:01,• Văn Phòng Phạm Ngũ Lão - Quận 1.,6h10m,05:11,• Văn Phòng Nha Trang (KS Mường Thanh),(12/10),320.000,300.000,-6%,Quý khách lưu ý,4.8,4.7,4.7,4.7,4.6,4.6,4.8,
Khanh Phong,4.7 (16845),Limousine 32 giường nằm (WC),10:30,• Văn Phòng Phạm Ngũ Lão - Quận 1.,6h10m,16:40,• Văn Phòng Nha Trang (KS Mường Thanh),,320.000,300.000,-6%,Quý khách lưu ý,4.8,4.7,4.7,4.7,4.6,4.6,4.8,
Khanh Phong,4.7 (16845),Limousine 20 giường phòng (WC),09:00,• Văn Phòng Phạm Ngũ Lão - Quận 1.,6h10m,15:10,• Văn Phòng Nha Trang (KS Mường Thanh),,480.000,450.000,-6%,Quý khách lưu ý,4.8,4.7,4.7,4.7,4.6,4.6,4.8,
Khanh Phong,4.7 (16845),Giường nằm 38 chỗ (WC),22:30,• Văn Phòng Phạm Ngũ Lão - Quận 1.,6h10m,04:40,• Văn Phòng Nha Trang (KS Mường Thanh),(12/10),270.000,270.000,,Quý khách lưu ý,4.8,4.7,4.7,4.7,4.6,4.6,4.8,
Bình Minh Tải,4.7 (3650),Limousine 32 Phòng (WC),12:15,• Văn Phòng Quận 1,7h5m,19:20,• Văn phòng Nha Trang,,320.000,250.000,-22%,Hướng đi: Cao tốc (Long Thành - Dầu Giây - Phan Thiết),4.6,4.6,4.7,4.6,4.6,4.6,4.8,
Khanh Phong,4.7 (16845),Limousine 32 giường nằm (WC),14:25,• Văn Phòng Phạm Ngũ Lão - Quận 1.,6h10m,20:35,• Văn Phòng Nha Trang (KS Mường Thanh),,320.000,300.000,-6%,Quý khách lưu ý,4.8,4.7,4.7,4.7,4.6,4.6,4.8,
Khanh Phong,4.7 (16845),Limousine 20 giường phòng (WC),13:10,• Văn Phòng Phạm Ngũ Lão - Quận 1.,6h10m,19:20,• Văn Phòng Nha Trang (KS Mường Thanh),,480.000,450.000,-6%,Quý khách lưu ý,4.8,4.7,4.7,4.7,4.6,4.6,4.8,
Khanh Phong,4.7 (16845),Limousine 32 giường nằm (WC),11:15,• Văn Phòng Phạm Ngũ Lão - Quận 1.,6h10m,17:25,• Văn Phòng Nha Trang (KS Mường Thanh),,320.000,300.000,-6%,Quý khách lưu ý,4.8,4.7,4.7,4.7,4.6,4.6,4.8,
Khanh Phong,4.7 (16845),Limousine 32 giường nằm (WC),14:25,• Văn Phòng Phạm Ngũ Lão - Quận 1.,5h55m,20:20,• Co.opmart Nha Trang (Phía mặt tiền đường Tố Hữu),,320.000,300.000,-6%,Quý khách lưu ý,4.8,4.7,4.7,4.7,4.6,4.6,4.8,
Khanh Phong,4.7 (16845),Limousine 32 giường nằm (WC),10:30,• Văn Phòng Phạm Ngũ Lão - Quận 1.,5h55m,16:25,• Co.opmart Nha Trang (Phía mặt tiền đường Tố Hữu),,320.000,300.000,-6%,Quý khách lưu ý,4.8,4.7,4.7,4.7,4.6,4.6,4.8,
Khanh Phong,4.7 (16845),Limousine 32 giường nằm (WC),17:30,• Văn Phòng Phạm Ngũ Lão - Quận 1.,5h55m,23:25,• Co.opmart Nha Trang (Phía mặt tiền đường Tố Hữu),,320.000,300.000,-6%,Quý khách lưu ý,4.8,4.7,4.7,4.7,4.6,4.6,4.8,
An Anh Limousine,4.8 (8322),Limousine 24 Phòng Đôi,22:30,• Văn Phòng Quận 5,6h30m,05:00,• Văn phòng Nha Trang,(12/10),449.000,349.000,-22%,Tiện ích miễn phí,4.8,4.7,4.7,4.7,4.7,4.7,4.6,
An Anh Limousine,4.8 (8322),Limousine 24 Phòng Đôi,12:00,•  502 Quốc lộ 13,6h30m,18:30,• Văn phòng Nha Trang,,449.000,299.000,-33%,Tiện ích miễn phí,4.8,4.7,4.7,4.7,4.7,4.7,4.6,
Huỳnh Gia,4.7 (8534),Limousine 21 giường phòng (WC),20:30,• Văn Phòng Phạm Ngũ Lão,7h,03:30,• Văn Phòng Nha Trang,(12/10),480.000,450.000,-6%,,4.8,4.7,4.7,4.7,4.6,4.6,4.7,
Khanh Phong,4.7 (16845),Limousine 20 giường phòng (WC),05:15,• Văn Phòng Phạm Ngũ Lão - Quận 1.,5h55m,11:10,• Co.opmart Nha Trang (Phía mặt tiền đường Tố Hữu),,480.000,400.000,-17%,Quý khách lưu ý,4.8,4.7,4.7,4.7,4.6,4.6,4.8,
Khanh Phong,4.7 (16845),Limousine 20 giường phòng (WC),20:05,• Văn Phòng Phạm Ngũ Lão - Quận 1.,6h10m,02:15,• Văn Phòng Nha Trang (KS Mường Thanh),(12/10),480.000,450.000,-6%,Quý khách lưu ý,4.8,4.7,4.7,4.7,4.6,4.6,4.8,
Khanh Phong,4.7 (16845),Limousine 32 giường nằm (WC),22:20,• Văn Phòng Phạm Ngũ Lão - Quận 1.,5h55m,04:15,• Co.opmart Nha Trang (Phía mặt tiền đường Tố Hữu),(12/10),320.000,300.000,-6%,Quý khách lưu ý,4.8,4.7,4.7,4.7,4.6,4.6,4.8,
Nhật Dương - Bình Minh Bus,4.9 (5826),Limousine 22 Phòng Đôi Luxury (WC),23:10,• Văn phòng Nguyễn Cư Trinh Quận 1,6h36m,05:46,• Vp Thích Quảng Đức Nha Trang,(12/10),349.000,304.000,-13%,NX xuất HĐ VAT - Hướng đi: Cao tốc,4.9,4.9,4.9,4.9,4.9,4.8,4.8,
Khanh Phong,4.7 (16845),Limousine 20 giường phòng (WC),14:30,• Văn Phòng Phạm Ngũ Lão - Quận 1.,5h55m,20:25,• Co.opmart Nha Trang (Phía mặt tiền đường Tố Hữu),,480.000,450.000,-6%,Quý khách lưu ý,4.8,4.7,4.7,4.7,4.6,4.6,4.8,
Khanh Phong,4.7 (16845),Limousine 32 giường nằm (WC),13:05,• Văn Phòng Phạm Ngũ Lão - Quận 1.,5h55m,19:00,• Co.opmart Nha Trang (Phía mặt tiền đường Tố Hữu),,320.000,300.000,-6%,Quý khách lưu ý,4.8,4.7,4.7,4.7,4.6,4.6,4.8,
Khanh Phong,4.7 (16845),Limousine 20 giường phòng (WC),09:00,• Văn Phòng Phạm Ngũ Lão - Quận 1.,5h55m,14:55,• Co.opmart Nha Trang (Phía mặt tiền đường Tố Hữu),,480.000,450.000,-6%,Quý khách lưu ý,4.8,4.7,4.7,4.7,4.6,4.6,4.8,
Khanh Phong,4.7 (16845),Limousine 20 giường phòng (WC),21:05,• Văn Phòng Phạm Ngũ Lão - Quận 1.,6h10m,03:15,• Văn Phòng Nha Trang (KS Mường Thanh),(12/10),480.000,450.000,-6%,Quý khách lưu ý,4.8,4.7,4.7,4.7,4.6,4.6,4.8,
Khanh Phong,4.7 (16845),Limousine 32 giường nằm (WC),23:35,• Văn Phòng Phạm Ngũ Lão - Quận 1.,5h55m,05:30,• Co.opmart Nha Trang (Phía mặt tiền đường Tố Hữu),(12/10),320.000,300.000,-6%,Quý khách lưu ý,4.8,4.7,4.7,4.7,4.6,4.6,4.8,
Khanh Phong,4.7 (16845),Limousine 32 giường nằm (WC),11:15,• Văn Phòng Phạm Ngũ Lão - Quận 1.,5h55m,17:10,• Co.opmart Nha Trang (Phía mặt tiền đường Tố Hữu),,320.000,300.000,-6%,Quý khách lưu ý,4.8,4.7,4.7,4.7,4.6,4.6,4.8,
Nhật Dương - Bình Minh Bus,4.9 (5826),Limousine phòng 21 đôi (WC),13:30,• Bến Xe Miền Đông Mới (Quầy 120),6h50m,20:20,• Vp Thích Quảng Đức Nha Trang,,349.000,304.000,-13%,NX xuất HĐ VAT - Hướng đi: Cao tốc,4.9,4.9,4.9,4.9,4.9,4.8,4.8,
Khanh Phong,4.7 (16845),Limousine 20 giường phòng (WC),10:00,• Văn Phòng Phạm Ngũ Lão - Quận 1.,5h55m,15:55,• Co.opmart Nha Trang (Phía mặt tiền đường Tố Hữu),,480.000,450.000,-6%,Quý khách lưu ý,4.8,4.7,4.7,4.7,4.6,4.6,4.8,
Huỳnh Gia,4.7 (8534),Limousine 21 giường phòng (WC),23:00,• Văn Phòng Phạm Ngũ Lão,7h,06:00,• Văn Phòng Nha Trang,(12/10),480.000,456.000,-5%,Lộ trình: Cao tốc (Long Thành - Dầu Giây - Phan Thiết),4.8,4.7,4.7,4.7,4.6,4.6,4.7,
Khanh Phong,4.7 (16845),Limousine 32 giường nằm (WC),12:05,• Văn Phòng Phạm Ngũ Lão - Quận 1.,5h55m,18:00,• Co.opmart Nha Trang (Phía mặt tiền đường Tố Hữu),,320.000,300.000,-6%,Quý khách lưu ý,4.8,4.7,4.7,4.7,4.6,4.6,4.8,
Khanh Phong,4.7 (16845),Limousine 20 giường phòng (WC),22:40,• Văn Phòng Phạm Ngũ Lão - Quận 1.,6h10m,04:50,• Văn Phòng Nha Trang (KS Mường Thanh),(12/10),480.000,450.000,-6%,Quý khách lưu ý,4.8,4.7,4.7,4.7,4.6,4.6,4.8,
Khanh Phong,4.7 (16845),Limousine 20 giường phòng (WC),16:50,• Văn Phòng Phạm Ngũ Lão - Quận 1.,6h10m,23:00,• Văn Phòng Nha Trang (KS Mường Thanh),,480.000,450.000,-6%,Quý khách lưu ý,4.8,4.7,4.7,4.7,4.6,4.6,4.8,
Khanh Phong,4.7 (16845),Limousine 20 giường phòng (WC),22:10,• Văn Phòng Phạm Ngũ Lão - Quận 1.,5h55m,04:05,• Co.opmart Nha Trang (Phía mặt tiền đường Tố Hữu),(12/10),480.000,450.000,-6%,Quý khách lưu ý,4.8,4.7,4.7,4.7,4.6,4.6,4.8,
Nhật Dương - Bình Minh Bus,4.9 (5826),Limousine phòng 21 đôi (WC),23:15,• Văn phòng Nguyễn Cư Trinh Quận 1,7h50m,07:05,• Vp Thích Quảng Đức Nha Trang,(12/10),349.000,304.000,-13%,NX xuất HĐ VAT - Hướng đi: Cao tốc,4.9,4.9,4.9,4.9,4.9,4.8,4.8,
Khanh Phong,4.7 (16845),Limousine 20 giường phòng (WC),15:15,• Văn Phòng Phạm Ngũ Lão - Quận 1.,6h10m,21:25,• Văn Phòng Nha Trang (KS Mường Thanh),,480.000,450.000,-6%,Quý khách lưu ý,4.8,4.7,4.7,4.7,4.6,4.6,4.8,
Khanh Phong,4.7 (16845),Limousine 20 giường phòng (WC),23:25,• Văn Phòng Phạm Ngũ Lão - Quận 1.,6h10m,05:35,• Văn Phòng Nha Trang (KS Mường Thanh),(12/10),480.000,450.000,-6%,Quý khách lưu ý,4.8,4.7,4.7,4.7,4.6,4.6,4.8,
Khanh Phong,4.7 (16845),Limousine 20 giường phòng (WC),23:05,• Văn Phòng Phạm Ngũ Lão - Quận 1.,6h10m,05:15,• Văn Phòng Nha Trang (KS Mường Thanh),(12/10),480.000,450.000,-6%,Quý khách lưu ý,4.8,4.7,4.7,4.7,4.6,4.6,4.8,
Khanh Phong,4.7 (16845),Limousine 32 giường nằm (WC),23:01,• Văn Phòng Phạm Ngũ Lão - Quận 1.,5h55m,04:56,• Co.opmart Nha Trang (Phía mặt tiền đường Tố Hữu),(12/10),320.000,300.000,-6%,Quý khách lưu ý,4.8,4.7,4.7,4.7,4.6,4.6,4.8,
Khanh Phong,4.7 (16845),Limousine 20 giường phòng (WC),23:40,• Văn Phòng Phạm Ngũ Lão - Quận 1.,5h55m,05:35,• Co.opmart Nha Trang (Phía mặt tiền đường Tố Hữu),(12/10),480.000,450.000,-6%,Quý khách lưu ý,4.8,4.7,4.7,4.7,4.6,4.6,4.8,
Khanh Phong,4.7 (16845),Limousine 20 giường phòng (WC),13:10,• Văn Phòng Phạm Ngũ Lão - Quận 1.,5h55m,19:05,• Co.opmart Nha Trang (Phía mặt tiền đường Tố Hữu),,480.000,450.000,-6%,Quý khách lưu ý,4.8,4.7,4.7,4.7,4.6,4.6,4.8,
Khanh Phong,4.7 (16845),Limousine 20 giường phòng (WC),23:10,• Văn Phòng Phạm Ngũ Lão - Quận 1.,6h10m,05:20,• Văn Phòng Nha Trang (KS Mường Thanh),(12/10),480.000,450.000,-6%,Quý khách lưu ý,4.8,4.7,4.7,4.7,4.6,4.6,4.8,
Khanh Phong,4.7 (16845),Limousine 20 giường phòng (WC),23:25,• Văn Phòng Phạm Ngũ Lão - Quận 1.,5h55m,05:20,• Co.opmart Nha Trang (Phía mặt tiền đường Tố Hữu),(12/10),480.000,450.000,-6%,Quý khách lưu ý,4.8,4.7,4.7,4.7,4.6,4.6,4.8,
Khanh Phong,4.7 (16845),Limousine 20 giường phòng (WC),21:05,• Văn Phòng Phạm Ngũ Lão - Quận 1.,5h55m,03:00,• Co.opmart Nha Trang (Phía mặt tiền đường Tố Hữu),(12/10),480.000,450.000,-6%,Quý khách lưu ý,4.8,4.7,4.7,4.7,4.6,4.6,4.8,
Khanh Phong,4.7 (16845),Limousine 20 giường phòng (WC),14:30,• Văn Phòng Phạm Ngũ Lão - Quận 1.,6h10m,20:40,• Văn Phòng Nha Trang (KS Mường Thanh),,480.000,450.000,-6%,Quý khách lưu ý,4.8,4.7,4.7,4.7,4.6,4.6,4.8,
Khanh Phong,4.7 (16845),Limousine 32 giường nằm (WC),23:20,• Văn Phòng Phạm Ngũ Lão - Quận 1.,5h55m,05:15,• Co.opmart Nha Trang (Phía mặt tiền đường Tố Hữu),(12/10),320.000,300.000,-6%,Quý khách lưu ý,4.8,4.7,4.7,4.7,4.6,4.6,4.8,
Huỳnh Gia,4.7 (8534),Limousine 21 giường phòng (WC),22:30,• Văn Phòng Phạm Ngũ Lão,7h,05:30,• Văn Phòng Nha Trang.,(12/10),480.000,456.000,-5%,Lộ trình: Cao tốc (Long Thành - Dầu Giây - Phan Thiết),4.8,4.7,4.7,4.7,4.6,4.6,4.7,
Khanh Phong,4.7 (16845),Giường nằm 38 chỗ (WC),22:30,• Văn Phòng Phạm Ngũ Lão - Quận 1.,5h55m,04:25,• Co.opmart Nha Trang (Phía mặt tiền đường Tố Hữu),(12/10),270.000,270.000,,Quý khách lưu ý,4.8,4.7,4.7,4.7,4.6,4.6,4.8,
Khanh Phong,4.7 (16845),Limousine 20 giường phòng (WC),23:05,• Văn Phòng Phạm Ngũ Lão - Quận 1.,5h55m,05:00,• Co.opmart Nha Trang (Phía mặt tiền đường Tố Hữu),(12/10),480.000,450.000,-6%,Quý khách lưu ý,4.8,4.7,4.7,4.7,4.6,4.6,4.8,
Liên Hưng,4 (12922),Limousine 21 phòng đơn (WC),08:15,• Bến Xe An Sương (Quầy vé 17),8h15m,16:30,• Văn Phòng Diên Toàn,,490.000,300.000,-39%,Hướng đi: Cao tốc Vĩnh Hảo - Dầu Giây,4.3,4.2,4.3,4.1,4.0,3.9,4.2,
Liên Hưng,4 (12922),Limousine 32 giường (WC),19:30,• Bến Xe An Sương (Quầy vé 17),10h,05:30,• Văn Phòng Diên Toàn,(12/10),330.000,280.000,-15%,,4.3,4.2,4.3,4.1,4.0,3.9,4.2,
Liên Hưng,4 (12922),Limousine 21 phòng đơn (WC),07:30,• Văn phòng quận 5,9h,16:30,• Văn Phòng Diên Toàn,,490.000,300.000,-39%,Hướng đi: Cao tốc Vĩnh Hảo - Dầu Giây,4.3,4.2,4.3,4.1,4.0,3.9,4.2,
Liên Hưng,4 (12922),Limousine 21 phòng đơn (WC),21:00,• Văn phòng quận 5,9h30m,06:30,• Văn phòng Nha Trang,(12/10),500.000,300.000,-40%,,4.3,4.2,4.3,4.1,4.0,3.9,4.2,
Liên Hưng,4 (12922),Limousine 21 phòng đơn (WC),08:00,• Văn phòng Bình Thạnh,8h30m,16:30,• Văn Phòng Diên Toàn,,490.000,300.000,-39%,Hướng đi: Cao tốc Vĩnh Hảo - Dầu Giây,4.3,4.2,4.3,4.1,4.0,3.9,4.2,
Khanh Phong,4.7 (16845),Limousine 20 giường phòng (WC),23:10,• Văn Phòng Phạm Ngũ Lão - Quận 1.,5h55m,05:05,• Co.opmart Nha Trang (Phía mặt tiền đường Tố Hữu),(12/10),480.000,450.000,-6%,Quý khách lưu ý,4.8,4.7,4.7,4.7,4.6,4.6,4.8,
Liên Hưng,4 (12922),Limousine 32 giường (WC),22:00,• Cầu Vượt Linh Xuân,7h30m,05:30,• Văn Phòng Diên Toàn,(12/10),330.000,280.000,-15%,,4.3,4.2,4.3,4.1,4.0,3.9,4.2,
Liên Hưng,4 (12922),Limousine 32 giường (WC),22:30,• Bến Xe Miền Đông Mới,7h,05:30,• Văn Phòng Diên Toàn,(12/10),330.000,280.000,-15%,,4.3,4.2,4.3,4.1,4.0,3.9,4.2,
Liên Hưng,4 (12922),Limousine 21 phòng đơn (WC),06:30,• Bến Xe An Sương (Quầy vé 17),10h,16:30,• Văn Phòng Diên Toàn,,490.000,300.000,-39%,,4.3,4.2,4.3,4.1,4.0,3.9,4.2,
Cúc Tùng,3.8 (2763),Limousine giường nằm đơn 21 chỗ (WC),20:30,• Văn Phòng Bình Thạnh,9h50m,06:20,• Văn Phòng Nha Trang,(12/10),340.000,299.000,-12%,Kích cỡ giường cuối,4.1,3.9,4.0,3.9,3.9,3.7,4.2,
Cúc Tùng,3.8 (2763),Limousine giường nằm đơn 21 chỗ (WC),20:00,• Bến xe Miền Đông mới,9h20m,05:20,• Văn Phòng Nha Trang,(12/10),531.000,299.000,-44%,Kích cỡ giường cuối,4.1,3.9,4.0,3.9,3.9,3.7,4.2,
Cúc Tùng,3.8 (2763),Limousine giường nằm đơn 21 chỗ (WC),21:00,• Văn Phòng Bình Thạnh,9h50m,06:50,• Văn Phòng Nha Trang,(12/10),340.000,299.000,-12%,Kích cỡ giường cuối,4.1,3.9,4.0,3.9,3.9,3.7,4.2,
Liên Hưng,4 (12922),Limousine 32 giường (WC),07:30,• Văn phòng quận 5,10h30m,18:00,• Văn Phòng Diên Toàn,,330.000,250.000,-24%,,4.3,4.2,4.3,4.1,4.0,3.9,4.2,
Cúc Tùng,3.8 (2763),Limousine giường nằm đơn 21 chỗ (WC),11:00,• Văn Phòng Bình Thạnh,9h50m,20:50,• Văn Phòng Nha Trang,,340.000,299.000,-12%,Kích cỡ giường cuối,4.1,3.9,4.0,3.9,3.9,3.7,4.2,
Cúc Tùng,3.8 (2763),Limousine giường nằm đơn 21 chỗ (WC),12:00,• Văn Phòng Bình Thạnh,9h50m,21:50,• Văn Phòng Nha Trang,,340.000,299.000,-12%,Kích cỡ giường cuối,4.1,3.9,4.0,3.9,3.9,3.7,4.2,
Liên Hưng,4 (12922),Limousine 21 phòng đơn (WC),21:45,• Bến xe Miền Tây (Quầy 24),8h45m,06:30,• Văn phòng Nha Trang,(12/10),500.000,300.000,-40%,,4.3,4.2,4.3,4.1,4.0,3.9,4.2,
Cúc Tùng,3.8 (2763),Giường nằm 32 chỗ,06:00,• Văn Phòng Bình Thạnh,9h50m,15:50,• Văn Phòng Nha Trang,,362.000,300.000,-17%,Kích cỡ giường cuối,4.1,3.9,4.0,3.9,3.9,3.7,4.2,
Liên Hưng,4 (12922),Limousine 21 phòng đơn (WC),21:30,• Văn phòng quận 5,9h30m,07:00,• Văn phòng Nha Trang,(12/10),500.000,300.000,-40%,,4.3,4.2,4.3,4.1,4.0,3.9,4.2,
Liên Hưng,4 (12922),Limousine 21 phòng đơn (WC),10:15,• Văn phòng Bình Thạnh,8h30m,18:45,• Văn Phòng Diên Toàn,,490.000,300.000,-39%,Hướng đi: Cao tốc Vĩnh Hảo - Dầu Giây,4.3,4.2,4.3,4.1,4.0,3.9,4.2,
Cúc Tùng,3.8 (2763),Limousine giường nằm đơn 21 chỗ (WC),14:30,• Bến xe Miền Đông mới,9h20m,23:50,• Văn Phòng Nha Trang,,340.000,299.000,-12%,Kích cỡ giường cuối,4.1,3.9,4.0,3.9,3.9,3.7,4.2,
Xe Nhà,4.3 (3213),Limousine 20 phòng đơn (WC),21:10,• Bến xe Miền Đông mới,8h30m,05:40,• VP Nha Trang - Xe Nhà,(12/10),350.000,310.000,-11%,Hướng đi: Cao tốc (Long Thành - Dầu Giây - Phan Thiết),4.3,4.2,4.4,4.2,4.0,4.0,4.5,
Cúc Tùng,3.8 (2763),Limousine giường nằm đơn 21 chỗ (WC),12:30,• Bến xe Miền Đông mới,9h20m,21:50,• Văn Phòng Nha Trang,,340.000,299.000,-12%,Kích cỡ giường cuối,4.1,3.9,4.0,3.9,3.9,3.7,4.2,
Cúc Tùng,3.8 (2763),Limousine giường nằm đơn 21 chỗ (WC),10:15,• Văn Phòng Quận 5,10h35m,20:50,• Văn Phòng Nha Trang,,340.000,299.000,-12%,Kích cỡ giường cuối,4.1,3.9,4.0,3.9,3.9,3.7,4.2,
Quang Hạnh (NT),3.6 (362),Limousine 22 phòng đơn (WC),17:30,• Bến xe Miền Tây (Quầy 25),9h25m,02:55,• Bến Xe Phía Nam Nha Trang Mới,(12/10),480.000,350.000,-27%,Lưu ý kích cỡ giường,4.1,3.7,3.9,3.9,3.8,3.6,3.6,
Cúc Tùng,3.8 (2763),Limousine giường nằm đơn 21 chỗ (WC),09:30,• Bến xe Miền Đông mới,9h,18:30,• Bến Xe Phía Nam Diên Khánh,,571.000,299.000,-48%,Kích cỡ giường cuối,4.1,3.9,4.0,3.9,3.9,3.7,4.2,
Hà Linh,4.1 (1329),Limousine 22 Phòng,20:15,• An Sương - Siêu thị đá,9h,05:15,• Văn Phòng Nha Trang,(12/10),400.000,379.000,-5%,,4.4,4.3,4.3,4.2,4.0,4.0,4.8,
Liên Hưng,4 (12922),Limousine 32 giường (WC),13:00,• Bến xe Miền Tây (Quầy 24),10h,23:00,• Văn Phòng Diên Toàn,,330.000,250.000,-24%,,4.3,4.2,4.3,4.1,4.0,3.9,4.2,
Hà Linh,4.1 (1329),Limousine 24 Phòng - Không WC,18:15,• An Sương - Siêu thị đá,9h,03:15,• Văn Phòng Nha Trang,(12/10),680.000,399.000,-41%,,4.4,4.3,4.3,4.2,4.0,4.0,4.8,
Cúc Tùng,3.8 (2763),Limousine giường nằm đơn 21 chỗ (WC),21:00,• Bến xe Miền Đông mới,9h20m,06:20,• Văn Phòng Nha Trang,(12/10),340.000,299.000,-12%,Kích cỡ giường cuối,4.1,3.9,4.0,3.9,3.9,3.7,4.2,
Cúc Tùng,3.8 (2763),Limousine giường nằm đơn 21 chỗ (WC),19:30,• Văn Phòng Bình Thạnh,9h50m,05:20,• Văn Phòng Nha Trang,(12/10),531.000,299.000,-44%,Kích cỡ giường cuối,4.1,3.9,4.0,3.9,3.9,3.7,4.2,
Cúc Tùng,3.8 (2763),Limousine giường nằm đơn 21 chỗ (WC),22:30,• Bến xe Miền Đông mới,9h20m,07:50,• Văn Phòng Nha Trang,(12/10),541.000,299.000,-45%,Kích cỡ giường cuối,4.1,3.9,4.0,3.9,3.9,3.7,4.2,
Trọng Thủy Limousine,4.7 (1344),Limousine 24 phòng Đôi,20:00,• Trường THCS An Phú Đông (QL1A),7h,03:00,• Văn Phòng Nha Trang,(12/10),470.000,420.000,-11%,Kích thước giường cuối,4.7,4.6,4.7,4.7,4.7,4.6,4.4,
Trọng Thủy Limousine,4.7 (1344),Limousine 24 phòng Đôi,18:45,• Trường THCS An Phú Đông (QL1A),7h,01:45,• Văn Phòng Nha Trang,(12/10),470.000,420.000,-11%,Kích thước giường cuối,4.7,4.6,4.7,4.7,4.7,4.6,4.4,
Trọng Thủy Limousine,4.7 (1344),Limousine 24 phòng Đôi,18:45,• Trường THCS An Phú Đông (QL1A),6h15m,01:00,• Văn phòng Nha Trang,(12/10),470.000,420.000,-11%,Kích thước giường cuối,4.7,4.6,4.7,4.7,4.7,4.6,4.4,
Cúc Tùng,3.8 (2763),Limousine giường nằm đơn 21 chỗ (WC),11:30,• Bến xe Miền Đông mới,9h20m,20:50,• Văn Phòng Nha Trang,,340.000,299.000,-12%,Kích cỡ giường cuối,4.1,3.9,4.0,3.9,3.9,3.7,4.2,
Trọng Thủy Limousine,4.7 (1344),Limousine 24 phòng Đôi,19:15,• Cầu vượt Linh Xuân,6h30m,01:45,• Văn Phòng Nha Trang,(12/10),470.000,420.000,-11%,Kích thước giường cuối,4.7,4.6,4.7,4.7,4.7,4.6,4.4,
Trọng Thủy Limousine,4.7 (1344),Limousine 24 phòng Đôi,19:45,• Siêu thị Đá An Sương,7h15m,03:00,• Văn Phòng Nha Trang,(12/10),470.000,420.000,-11%,Kích thước giường cuối,4.7,4.6,4.7,4.7,4.7,4.6,4.4,
Trọng Thủy Limousine,4.7 (1344),Limousine 24 phòng Đôi,20:15,• Trường THCS An Phú Đông (QL1A),7h,03:15,• Văn Phòng Nha Trang,(12/10),470.000,420.000,-11%,Kích thước giường cuối,4.7,4.6,4.7,4.7,4.7,4.6,4.4,
Trọng Thủy Limousine,4.7 (1344),Limousine 24 phòng Đôi,20:45,• Cầu vượt Linh Xuân,6h30m,03:15,• Văn Phòng Nha Trang,(12/10),470.000,420.000,-11%,Kích thước giường cuối,4.7,4.6,4.7,4.7,4.7,4.6,4.4,
Trọng Thủy Limousine,4.7 (1344),Limousine 24 phòng Đôi,20:00,• Ngã 4 An Sương,7h15m,03:15,• Văn Phòng Nha Trang,(12/10),470.000,420.000,-11%,Kích thước giường cuối,4.7,4.6,4.7,4.7,4.7,4.6,4.4,
Cúc Tùng,3.8 (2763),Limousine giường nằm đơn 21 chỗ (WC),09:30,• Bến xe Miền Đông mới,9h20m,18:50,• Văn Phòng Nha Trang,,340.000,299.000,-12%,Kích cỡ giường cuối,4.1,3.9,4.0,3.9,3.9,3.7,4.2,
Trọng Thủy Limousine,4.7 (1344),Limousine 24 phòng Đôi,20:15,• Cầu vượt Linh Xuân,6h45m,03:00,• Văn Phòng Nha Trang,(12/10),470.000,420.000,-11%,Kích thước giường cuối,4.7,4.6,4.7,4.7,4.7,4.6,4.4,
Khanh Phong,4.7 (16845),Limousine 20 giường phòng (WC),23:00,• Văn Phòng Phạm Ngũ Lão - Quận 1.,6h10m,05:10,• Văn Phòng Nha Trang (KS Mường Thanh),(12/10),480.000,450.000,-6%,Quý khách lưu ý,4.8,4.7,4.7,4.7,4.6,4.6,4.8,
Cúc Tùng,3.8 (2763),Limousine giường nằm đơn 21 chỗ (WC),07:30,• Bến xe Miền Đông mới,9h20m,16:50,• Văn Phòng Nha Trang,,340.000,299.000,-12%,Kích cỡ giường cuối,4.1,3.9,4.0,3.9,3.9,3.7,4.2,
Cúc Tùng,3.8 (2763),Limousine giường nằm đơn 21 chỗ (WC),07:00,• Văn Phòng Bình Thạnh,9h50m,16:50,• Văn Phòng Nha Trang,,340.000,299.000,-12%,Kích cỡ giường cuối,4.1,3.9,4.0,3.9,3.9,3.7,4.2,
Cúc Tùng,3.8 (2763),Limousine giường nằm đơn 21 chỗ (WC),20:00,• Bến xe Miền Đông mới,9h20m,05:20,• Văn Phòng Nha Trang,(12/10),340.000,299.000,-12%,Kích cỡ giường cuối,4.1,3.9,4.0,3.9,3.9,3.7,4.2,
Khanh Phong,4.7 (16845),Limousine 20 giường phòng (WC),23:00,• Văn Phòng Phạm Ngũ Lão - Quận 1.,5h55m,04:55,• Co.opmart Nha Trang (Phía mặt tiền đường Tố Hữu),(12/10),480.000,450.000,-6%,Quý khách lưu ý,4.8,4.7,4.7,4.7,4.6,4.6,4.8,
Liên Hưng,4 (12922),Limousine 21 phòng đơn (WC),09:45,• Văn phòng quận 5,9h,18:45,• Văn Phòng Diên Toàn,,490.000,300.000,-39%,Hướng đi: Cao tốc Vĩnh Hảo - Dầu Giây,4.3,4.2,4.3,4.1,4.0,3.9,4.2,
Cúc Tùng,3.8 (2763),Limousine giường nằm đơn 21 chỗ (WC),08:15,• Văn Phòng Quận 5,10h35m,18:50,• Văn Phòng Nha Trang,,340.000,299.000,-12%,Kích cỡ giường cuối,4.1,3.9,4.0,3.9,3.9,3.7,4.2,
Cúc Tùng,3.8 (2763),Limousine giường nằm đơn 21 chỗ (WC),21:30,• Bến xe Miền Đông mới,9h20m,06:50,• Văn Phòng Nha Trang,(12/10),340.000,299.000,-12%,Kích cỡ giường cuối,4.1,3.9,4.0,3.9,3.9,3.7,4.2,
Quang Hạnh (NT),3.6 (362),Limousine 22 phòng đơn (WC),18:00,• Bến xe Miền Tây (Quầy 25),9h25m,03:25,• Bến Xe Phía Nam Nha Trang Mới,(12/10),480.000,350.000,-27%,Lưu ý kích cỡ giường,4.1,3.7,3.9,3.9,3.8,3.6,3.6,
Cúc Tùng,3.8 (2763),Limousine giường nằm đơn 21 chỗ (WC),06:30,• Bến Xe An Sương - Quầy vé số 10,10h20m,16:50,• Văn Phòng Nha Trang,,340.000,299.000,-12%,Kích cỡ giường cuối,4.1,3.9,4.0,3.9,3.9,3.7,4.2,
Cúc Tùng,3.8 (2763),Limousine giường nằm đơn 21 chỗ (WC),19:30,• Văn Phòng Bình Thạnh,9h50m,05:20,• Văn Phòng Nha Trang,(12/10),340.000,299.000,-12%,Kích cỡ giường cuối,4.1,3.9,4.0,3.9,3.9,3.7,4.2,
Cúc Tùng,3.8 (2763),Giường nằm 32 chỗ,19:00,• Bến xe Miền Đông mới,9h20m,04:20,• Văn Phòng Nha Trang,(12/10),362.000,300.000,-17%,Kích cỡ giường cuối,4.1,3.9,4.0,3.9,3.9,3.7,4.2,
Cúc Tùng,3.8 (2763),Limousine giường nằm đơn 21 chỗ (WC),10:00,• Văn Phòng Bình Thạnh,9h50m,19:50,• Văn Phòng Nha Trang,,340.000,299.000,-12%,Kích cỡ giường cuối,4.1,3.9,4.0,3.9,3.9,3.7,4.2,
Cúc Tùng,3.8 (2763),Limousine giường nằm đơn 21 chỗ (WC),09:15,• Văn Phòng Quận 5,10h35m,19:50,• Văn Phòng Nha Trang,,340.000,299.000,-12%,Kích cỡ giường cuối,4.1,3.9,4.0,3.9,3.9,3.7,4.2,
Cúc Tùng,3.8 (2763),Giường nằm 32 chỗ,05:00,• Bến Xe An Sương - Quầy vé số 10,10h20m,15:20,• Văn Phòng Nha Trang,,362.000,300.000,-17%,Kích cỡ giường cuối,4.1,3.9,4.0,3.9,3.9,3.7,4.2,
Cúc Tùng,3.8 (2763),Limousine giường nằm đơn 21 chỗ (WC),10:30,• Bến Xe An Sương - Quầy vé số 10,10h20m,20:50,• Văn Phòng Nha Trang,,340.000,299.000,-12%,Kích cỡ giường cuối,4.1,3.9,4.0,3.9,3.9,3.7,4.2,
Cúc Tùng,3.8 (2763),Limousine giường nằm đơn 21 chỗ (WC),10:30,• Bến xe Miền Đông mới,9h20m,19:50,• Văn Phòng Nha Trang,,340.000,299.000,-12%,Kích cỡ giường cuối,4.1,3.9,4.0,3.9,3.9,3.7,4.2,
Cúc Tùng,3.8 (2763),Limousine giường nằm đơn 21 chỗ (WC),09:30,• Bến Xe Miền Tây,12h20m,21:50,• Văn Phòng Nha Trang,,541.000,350.000,-35%,Kích cỡ giường cuối,4.1,3.9,4.0,3.9,3.9,3.7,4.2,
Liên Hưng,4 (12922),Limousine 32 giường (WC),09:00,• Bến Xe An Sương (Quầy vé 17),10h30m,19:30,• Văn phòng Nha Trang,,330.000,250.000,-24%,,4.3,4.2,4.3,4.1,4.0,3.9,4.2,
Hà Linh,4.1 (1329),Limousine 34 Giường (rèm - không WC),22:45,• An Sương - Siêu thị đá,6h,04:45,• Văn Phòng Nha Trang,(12/10),450.000,320.000,-29%,,4.4,4.3,4.3,4.2,4.0,4.0,4.8,
Cúc Tùng,3.8 (2763),Limousine giường nằm đơn 21 chỗ (WC),22:30,• Bến xe Miền Đông mới,9h35m,08:05,• Bến xe Phía Bắc Nha Trang,(12/10),541.000,299.000,-45%,Kích cỡ giường cuối,4.1,3.9,4.0,3.9,3.9,3.7,4.2,
Cúc Tùng,3.8 (2763),Limousine giường nằm đơn 21 chỗ (WC),11:15,• Văn Phòng Quận 5,10h35m,21:50,• Văn Phòng Nha Trang,,340.000,299.000,-12%,Kích cỡ giường cuối,4.1,3.9,4.0,3.9,3.9,3.7,4.2,
Liên Hưng,4 (12922),Limousine 32 giường (WC),11:15,• Văn phòng Bình Thạnh,10h45m,22:00,• Văn phòng Nha Trang,,330.000,250.000,-24%,,4.3,4.2,4.3,4.1,4.0,3.9,4.2,
Liên Hưng,4 (12922),Limousine 32 giường (WC),13:30,• Văn phòng Bình Thạnh,9h30m,23:00,• Văn Phòng Diên Toàn,,330.000,250.000,-24%,,4.3,4.2,4.3,4.1,4.0,3.9,4.2,
Liên Hưng,4 (12922),Limousine 32 giường (WC),12:30,• Văn phòng quận 5,10h30m,23:00,• Văn Phòng Diên Toàn,,330.000,250.000,-24%,,4.3,4.2,4.3,4.1,4.0,3.9,4.2,
Liên Hưng,4 (12922),Limousine 32 giường (WC),11:30,• Bến Xe An Sương (Quầy vé 17),10h30m,22:00,• Văn phòng Nha Trang,,330.000,250.000,-24%,,4.3,4.2,4.3,4.1,4.0,3.9,4.2,
Cúc Tùng,3.8 (2763),Limousine giường nằm đơn 21 chỗ (WC),10:00,• Bến xe Miền Đông mới,9h35m,19:35,• Bến xe Phía Bắc Nha Trang,,541.000,299.000,-45%,Kích cỡ giường cuối,4.1,3.9,4.0,3.9,3.9,3.7,4.2,
Cúc Tùng,3.8 (2763),Limousine giường nằm đơn 21 chỗ (WC),10:00,• Bến xe Miền Đông mới,9h20m,19:20,• Văn Phòng Nha Trang,,541.000,299.000,-45%,Kích cỡ giường cuối,4.1,3.9,4.0,3.9,3.9,3.7,4.2,
Liên Hưng,4 (12922),Limousine 32 giường (WC),08:45,• Văn phòng Bình Thạnh,10h45m,19:30,• Văn phòng Nha Trang,,330.000,250.000,-24%,,4.3,4.2,4.3,4.1,4.0,3.9,4.2,
Cúc Tùng,3.8 (2763),Giường nằm 32 chỗ,06:30,• Bến xe Miền Đông mới,9h20m,15:50,• Văn Phòng Nha Trang,,362.000,300.000,-17%,Kích cỡ giường cuối,4.1,3.9,4.0,3.9,3.9,3.7,4.2,
Cúc Tùng,3.8 (2763),Giường nằm 32 chỗ,05:30,• Bến Xe An Sương - Quầy vé số 10,10h20m,15:50,• Văn Phòng Nha Trang,,362.000,300.000,-17%,Kích cỡ giường cuối,4.1,3.9,4.0,3.9,3.9,3.7,4.2,
Liên Hưng,4 (12922),Limousine 32 giường (WC),08:00,• Bến xe Miền Tây (Quầy 24),10h,18:00,• Văn Phòng Diên Toàn,,330.000,250.000,-24%,,4.3,4.2,4.3,4.1,4.0,3.9,4.2,
Cúc Tùng,3.8 (2763),Limousine giường nằm đơn 21 chỗ (WC),08:30,• Văn Phòng Bình Thạnh,10h,18:30,• Bến Xe Phía Nam Diên Khánh,,571.000,299.000,-48%,Kích cỡ giường cuối,4.1,3.9,4.0,3.9,3.9,3.7,4.2,
Liên Hưng,4 (12922),Limousine 32 giường (WC),08:30,• Văn phòng Bình Thạnh,9h30m,18:00,• Văn Phòng Diên Toàn,,330.000,250.000,-24%,,4.3,4.2,4.3,4.1,4.0,3.9,4.2,
Cúc Tùng,3.8 (2763),Limousine giường nằm đơn 21 chỗ (WC),11:30,• Bến Xe An Sương - Quầy vé số 10,10h20m,21:50,• Văn Phòng Nha Trang,,340.000,299.000,-12%,Kích cỡ giường cuối,4.1,3.9,4.0,3.9,3.9,3.7,4.2,
Cúc Tùng,3.8 (2763),Giường nằm 32 chỗ,06:00,• Bến xe Miền Đông mới,9h20m,15:20,• Văn Phòng Nha Trang,,362.000,300.000,-17%,Kích cỡ giường cuối,4.1,3.9,4.0,3.9,3.9,3.7,4.2,
Cúc Tùng,3.8 (2763),Limousine giường nằm đơn 21 chỗ (WC),11:00,• Văn Phòng Bình Thạnh,10h50m,21:50,• Văn Phòng Nha Trang,,541.000,350.000,-35%,Kích cỡ giường cuối,4.1,3.9,4.0,3.9,3.9,3.7,4.2,
Cúc Tùng,3.8 (2763),Limousine giường nằm đơn 21 chỗ (WC),12:30,• Bến xe Miền Đông mới,9h20m,21:50,• Văn Phòng Nha Trang,,541.000,350.000,-35%,Kích cỡ giường cuối,4.1,3.9,4.0,3.9,3.9,3.7,4.2,
Cúc Tùng,3.8 (2763),Giường nằm 32 chỗ,18:30,• Văn Phòng Bình Thạnh,9h50m,04:20,• Văn Phòng Nha Trang,(12/10),362.000,300.000,-17%,Kích cỡ giường cuối,4.1,3.9,4.0,3.9,3.9,3.7,4.2,
Long Vân Limousine,4.5 (6899),Limousine phòng đôi 22 chỗ (WC),22:00,• Văn phòng Bình Thạnh,7h,05:00,• Văn Phòng Nha Trang,(12/10),350.000,315.000,-10%,Hướng đi: Cao tốc (Long Thành - Dầu Giây - Phan Thiết),4.5,4.4,4.5,4.5,4.4,4.4,4.7,
Huỳnh Gia,4.7 (8534),Giường nằm 34 chỗ (WC),19:00,• Văn Phòng Phạm Ngũ Lão,8h50m,03:50,• Văn Phòng Phước Hải,(12/10),280.000,238.000,-15%,,4.8,4.7,4.7,4.7,4.6,4.6,4.7,
Long Vân Limousine,4.5 (6899),Limousine phòng đôi 22 chỗ (WC),22:00,"• Bến Xe Miền Đông cũ - Cổng 2, Quầy vé 66",7h,05:00,• Văn Phòng Nha Trang,(12/10),350.000,315.000,-10%,Hướng đi: Cao tốc (Long Thành - Dầu Giây - Phan Thiết),4.5,4.4,4.5,4.5,4.4,4.4,4.7,
Long Vân Limousine,4.5 (6899),Limousine phòng đôi 22 chỗ (WC),13:00,"• Bến Xe Miền Đông cũ - Cổng 2, Quầy vé 66",7h,20:00,• Văn Phòng Nha Trang,,350.000,315.000,-10%,Hướng đi: Cao tốc (Long Thành - Dầu Giây - Phan Thiết),4.5,4.4,4.5,4.5,4.4,4.4,4.7,
Khanh Phong,4.7 (16845),Limousine 20 giường phòng (WC),20:05,• Văn Phòng Phạm Ngũ Lão - Quận 1.,5h55m,02:00,• Co.opmart Nha Trang (Phía mặt tiền đường Tố Hữu),(12/10),480.000,450.000,-6%,Quý khách lưu ý,4.8,4.7,4.7,4.7,4.6,4.6,4.8,
Huỳnh Gia,4.7 (8534),Giường nằm 34 chỗ (WC),20:00,• Cổng Bến xe Miền Tây,7h50m,03:50,• Văn Phòng Phước Hải,(12/10),280.000,238.000,-15%,,4.8,4.7,4.7,4.7,4.6,4.6,4.7,
Cúc Tùng,3.8 (2763),Limousine giường nằm đơn 21 chỗ (WC),19:30,• Văn Phòng Bình Thạnh,11h35m,07:05,• Bến xe Ninh Hòa,(12/10),562.000,299.000,-47%,Kích cỡ giường cuối,4.1,3.9,4.0,3.9,3.9,3.7,4.2,
Liên Hưng,4 (12922),Limousine 21 phòng đơn (WC),11:00,• Cầu Vượt Linh Xuân,7h45m,18:45,• Văn Phòng Diên Toàn,,490.000,300.000,-39%,Hướng đi: Cao tốc Vĩnh Hảo - Dầu Giây,4.3,4.2,4.3,4.1,4.0,3.9,4.2,
Liên Hưng,4 (12922),Limousine 32 giường (WC),12:30,• Văn phòng quận 5,11h,23:30,• Bến xe Ninh Hòa,,363.000,280.000,-23%,,4.3,4.2,4.3,4.1,4.0,3.9,4.2,
Cúc Tùng,3.8 (2763),Giường nằm 32 chỗ,20:00,• Bến xe Miền Đông mới,10h35m,06:35,• Bến xe Ninh Hòa,(12/10),388.000,300.000,-23%,Kích cỡ giường cuối,4.1,3.9,4.0,3.9,3.9,3.7,4.2,
Như Ý 78 (Phú Yên),4.6 (135),Limousine 34 chỗ,16:00,• Bến xe Miền Tây,10h,02:00,• Ninh Hòa (Dọc Quốc Lộ 1A),(12/10),Từ 200.000,Từ 200.000,,Trung chuyển TP.Tuy Hòa,4.7,4.6,4.6,4.6,4.6,4.5,4.5,
Liên Hưng,4 (12922),Limousine 32 giường (WC),19:30,• Văn phòng quận 5,8h,03:30,• Bến Xe Vạn Giã,(12/10),378.000,300.000,-21%,,4.3,4.2,4.3,4.1,4.0,3.9,4.2,
Liên Hưng,4 (12922),Limousine 21 phòng đơn (WC),18:30,• Văn phòng quận 5,8h,02:30,• Bến Xe Vạn Giã,(12/10),500.000,420.000,-16%,,4.3,4.2,4.3,4.1,4.0,3.9,4.2,
Liên Hưng,4 (12922),Limousine 32 giường (WC),20:00,• Bến xe Miền Tây (Quầy 24),7h30m,03:30,• Bến Xe Vạn Giã,(12/10),378.000,300.000,-21%,,4.3,4.2,4.3,4.1,4.0,3.9,4.2,
Liên Hưng,4 (12922),Limousine 21 phòng đơn (WC),19:00,• Bến xe Miền Tây (Quầy 24),7h30m,02:30,• Bến Xe Vạn Giã,(12/10),500.000,420.000,-16%,,4.3,4.2,4.3,4.1,4.0,3.9,4.2,
Như Ý 78 (Phú Yên),4.6 (135),Limousine 24 phòng,17:00,• Bến xe Miền Tây,9h15m,02:15,• Ngã 3 Thành,(12/10),Từ 290.000,Từ 290.000,,Trung chuyển TP.Tuy Hòa,4.7,4.6,4.6,4.6,4.6,4.5,4.5,
Liên Hưng,4 (12922),Limousine 32 giường (WC),09:00,• Cầu Vượt Linh Xuân,9h,18:00,• Văn Phòng Diên Toàn,,330.000,250.000,-24%,,4.3,4.2,4.3,4.1,4.0,3.9,4.2,
Cúc Tùng,3.8 (2763),Giường nằm 32 chỗ,19:00,• Văn Phòng Bình Thạnh,11h35m,06:35,• Bến xe Ninh Hòa,(12/10),388.000,300.000,-23%,Kích cỡ giường cuối,4.1,3.9,4.0,3.9,3.9,3.7,4.2,
Tài Phát Limousine,5 (1170),Limousine 24 Phòng Đôi,17:15,• Bến xe Bến Cát,8h50m,02:05,• Ngã 3 Thành,(12/10),520.000,450.000,-13%,Trung chuyển bệnh viện,4.9,4.9,4.9,4.9,4.9,4.9,5.0,
Hiếu Vinh,4.3 (83),Giường nằm 40 chỗ,17:01,• Bến xe An Sương,10h,03:01,• Huyện Đông Hòa- Dọc QL1A,(12/10),Từ 200.000,Từ 200.000,,Trung chuyển TP.Tuy Hòa,4.6,4.5,4.5,4.5,4.4,4.4,4.5,
Hiếu Vinh,4.3 (83),Giường nằm 40 chỗ,16:01,• Bến xe Miền Tây,11h,03:01,• Huyện Đông Hòa- Dọc QL1A,(12/10),Từ 200.000,Từ 200.000,,Trung chuyển TP.Tuy Hòa,4.6,4.5,4.5,4.5,4.4,4.4,4.5,
Liên Hưng,4 (12922),Limousine 32 giường (WC),13:30,• Ngã 4 An Sương (Quốc Lộ 1A),9h30m,23:00,• Văn Phòng Diên Toàn,,330.000,250.000,-24%,,4.3,4.2,4.3,4.1,4.0,3.9,4.2,
Hiếu Vinh,4.3 (83),Giường nằm 40 chỗ,16:01,• Bến xe Miền Tây,13h,05:01,• Bến xe Phú Hòa,(12/10),Từ 200.000,Từ 200.000,,Trung chuyển TP.Tuy Hòa,4.6,4.5,4.5,4.5,4.4,4.4,4.5,
Liên Hưng,4 (12922),Limousine 32 giường (WC),08:30,• Văn phòng Bình Thạnh,10h,18:30,• Bến xe Ninh Hòa,,363.000,280.000,-23%,,4.3,4.2,4.3,4.1,4.0,3.9,4.2,
Liên Hưng,4 (12922),Limousine 21 phòng đơn (WC),08:45,• Cầu Vượt Linh Xuân,7h45m,16:30,• Văn Phòng Diên Toàn,,490.000,300.000,-39%,Hướng đi: Cao tốc Vĩnh Hảo - Dầu Giây,4.3,4.2,4.3,4.1,4.0,3.9,4.2,
Cúc Tùng,3.8 (2763),Giường nằm 32 chỗ,07:00,• Bến xe Miền Đông mới,10h35m,17:35,• Bến xe Ninh Hòa,,388.000,300.000,-23%,Kích cỡ giường cuối,4.1,3.9,4.0,3.9,3.9,3.7,4.2,
Liên Hưng,4 (12922),Limousine 32 giường (WC),08:00,• Bến xe Miền Tây (Quầy 24),10h30m,18:30,• Bến xe Ninh Hòa,,363.000,280.000,-23%,,4.3,4.2,4.3,4.1,4.0,3.9,4.2,
Cúc Tùng,3.8 (2763),Limousine giường nằm đơn 21 chỗ (WC),06:30,• Bến Xe An Sương - Quầy vé số 10,11h35m,18:05,• Bến xe Ninh Hòa,,562.000,299.000,-47%,Kích cỡ giường cuối,4.1,3.9,4.0,3.9,3.9,3.7,4.2,
Liên Hưng,4 (12922),Limousine 32 giường (WC),13:00,• Bến xe Miền Tây (Quầy 24),10h30m,23:30,• Bến xe Ninh Hòa,,363.000,280.000,-23%,,4.3,4.2,4.3,4.1,4.0,3.9,4.2,
Mười Phương Express,4.2 (165),Luxury 34 phòng,13:00,• Bến Xe 378A Thoại Ngọc Hầu,8h45m,21:45,• Ngã Ba Thành,,300.000,270.000,-10%,,4.3,4.3,4.3,4.3,4.3,4.3,4.0,
Hiếu Vinh,4.3 (83),Giường nằm 40 chỗ,16:01,• Bến xe Miền Tây,12h,04:01,• VP Tuy Hòa,(12/10),Từ 200.000,Từ 200.000,,Trung chuyển TP.Tuy Hòa,4.6,4.5,4.5,4.5,4.4,4.4,4.5,
Như Ý 78 (Phú Yên),4.6 (135),Limousine 34 chỗ,17:00,• Bến xe An Sương (Tp HCM).,9h,02:00,• Ninh Hòa (Dọc Quốc Lộ 1A),(12/10),Từ 200.000,Từ 200.000,,Trung chuyển TP.Tuy Hòa,4.7,4.6,4.6,4.6,4.6,4.5,4.5,
Liên Hưng,4 (12922),Limousine 32 giường (WC),09:00,• Cầu Vượt Linh Xuân,9h30m,18:30,• Bến xe Ninh Hòa,,363.000,280.000,-23%,,4.3,4.2,4.3,4.1,4.0,3.9,4.2,
Hiếu Vinh,4.3 (83),Giường nằm 40 chỗ,16:01,• Bến xe Miền Tây,9h45m,01:46,• Ninh Hòa QL1A,(12/10),Từ 200.000,Từ 200.000,,Trung chuyển TP.Tuy Hòa,4.6,4.5,4.5,4.5,4.4,4.4,4.5,
Hoàng Khang,3.5 (116),Limousine 34 Phòng Đơn,15:30,• Văn Phòng An Sương,8h,23:30,• Ngã 3 Thành,,330.000,295.000,-11%,Giá vé không bao ăn,4.3,3.8,4.1,3.8,3.8,3.8,4.8,
Mười Phương Express,4.2 (165),Limousine 24 phòng đôi,18:30,• Bến Xe 34 Tây Lân,6h45m,01:15,• Ngã Ba Thành,(12/10),400.000,360.000,-10%,,4.3,4.3,4.3,4.3,4.3,4.3,4.0,
Khang Vy Limousine,4.3 (76),Limousine 24 Phòng Đôi,18:45,• Trạm Sài Gòn,7h20m,02:05,• Bến Xe Ninh Hòa,(12/10),Từ 550.000,Từ 550.000,,Thời gian đón/ trả,,,,,,,,
Trung Thành,4.9 (19),Limousine 24 phòng,17:30,• Bến xe Miền Đông,8h40m,02:10,• Bến Xe Ninh Hòa,(12/10),500.000,400.000,-20%,Giá vé chưa bao ăn.,,,,,,,,
Liên Hưng,4 (12922),Limousine 32 giường (WC),08:30,• Ngã 4 An Sương (Quốc Lộ 1A),10h,18:30,• Bến xe Ninh Hòa,,363.000,280.000,-23%,,,,,,,,,
Tân Quang Dũng,3.8 (2348),Limousine 32 phòng (WC),05:00,• Bến Xe An Sương,10h,15:00,• Ngã 3 Thành,,400.000,400.000,,Lưu ý đặt phòng,,,,,,,,
Khang Vy Limousine,4.3 (76),Limousine 24 Phòng Đôi,19:00,• Trạm Sài Gòn,7h20m,02:20,• Bến Xe Ninh Hòa,(12/10),Từ 550.000,Từ 550.000,,Thời gian đón/ trả,,,,,,,,
Tân Quang Dũng,3.8 (2348),Limousine 22 Phòng Đôi (WC),13:01,• Bến Xe An Sương,10h,23:01,• Ngã 3 Thành,,1.000.000,1.000.000,,Lưu ý đặt phòng,,,,,,,,
Liên Hưng,4 (12922),Limousine 32 giường (WC),08:30,• Ngã 4 An Sương (Quốc Lộ 1A),9h30m,18:00,• Văn Phòng Diên Toàn,,330.000,250.000,-24%,,,,,,,,,
Như Ý 78 (Phú Yên),4.6 (135),Limousine 24 phòng,18:00,• Bến xe An Sương (Tp HCM).,8h15m,02:15,• Ngã 3 Thành,(12/10),Từ 290.000,Từ 290.000,,Trung chuyển TP.Tuy Hòa,,,,,,,,
Hiếu Vinh,4.3 (83),Giường nằm 40 chỗ,17:01,• Bến xe An Sương,8h15m,01:16,• Ngã 3 Thành,(12/10),Từ 200.000,Từ 200.000,,Trung chuyển TP.Tuy Hòa,,,,,,,,
Như Ý 78 (Phú Yên),4.6 (135),Limousine 24 phòng,17:00,• Bến xe Miền Tây,9h45m,02:45,• Ninh Hòa (Dọc Quốc Lộ 1A),(12/10),Từ 290.000,Từ 290.000,,Trung chuyển TP.Tuy Hòa,,,,,,,,
Mười Phương Express,4.2 (165),Luxury 34 phòng,16:00,• Bến Xe 378A Thoại Ngọc Hầu,8h45m,00:45,• Ngã Ba Thành,(12/10),300.000,270.000,-10%,,,,,,,,,
Hiếu Vinh,4.3 (83),Giường nằm 40 chỗ,17:01,• Bến xe An Sương,12h,05:01,• Bến xe Phú Hòa,(12/10),Từ 200.000,Từ 200.000,,Trung chuyển TP.Tuy Hòa,,,,,,,,
Cúc Tùng,3.8 (2763),Limousine giường nằm đơn 21 chỗ (WC),20:30,• Bến xe Miền Đông mới,10h35m,07:05,• Bến xe Ninh Hòa,(12/10),562.000,299.000,-47%,Kích cỡ giường cuối,,,,,,,,
Mười Phương Express,4.2 (165),Limousine 24 phòng đôi,16:30,• Bến Xe 378A Thoại Ngọc Hầu,8h45m,01:15,• Ngã Ba Thành,(12/10),400.000,360.000,-10%,,,,,,,,,
Hiếu Vinh,4.3 (83),Giường nằm 40 chỗ,16:01,• Bến xe Miền Tây,9h15m,01:16,• Ngã 3 Thành,(12/10),Từ 200.000,Từ 200.000,,Trung chuyển TP.Tuy Hòa,,,,,,,,
Cúc Tùng,3.8 (2763),Giường nằm 32 chỗ,04:00,• Bến Xe Miền Tây,12h35m,16:35,• Bến xe Ninh Hòa,,388.000,300.000,-23%,Kích cỡ giường cuối,,,,,,,,
Mười Phương Express,4.2 (165),Luxury 34 phòng,18:00,• Bến Xe 34 Tây Lân,6h45m,00:45,• Ngã Ba Thành,(12/10),300.000,270.000,-10%,,,,,,,,,
Hoàng Khang,3.5 (116),Limousine 34 Phòng Đơn,15:00,• Bến xe Miền Tây,8h30m,23:30,• Ngã 3 Thành,,330.000,295.000,-11%,Giá vé không bao ăn,,,,,,,,
Cúc Tùng,3.8 (2763),Limousine giường nằm đơn 21 chỗ (WC),06:30,• Văn Phòng Bình Thạnh,11h35m,18:05,• Bến xe Ninh Hòa,,562.000,299.000,-47%,Kích cỡ giường cuối,,,,,,,,
Cúc Tùng,3.8 (2763),Giường nằm 32 chỗ,05:00,• Bến Xe Miền Tây,12h35m,17:35,• Bến xe Ninh Hòa,,388.000,300.000,-23%,Kích cỡ giường cuối,,,,,,,,
Cúc Tùng,3.8 (2763),Giường nằm 32 chỗ,05:00,• Văn Phòng Bình Thạnh,11h35m,16:35,• Bến xe Ninh Hòa,,388.000,300.000,-23%,Kích cỡ giường cuối,,,,,,,,
Hiếu Vinh,4.3 (83),Giường nằm 40 chỗ,17:01,• Bến xe An Sương,8h45m,01:46,• Ninh Hòa QL1A,(12/10),Từ 200.000,Từ 200.000,,Trung chuyển TP.Tuy Hòa,,,,,,,,
Cúc Tùng,3.8 (2763),Giường nằm 32 chỗ,05:00,• Bến Xe An Sương - Quầy vé số 10,11h35m,16:35,• Bến xe Ninh Hòa,,388.000,300.000,-23%,Kích cỡ giường cuối,,,,,,,,
Cúc Tùng,3.8 (2763),Limousine giường nằm đơn 21 chỗ (WC),07:30,• Bến xe Miền Đông mới,10h35m,18:05,• Bến xe Ninh Hòa,,562.000,299.000,-47%,Kích cỡ giường cuối,,,,,,,,
Liên Hưng,4 (12922),Limousine 32 giường (WC),07:30,• Văn phòng quận 5,11h,18:30,• Bến xe Ninh Hòa,,363.000,280.000,-23%,,,,,,,,,
Liên Hưng,4 (12922),Limousine 32 giường (WC),14:00,• Cầu Vượt Linh Xuân,9h,23:00,• Văn Phòng Diên Toàn,,330.000,250.000,-24%,,,,,,,,,
Liên Hưng,4 (12922),Limousine 32 giường (WC),13:30,• Văn phòng Bình Thạnh,10h,23:30,• Bến xe Ninh Hòa,,363.000,280.000,-23%,,,,,,,,,
Liên Hưng,4 (12922),Limousine 32 giường (WC),14:00,• Cầu Vượt Linh Xuân,9h30m,23:30,• Bến xe Ninh Hòa,,363.000,280.000,-23%,,,,,,,,,
Liên Hưng,4 (12922),Limousine 32 giường (WC),09:15,• Cầu Vượt Linh Xuân (Quốc Lộ 1A),9h15m,18:30,• Bến xe Ninh Hòa,,363.000,280.000,-23%,,,,,,,,,
An Phú Buslines,4.6 (1205),Limousine 34 Phòng Đơn,18:00,• Bến Xe An Sương.,7h45m,01:45,• Ngã 3 Thành,(12/10),380.000,380.000,,,,,,,,,,
Cúc Tùng,3.8 (2763),Giường nằm 32 chỗ,06:00,• Bến xe Miền Đông mới,10h35m,16:35,• Bến xe Ninh Hòa,,388.000,300.000,-23%,Kích cỡ giường cuối,,,,,,,,
Tân Quang Dũng,3.8 (2348),Limousine 32 phòng (WC),13:30,• Bến Xe An Sương,10h,23:30,• Ngã 3 Thành,,400.000,400.000,,Lưu ý đặt phòng,,,,,,,,
Liên Hưng,4 (12922),Limousine 32 giường (WC),14:15,• Cầu Vượt Linh Xuân (Quốc Lộ 1A),8h45m,23:00,• Văn Phòng Diên Toàn,,330.000,250.000,-24%,,,,,,,,,
An Phú Buslines,4.6 (1205),Limousine 24 Phòng Đơn,19:30,• Văn phòng Tân Phú,7h30m,03:00,• Ngã 3 Thành,(12/10),480.000,480.000,,,,,,,,,,
Tân Quang Dũng,3.8 (2348),Limousine 32 phòng (WC),11:00,• Bến Xe An Sương,10h,21:00,• Ngã 3 Thành,,400.000,400.000,,Lưu ý đặt phòng,,,,,,,,
Liên Hưng,4 (12922),Limousine 32 giường (WC),13:30,• Ngã 4 An Sương (Quốc Lộ 1A),10h,23:30,• Bến xe Ninh Hòa,,363.000,280.000,-23%,,,,,,,,,
Ngọc Ánh Limousine,4.7 (13),Limousine 24 Phòng,18:30,• Bến xe Ngã 4 Ga,8h15m,02:45,• Ngã 3 Thành,(12/10),Từ 500.000,Từ 500.000,,,,,,,,,,
Cúc Tùng,3.8 (2763),Giường nằm 32 chỗ,06:00,• Văn Phòng Bình Thạnh,11h35m,17:35,• Bến xe Ninh Hòa,,388.000,300.000,-23%,Kích cỡ giường cuối,,,,,,,,
Ngọc Ánh Limousine,4.7 (13),Limousine 24 Phòng,17:30,• Bến xe Miền Đông Cũ,9h15m,02:45,• Ngã 3 Thành,(12/10),Từ 500.000,Từ 500.000,,,,,,,,,,
Liên Hưng,4 (12922),Limousine 32 giường (WC),14:15,• Cầu Vượt Linh Xuân (Quốc Lộ 1A),9h15m,23:30,• Bến xe Ninh Hòa,,363.000,280.000,-23%,,,,,,,,,
Ngọc Ánh Limousine,4.7 (13),Limousine 24 Phòng,18:00,• Bãi Xe 39 Quốc Lộ 1A,8h45m,02:45,• Ngã 3 Thành,(12/10),Từ 500.000,Từ 500.000,,,,,,,,,,
Mạnh Hùng (Bình Định),2.8 (300),Limousine 22 Phòng,19:01,• Bến xe Miền Đông Cũ,7h,02:01,• Ngã 3 Thành,(12/10),500.000,500.000,,,,,,,,,,
Mai Quyên,3.6 (80),Limousine 24 Phòng,21:30,• An Sương,6h15m,03:45,• Ngã 3 Thành,(12/10),Từ 500.000,Từ 500.000,,,,,,,,,,
Cúc Tùng,3.8 (2763),Giường nằm 32 chỗ,06:00,• Bến Xe An Sương - Quầy vé số 10,11h35m,17:35,• Bến xe Ninh Hòa,,388.000,300.000,-23%,Kích cỡ giường cuối,,,,,,,,
Khang Vy Limousine,4.3 (76),Limousine 34 Phòng,16:00,• Trạm Sài Gòn,7h20m,23:20,• Bến Xe Ninh Hòa,,450.000,450.000,,Thời gian đón/ trả,,,,,,,,
Liên Hưng,4 (12922),Limousine 32 giường (WC),09:15,• Cầu Vượt Linh Xuân (Quốc Lộ 1A),8h45m,18:00,• Văn Phòng Diên Toàn,,330.000,250.000,-24%,,,,,,,,,
Mạnh Hùng (Bình Định),2.8 (300),Limousine 22 Phòng Đôi,19:02,• Bến xe Miền Đông Cũ,7h,02:02,• Ngã 3 Thành,(12/10),770.000,770.000,,,,,,,,,,
Mạnh Hùng (Bình Định),2.8 (300),Giường nằm 4x chỗ,18:20,• Bến xe Miền Đông Cũ,7h,01:20,• Ngã 3 Thành,(12/10),310.000,310.000,,,,,,,,,,
Mạnh Hùng (Bình Định),2.8 (300),Limousine 22 Phòng Đôi,20:02,• Bến xe Miền Đông Cũ,7h,03:02,• Ngã 3 Thành,(12/10),770.000,770.000,,,,,,,,,,
Mạnh Hùng (Bình Định),2.8 (300),Limousine 22 Phòng,20:00,• Bến xe Miền Đông Cũ,7h,03:00,• Ngã 3 Thành,(12/10),500.000,500.000,,,,,,,,,,
Thanh Thuỷ - Quảng Ngãi,4.5 (935),Limousine 24 Phòng,18:00,• Cổng 5 - Bến xe Miền Đông,8h55m,02:55,• Ngã 3 Thành (Đối diện Cây xăng Petrolimex 11),(12/10),500.000,450.000,-10%,,,,,,,,,
Huỳnh Gia,4.7 (8534),Giường nằm 38 chỗ (WC),22:30,• Văn Phòng Phạm Ngũ Lão,6h25m,04:55,• Văn Phòng Phước Hải,(12/10),280.000,250.000,-11%,Lộ trình: Cao tốc (Long Thành - Dầu Giây - Phan Thiết),,,,,,,,
Huỳnh Gia,4.7 (8534),Giường nằm 34 chỗ (WC),23:00,• Văn Phòng Phạm Ngũ Lão,6h25m,05:25,• Văn Phòng Phước Hải,(12/10),280.000,238.000,-15%,Lộ trình: Cao tốc (Long Thành - Dầu Giây - Phan Thiết),,,,,,,,
Huỳnh Gia,4.7 (8534),Limousine 21 giường phòng (WC),20:30,• Văn Phòng Phạm Ngũ Lão,6h55m,03:25,• Văn Phòng Phước Hải,(12/10),480.000,450.000,-6%,,,,,,,,,
Huỳnh Gia,4.7 (8534),Limousine 21 giường phòng (WC),22:10,• Văn Phòng Phạm Ngũ Lão,6h55m,05:05,• Văn Phòng Phước Hải,(12/10),480.000,408.000,-15%,Lộ trình: Cao tốc (Long Thành - Dầu Giây - Phan Thiết),,,,,,,,
Huỳnh Gia,4.7 (8534),Giường nằm 34 chỗ (WC),11:00,• Văn Phòng Phạm Ngũ Lão,6h25m,17:25,• Văn Phòng Phước Hải,,280.000,238.000,-15%,,,,,,,,,
Huỳnh Gia,4.7 (8534),Giường nằm 34 chỗ (WC),11:45,• Văn Phòng Phạm Ngũ Lão,6h25m,18:10,• Văn Phòng Phước Hải,,280.000,238.000,-15%,Lộ trình: Cao tốc (Long Thành - Dầu Giây - Phan Thiết),,,,,,,,
Nhật Dương - Bình Minh Bus,4.9 (5826),Limousine 22 Phòng Đôi Luxury (WC),23:45,• Nhà chờ Phương Trang (Mai Chí Thọ),6h21m,06:06,• Vp Thích Quảng Đức Nha Trang,(12/10),349.000,304.000,-13%,NX xuất HĐ VAT - Hướng đi: Cao tốc,,,,,,,,
Huỳnh Gia,4.7 (8534),Limousine 21 giường phòng (WC),09:00,• Văn Phòng Phạm Ngũ Lão,6h55m,15:55,• Văn Phòng Phước Hải,,480.000,408.000,-15%,Lộ trình: Cao tốc (Long Thành - Dầu Giây - Phan Thiết),,,,,,,,
Huỳnh Gia,4.7 (8534),Limousine 21 giường phòng (WC),10:00,• Văn Phòng Phạm Ngũ Lão,6h55m,16:55,• Văn Phòng Phước Hải,,480.000,408.000,-15%,Lộ trình: Cao tốc (Long Thành - Dầu Giây - Phan Thiết),,,,,,,,
Huỳnh Gia,4.7 (8534),Limousine 21 giường phòng (WC),12:30,• Văn Phòng Phạm Ngũ Lão,6h55m,19:25,• Văn Phòng Phước Hải,,480.000,408.000,-15%,Lộ trình: Cao tốc (Long Thành - Dầu Giây - Phan Thiết),,,,,,,,
Huỳnh Gia,4.7 (8534),Limousine 21 giường phòng (WC),15:00,• Văn Phòng Phạm Ngũ Lão,6h55m,21:55,• Văn Phòng Phước Hải,,480.000,456.000,-5%,Lộ trình: Cao tốc (Long Thành - Dầu Giây - Phan Thiết),,,,,,,,
Khanh Phong,4.7 (16845),Limousine 32 giường nằm (WC),20:00,• Văn Phòng Phạm Ngũ Lão - Quận 1.,5h55m,01:55,• Co.opmart Nha Trang (Phía mặt tiền đường Tố Hữu),(12/10),320.000,300.000,-6%,Quý khách lưu ý,,,,,,,,
Huỳnh Gia,4.7 (8534),Giường nằm 34 chỗ (WC),22:45,• Văn Phòng Phạm Ngũ Lão,6h25m,05:10,• Văn Phòng Phước Hải,(12/10),280.000,238.000,-15%,Lộ trình: Cao tốc (Long Thành - Dầu Giây - Phan Thiết),,,,,,,,
Khanh Phong,4.7 (16845),Limousine 20 giường phòng (WC),12:10,• Văn Phòng Phạm Ngũ Lão - Quận 1.,5h55m,18:05,• Co.opmart Nha Trang (Phía mặt tiền đường Tố Hữu),,480.000,450.000,-6%,Quý khách lưu ý,,,,,,,,
Khanh Phong,4.7 (16845),Limousine 20 giường phòng (WC),16:50,• Văn Phòng Phạm Ngũ Lão - Quận 1.,5h55m,22:45,• Co.opmart Nha Trang (Phía mặt tiền đường Tố Hữu),,480.000,450.000,-6%,Quý khách lưu ý,,,,,,,,
Huỳnh Gia,4.7 (8534),Giường nằm 34 chỗ (WC),22:20,• Văn Phòng Phạm Ngũ Lão,6h55m,05:15,• Văn Phòng Phước Hải,(12/10),300.000,300.000,,Lộ trình: Cao tốc (Long Thành - Dầu Giây - Phan Thiết),,,,,,,,
Nhật Dương - Bình Minh Bus,4.9 (5826),Limousine phòng 21 đôi (WC),05:15,• Nhà chờ Phương Trang (Mai Chí Thọ),7h35m,12:50,• Vp Thích Quảng Đức Nha Trang,,349.000,304.000,-13%,NX xuất HĐ VAT - Hướng đi: Cao tốc,,,,,,,,
Nhật Dương - Bình Minh Bus,4.9 (5826),Limousine 22 Phòng Đôi Luxury (WC),23:25,• Nhà chờ Phương Trang (Mai Chí Thọ),6h21m,05:46,• Vp Thích Quảng Đức Nha Trang,(12/10),349.000,304.000,-13%,NX xuất HĐ VAT - Hướng đi: Cao tốc,,,,,,,,
Nhật Dương - Bình Minh Bus,4.9 (5826),Limousine phòng 21 đôi (WC),23:30,• Nhà chờ Phương Trang (Mai Chí Thọ),7h35m,07:05,• Vp Thích Quảng Đức Nha Trang,(12/10),349.000,304.000,-13%,NX xuất HĐ VAT - Hướng đi: Cao tốc,,,,,,,,
Huỳnh Gia,4.7 (8534),Limousine 21 giường phòng (WC),22:30,• Văn Phòng Phạm Ngũ Lão,6h55m,05:25,• Văn Phòng Phước Hải,(12/10),480.000,456.000,-5%,Lộ trình: Cao tốc (Long Thành - Dầu Giây - Phan Thiết),,,,,,,,
Khanh Phong,4.7 (16845),Limousine 20 giường phòng (WC),22:40,• Văn Phòng Phạm Ngũ Lão - Quận 1.,5h55m,04:35,• Co.opmart Nha Trang (Phía mặt tiền đường Tố Hữu),(12/10),480.000,450.000,-6%,Quý khách lưu ý,,,,,,,,
Nhật Dương - Bình Minh Bus,4.9 (5826),Limousine phòng 21 đôi (WC),12:45,• Nhà chờ Phương Trang (Mai Chí Thọ),7h35m,20:20,• Vp Thích Quảng Đức Nha Trang,,349.000,304.000,-13%,NX xuất HĐ VAT - Hướng đi: Cao tốc,,,,,,,,
Khanh Phong,4.7 (16845),Limousine 20 giường phòng (WC),15:15,• Văn Phòng Phạm Ngũ Lão - Quận 1.,5h55m,21:10,• Co.opmart Nha Trang (Phía mặt tiền đường Tố Hữu),,480.000,450.000,-6%,Quý khách lưu ý,,,,,,,,
Liên Hưng,4 (12922),Limousine 34 giường (mới),01:30,• Ngã 4 An Sương (Quốc Lộ 1A),9h,10:30,• Văn Phòng Diên Toàn,,330.000,280.000,-15%,,,,,,,,,
Phúc An Express,4.7 (3425),Limousine 32 phòng (WC),20:45,• Nhà chờ Phương Trang - Ngã tư Thủ Đức,6h15m,03:00,• Văn Phòng Nha Trang,(12/10),300.000,300.000,,Lộ trình xe chạy,,,,,,,,
Huỳnh Gia,4.7 (8534),Limousine 21 giường phòng (WC),23:00,• Văn Phòng Phạm Ngũ Lão,6h55m,05:55,• Văn Phòng Phước Hải,(12/10),480.000,456.000,-5%,Lộ trình: Cao tốc (Long Thành - Dầu Giây - Phan Thiết),,,,,,,,
Nhật Dương - Bình Minh Bus,4.9 (5826),Limousine phòng 22 đôi (WC),22:50,• Nhà chờ Phương Trang (Mai Chí Thọ),7h35m,06:25,• Vp Thích Quảng Đức Nha Trang,(12/10),349.000,304.000,-13%,NX xuất HĐ VAT - Hướng đi: Cao tốc,,,,,,,,
Liên Hưng,4 (12922),Limousine 21 phòng đơn (WC),18:30,• Văn phòng quận 5,7h,01:30,• Cây xăng số 11 (Khánh Hòa),(12/10),490.000,380.000,-22%,,,,,,,,,
Phương Nam,4.7 (2431),Giường nằm 32 chỗ (WC),22:35,• Ngã 4 Thủ Đức,8h22m,06:57,• Văn Phòng Chung cư CT2,(12/10),280.000,280.000,,,,,,,,,,
Nhật Dương - Bình Minh Bus,4.9 (5826),Limousine phòng 21 đôi (WC),23:15,• Nhà chờ Phương Trang (Mai Chí Thọ),7h35m,06:50,• Vp Thích Quảng Đức Nha Trang,(12/10),349.000,304.000,-13%,NX xuất HĐ VAT - Hướng đi: Cao tốc,,,,,,,,
Tài Phát Limousine,5 (1170),Limousine 24 Phòng Đôi,17:00,• Bến Xe Bàu Bàng,9h5m,02:05,• Ngã 3 Thành,(12/10),520.000,450.000,-13%,Trung chuyển bệnh viện,,,,,,,,
Liên Hưng,4 (12922),Limousine 21 phòng đơn (WC),22:15,• Ngã 4 An Sương (Cây xăng Tân Hưng Thuận),8h15m,06:30,• Văn phòng Nha Trang,(12/10),500.000,300.000,-40%,,,,,,,,,
Liên Hưng,4 (12922),Limousine 21 phòng đơn (WC),18:30,• Văn phòng quận 5,5h15m,23:45,• Bưu điện Cam Ranh,,490.000,380.000,-22%,,,,,,,,,
Liên Hưng,4 (12922),Limousine 21 phòng đơn (WC),22:45,• Ngã 4 An Sương (Cây xăng Tân Hưng Thuận),8h15m,07:00,• Văn phòng Nha Trang,(12/10),500.000,300.000,-40%,,,,,,,,,
Liên Hưng,4 (12922),Limousine 21 phòng đơn (WC),19:00,• Bến xe Miền Tây (Quầy 24),4h45m,23:45,• Bưu điện Cam Ranh,,490.000,380.000,-22%,,,,,,,,,
Tài Phát Limousine,5 (1170),Limousine 24 Phòng Đôi,18:12,• AEON MALL Bình Dương,7h53m,02:05,• Ngã 3 Thành,(12/10),520.000,450.000,-13%,Trung chuyển bệnh viện,,,,,,,,
Tài Phát Limousine,5 (1170),Limousine 24 Phòng Đôi,19:00,• Bến Xe Miền Đông cũ (333 ĐBL),7h5m,02:05,• Ngã 3 Thành,(12/10),520.000,450.000,-13%,,,,,,,,,
Liên Hưng,4 (12922),Limousine 32 giường (WC),19:30,• Văn phòng quận 5,7h,02:30,• Cây xăng số 11 (Khánh Hòa),(12/10),330.000,280.000,-15%,,,,,,,,,
Cúc Tùng,3.8 (2763),Giường nằm 32 chỗ,20:00,• Bến xe Miền Đông mới,9h5m,05:05,• Bưu điện Cam Ranh,(12/10),388.000,300.000,-23%,Kích cỡ giường cuối,,,,,,,,
Liên Hưng,4 (12922),Limousine 34 giường (mới),19:30,• Củ Chi,10h15m,05:45,• Văn Phòng Diên Toàn,(12/10),373.000,320.000,-14%,,,,,,,,,
Phương Nam,4.7 (2431),Giường nằm 40 chỗ có toilet,22:30,• Ngã 4 Thủ Đức,8h22m,06:52,• Văn Phòng Chung cư CT2,(12/10),240.000,240.000,,,,,,,,,,
Liên Hưng,4 (12922),Limousine 21 phòng đơn (WC),19:20,• Ngã 4 An Sương (Quốc Lộ 1A),4h25m,23:45,• Bưu điện Cam Ranh,,490.000,380.000,-22%,,,,,,,,,
Liên Hưng,4 (12922),Limousine 32 giường (WC),19:00,• Ngã 4 An Sương (Quốc Lộ 1A),10h,05:00,• Văn Phòng Diên Toàn,(12/10),330.000,280.000,-15%,,,,,,,,,
Liên Hưng,4 (12922),Limousine 21 phòng đơn (WC),21:00,• Ngã 4 An Sương (Cây xăng Tân Hưng Thuận),9h30m,06:30,• Văn phòng Nha Trang,(12/10),490.000,380.000,-22%,,,,,,,,,
Liên Hưng,4 (12922),Limousine 32 giường (WC),12:00,• Cầu Vượt Linh Xuân,10h,22:00,• Văn phòng Nha Trang,,330.000,250.000,-24%,,,,,,,,,
Liên Hưng,4 (12922),Limousine 32 giường (WC),20:20,• Ngã 4 An Sương (Quốc Lộ 1A),7h10m,03:30,• Bến Xe Vạn Giã,(12/10),378.000,300.000,-21%,,,,,,,,,
Liên Hưng,4 (12922),Limousine 32 giường (WC),19:30,• Văn phòng quận 5,6h,01:30,• Bưu điện Cam Lâm,(12/10),330.000,280.000,-15%,,,,,,,,,
Liên Hưng,4 (12922),Limousine 21 phòng đơn (WC),21:00,• Ngã 4 An Sương (Quốc Lộ 1A),9h,06:00,• Văn Phòng Diên Toàn,(12/10),490.000,380.000,-22%,,,,,,,,,
Quang Hạnh (NT),3.6 (362),Limousine 22 phòng đơn (WC),20:15,• Ngã Tư Bình Phước (Trạm xe Thành Công),8h40m,04:55,• Bến Xe Phía Nam Nha Trang Mới,(12/10),480.000,350.000,-27%,Lưu ý kích cỡ giường,,,,,,,,
Liên Hưng,4 (12922),Limousine 32 giường (WC),19:30,• Văn phòng quận 5,5h15m,00:45,• Bưu điện Cam Ranh,(12/10),330.000,280.000,-15%,,,,,,,,,
Liên Hưng,4 (12922),Limousine 21 phòng đơn (WC),19:20,• Ngã 4 An Sương (Quốc Lộ 1A),7h10m,02:30,• Bến Xe Vạn Giã,(12/10),500.000,420.000,-16%,,,,,,,,,
Liên Hưng,4 (12922),Limousine 34 giường (mới),23:30,• Ngã 4 An Sương (Quốc Lộ 1A),8h30m,08:00,• Văn Phòng Diên Toàn,(12/10),330.000,280.000,-15%,,,,,,,,,
Tài Phát Limousine,5 (1170),Limousine 24 Phòng Đôi,20:30,• Ngã 4 An Sương,6h55m,03:25,• Ngã 3 Thành,(12/10),520.000,450.000,-13%,Lưu ý hướng đi cao tốc >>>,,,,,,,,
Quang Hạnh (NT),3.6 (362),Limousine 24 phòng đơn,20:55,• Cổng Đại Học Nông Lâm (Quốc Lộ 1A),6h50m,03:45,• Bến Xe Phía Nam Nha Trang Mới,(12/10),430.000,420.000,-2%,Lưu ý kích cỡ giường,,,,,,,,
Liên Hưng,4 (12922),Limousine 21 phòng đơn (WC),19:00,• Bến xe Miền Tây (Quầy 24),6h30m,01:30,• Cây xăng số 11 (Khánh Hòa),(12/10),490.000,380.000,-22%,,,,,,,,,
Cúc Tùng,3.8 (2763),Giường nằm 34 chỗ,20:30,• Ngã 4 Bình Phước,8h30m,05:00,• Văn Phòng Nha Trang,(12/10),444.000,350.000,-21%,Kích cỡ giường cuối,,,,,,,,
Liên Hưng,4 (12922),Limousine 21 phòng đơn (WC),19:00,• Củ Chi,10h15m,05:15,• Văn Phòng Diên Toàn,(12/10),490.000,450.000,-8%,,,,,,,,,
Liên Hưng,4 (12922),Limousine 21 phòng đơn (WC),23:15,• Cầu Vượt Linh Xuân,7h45m,07:00,• Văn phòng Nha Trang,(12/10),500.000,300.000,-40%,,,,,,,,,
Cúc Tùng,3.8 (2763),Giường nằm 34 chỗ,20:00,• Ngã 4 An Sương,9h15m,05:15,• Bến xe Phía Bắc Nha Trang,(12/10),444.000,350.000,-21%,Kích cỡ giường cuối,,,,,,,,
Quang Hạnh (NT),3.6 (362),Limousine 22 phòng đơn (WC),20:30,• Cổng Đại Học Nông Lâm (Quốc Lộ 1A),8h25m,04:55,• Bến Xe Phía Nam Nha Trang Mới,(12/10),480.000,350.000,-27%,Lưu ý kích cỡ giường,,,,,,,,
Tài Phát Limousine,5 (1170),Limousine 24 Phòng Đôi,20:30,• Bến Xe Miền Đông,6h55m,03:25,• Ngã 3 Thành,(12/10),520.000,450.000,-13%,Lưu ý hướng đi cao tốc >>>,,,,,,,,
Liên Hưng,4 (12922),Limousine 21 phòng đơn (WC),22:30,• Ngã 4 An Sương (Quốc Lộ 1A),8h30m,07:00,• Văn Phòng Diên Toàn,(12/10),490.000,380.000,-22%,,,,,,,,,
Liên Hưng,4 (12922),Limousine 21 phòng đơn (WC),21:00,• Cầu Vượt Linh Xuân,9h30m,06:30,• Văn Phòng Diên Toàn,(12/10),490.000,350.000,-29%,,,,,,,,,
Liên Hưng,4 (12922),Limousine 32 giường (WC),20:00,• Bến xe Miền Tây (Quầy 24),4h45m,00:45,• Bưu điện Cam Ranh,(12/10),330.000,280.000,-15%,,,,,,,,,
Phúc An Express,4.7 (3425),Limousine 22 giường phòng (WC),22:30,• Trạm Phúc An Express,7h15m,05:45,• Văn Phòng Nha Trang,(12/10),470.000,470.000,,Lộ trình xe chạy,,,,,,,,
Tuấn Tú Express,4.5 (1392),Luxury 34 phòng,21:00,• Trạm Bà Điểm,7h,04:00,• Khánh Hòa,(12/10),550.000,320.000,-42%,Chính sách bao ăn,,,,,,,,
Liên Hưng,4 (12922),Limousine 34 giường (mới),21:30,• Ngã 4 An Sương (Quốc Lộ 1A),10h9m,07:39,• Văn Phòng Diên Toàn,(12/10),330.000,280.000,-15%,,,,,,,,,
Phương Nam,4.7 (2431),Limousine giường phòng 22 chỗ (WC),22:45,• Ngã 4 Thủ Đức,8h22m,07:07,• Văn Phòng Chung cư CT2,(12/10),440.000,440.000,,,,,,,,,,
Tuấn Tú Express,4.5 (1392),Luxury 34 phòng,12:50,• Trạm Bình Long,8h10m,21:00,• Khánh Hòa,,550.000,320.000,-42%,Chính sách bao ăn,,,,,,,,
Cúc Tùng,3.8 (2763),Limousine giường nằm đơn 21 chỗ,23:30,• Ngã 4 An Sương,8h15m,07:45,• Bến xe Phía Bắc Nha Trang,(12/10),800.000,500.000,-37%,Kích cỡ giường cuối,,,,,,,,
Liên Hưng,4 (12922),Limousine 32 giường (WC),07:30,• Cầu Vượt Linh Xuân,10h,17:30,• Văn Phòng Diên Toàn,,313.000,250.000,-20%,,,,,,,,,
Liên Hưng,4 (12922),Limousine 21 phòng đơn (WC),21:30,• Cầu Vượt Linh Xuân,9h,06:30,• Văn phòng Nha Trang,(12/10),490.000,380.000,-22%,,,,,,,,,
Tuấn Tú Express,4.5 (1392),Limousine 24 Phòng Đôi,13:21,• Trạm Bình Long,8h10m,21:31,• Khánh Hòa,,700.000,350.000,-50%,Chính sách bao ăn,,,,,,,,
Tuấn Tú Express,4.5 (1392),Limousine 24 Phòng Đôi,19:51,• Trạm Bình Long,8h10m,04:01,• Khánh Hòa,(12/10),700.000,350.000,-50%,Chính sách bao ăn,,,,,,,,
Hà Linh,4.1 (1329),Limousine 22 Phòng,18:30,• Ngã 4 Bình Phước,9h,03:30,• Văn Phòng Nha Trang,(12/10),300.000,290.000,-3%,Trung chuyển Hồ Chí Minh,,,,,,,,
Liên Hưng,4 (12922),Limousine 34 giường (mới),21:00,• Ngã 4 An Sương (Quốc Lộ 1A),9h,06:00,• Văn Phòng Diên Toàn,(12/10),330.000,280.000,-15%,,,,,,,,,
Liên Hưng,4 (12922),Limousine 21 phòng đơn (WC),22:45,• Cầu Vượt Linh Xuân,7h45m,06:30,• Văn phòng Nha Trang,(12/10),500.000,300.000,-40%,,,,,,,,,
Liên Hưng,4 (12922),Limousine 34 giường (mới),20:15,• Ngã 4 An Sương (Quốc Lộ 1A),9h30m,05:45,• Văn Phòng Diên Toàn,(12/10),330.000,290.000,-12%,,,,,,,,,
Liên Hưng,4 (12922),Limousine 32 giường (WC),20:00,• Bến xe Miền Tây (Quầy 24),6h30m,02:30,• Cây xăng số 11 (Khánh Hòa),(12/10),330.000,280.000,-15%,,,,,,,,,
Liên Hưng,4 (12922),Limousine 21 phòng đơn (WC),23:00,• Cầu Vượt Linh Xuân,8h,07:00,• Văn Phòng Diên Toàn,(12/10),490.000,380.000,-22%,,,,,,,,,
Khang Thịnh,4.3 (1708),Limousine 24 Phòng Đôi,18:50,• Cây xăng COMECO Cổng 1 Bến Xe Miền Đông,8h25m,03:15,• Ngã 3 Thành,(12/10),550.000,495.000,-10%,"Quý khách lưu ý giường A11, A12.",,,,,,,,
Khang Thịnh,4.3 (1708),Limousine 34 phòng,19:10,• Cây xăng Petrolimex số 19 - Hàng xanh,8h20m,03:30,• Ngã 3 Thành,(12/10),400.000,360.000,-10%,"Quý khách lưu ý giường A11, A12.",,,,,,,,
Khang Thịnh,4.3 (1708),Limousine 34 phòng,19:05,• Cây xăng COMECO Cổng 1 Bến Xe Miền Đông,8h25m,03:30,• Ngã 3 Thành,(12/10),400.000,360.000,-10%,"Quý khách lưu ý giường A11, A12.",,,,,,,,
Phúc An Express,4.7 (3425),Limousine 22 giường phòng (WC),22:30,• Trạm Phúc An Express,7h25m,05:55,• Chợ Vĩnh Lương,(12/10),480.000,480.000,,Lộ trình xe chạy,,,,,,,,
Liên Hưng,4 (12922),Limousine 32 giường (WC),09:30,• Cầu Vượt Linh Xuân,10h,19:30,• Văn phòng Nha Trang,,330.000,250.000,-24%,,,,,,,,,
Rạng Đông Buslines,4.2 (1481),Limousine 24 Phòng VIP,19:30,• Nhà Xe Thành Công (Chi Nhánh Ngã 4 Bình Phước),6h15m,01:45,• Ngã 3 nhà máy sợi Nha Trang,(12/10),600.000,480.000,-20%,Giá vé bao gồm phần ăn,,,,,,,,
Liên Hưng,4 (12922),Limousine 21 phòng đơn (WC),19:45,• Cầu Vượt Linh Xuân,6h45m,02:30,• Bến Xe Vạn Giã,(12/10),500.000,420.000,-16%,,,,,,,,,
Rạng Đông Buslines,4.2 (1481),Limousine 24 Phòng VIP,18:00,• Bến xe An Sương (Phòng vé số 3),7h45m,01:45,• Ngã 3 nhà máy sợi Nha Trang,(12/10),600.000,480.000,-20%,Giá vé bao gồm phần ăn,,,,,,,,
Rạng Đông Buslines,4.2 (1481),Limousine 34 phòng,16:31,• Nhà Xe Thành Công (Chi Nhánh Ngã 4 Bình Phước),6h15m,22:46,• Ngã 3 nhà máy sợi Nha Trang,,500.000,400.000,-20%,Giá vé bao gồm phần ăn,,,,,,,,
Mạnh Hùng (Bình Định),2.8 (300),Giường nằm 4x chỗ,16:30,• Bến xe Miền Tây,9h55m,02:25,• Ngã 3 Thành,(12/10),330.000,330.000,,,,,,,,,,
Khang Thịnh,4.3 (1708),Limousine 24 Phòng Đôi,18:55,• Cây xăng Petrolimex số 19 - Hàng xanh,8h20m,03:15,• Ngã 3 Thành,(12/10),550.000,495.000,-10%,"Quý khách lưu ý giường A11, A12.",,,,,,,,
Mạnh Hùng,3.1 (289),Giường nằm 4x chỗ,18:30,• Văn Phòng Sài Gòn,6h40m,01:10,• Ngã 3 Thành,(12/10),310.000,310.000,,,,,,,,,,
Phúc Yên,4.6 (741),Limousine 34 phòng,16:55,• Ngã 4 An Sương,8h45m,01:40,• Nha Trang (Dọc quốc lộ 1A),(12/10),290.000,290.000,,,,,,,,,,
Tuấn Hiệp,4 (1234),Limousine giường nằm 36 chỗ,01:20,• Siêu thị Đá An Sương,9h50m,11:10,• Bến Xe Phía Bắc Nha Trang,,280.000,280.000,,,,,,,,,,
Phúc Yên,4.6 (741),Limousine 34 phòng,16:30,• Bến xe Miền Tây,9h10m,01:40,• Nha Trang (Dọc quốc lộ 1A),(12/10),290.000,290.000,,,,,,,,,,
Cúc Tùng,3.8 (2763),Giường nằm 32 chỗ,06:00,• Văn Phòng Bình Thạnh,10h5m,16:05,• Bưu điện Cam Ranh,,388.000,300.000,-23%,Kích cỡ giường cuối,,,,,,,,
Nguyên Khang Limousine,5 (2),Limousine 24 phòng,20:00,• 502 Quốc Lộ 13,3h45m,23:45,• Ngã 3 Thành.,,450.000,405.000,-10%,,,,,,,,,
Tài Phát Limousine,5 (1170),Limousine 24 Phòng Đôi,19:15,• Ngã 4 Bình Phước,6h50m,02:05,• Ngã 3 Thành,(12/10),520.000,450.000,-13%,,,,,,,,,
Tài Phát Limousine,5 (1170),Limousine 24 Phòng Đôi,19:30,• Đại học Nông Lâm,6h35m,02:05,• Ngã 3 Thành,(12/10),520.000,450.000,-13%,,,,,,,,,
Năm Rùm,3.9 (287),Giường nằm 40 chỗ,16:10,• Bến xe Miền Tây,9h50m,02:00,• Ngã 3 Thành.,(12/10),Từ 200.000,Từ 200.000,,,,,,,,,,
Nguyên Khang Limousine,5 (2),Limousine 24 phòng,18:15,• Bến xe Miền Tây,5h30m,23:45,• Ngã 3 Thành.,,450.000,405.000,-10%,,,,,,,,,
Tuấn Tú Express,4.5 (1392),Limousine 24 Phòng Đôi,18:01,• Trạm Bà Điểm,7h,01:01,• Khánh Hòa,(12/10),700.000,350.000,-50%,Chính sách bao ăn,,,,,,,,
Tuấn Tú Express,4.5 (1392),Luxury 34 phòng,14:00,• Trạm Bà Điểm,7h,21:00,• Khánh Hòa,,550.000,320.000,-42%,Chính sách bao ăn,,,,,,,,
Tuấn Tú Express,4.5 (1392),Limousine 24 Phòng Đôi,21:01,• Trạm Bà Điểm,7h,04:01,• Khánh Hòa,(12/10),700.000,350.000,-50%,Chính sách bao ăn,,,,,,,,
Tuấn Tú Express,4.5 (1392),Limousine 24 Phòng Đôi,14:31,• Trạm Bà Điểm,7h,21:31,• Khánh Hòa,,700.000,350.000,-50%,Chính sách bao ăn,,,,,,,,
Tuấn Tú Express,4.5 (1392),Luxury 34 phòng,16:50,• Trạm Bình Long,8h10m,01:00,• Khánh Hòa,(12/10),550.000,320.000,-42%,Chính sách bao ăn,,,,,,,,
Tuấn Tú Express,4.5 (1392),Luxury 34 phòng,19:50,• Trạm Bình Long,8h10m,04:00,• Khánh Hòa,(12/10),550.000,320.000,-42%,Chính sách bao ăn,,,,,,,,
Tuấn Tú Express,4.5 (1392),Luxury 34 phòng,18:00,• Trạm Bà Điểm,7h,01:00,• Khánh Hòa,(12/10),550.000,320.000,-42%,Chính sách bao ăn,,,,,,,,
Tuấn Tú Express,4.5 (1392),Limousine 24 Phòng Đôi,16:51,• Trạm Bình Long,8h10m,01:01,• Khánh Hòa,(12/10),700.000,350.000,-50%,Chính sách bao ăn,,,,,,,,
Phúc Yên,4.6 (741),Limousine 24 phòng,16:30,• Bến xe Miền Tây,9h15m,01:45,• Nha Trang (Dọc quốc lộ 1A),(12/10),400.000,400.000,,,,,,,,,,
Tuấn Tú Express,4.5 (1392),Giường nằm 46 chỗ,13:20,• Trạm Bình Long,8h10m,21:30,• Khánh Hòa,,450.000,290.000,-36%,Chính sách bao ăn,,,,,,,,
Phương Anh (Phan Thiết),3.3 (248),Giường nằm 44 chỗ,18:15,• Ngã 4 Bình Phước,9h,03:15,• Bến xe Phía Bắc Nha Trang,(12/10),350.000,315.000,-10%,Hướng đi: Quốc Lộ 1A,,,,,,,,
Liên Hưng,4 (12922),Limousine 21 phòng đơn (WC),09:05,• Cổng Suối Tiên,7h25m,16:30,• Văn Phòng Diên Toàn,,490.000,300.000,-39%,Hướng đi: Cao tốc Vĩnh Hảo - Dầu Giây,,,,,,,,
Quang Hạnh (NT),3.6 (362),Limousine 22 phòng đơn (WC),18:30,• Cổng Đại Học Nông Lâm (Quốc Lộ 1A),8h25m,02:55,• Bến Xe Phía Nam Nha Trang Mới,(12/10),480.000,350.000,-27%,Lưu ý kích cỡ giường,,,,,,,,
Liên Hưng,4 (12922),Limousine 21 phòng đơn (WC),07:00,• Cầu Vượt Linh Xuân,9h30m,16:30,• Văn Phòng Diên Toàn,,490.000,300.000,-39%,,,,,,,,,
Quang Hạnh (NT),3.6 (362),Limousine 22 phòng đơn (WC),18:45,• Ngã Tư Bình Phước (Trạm xe Thành Công),8h40m,03:25,• Bến Xe Phía Nam Nha Trang Mới,(12/10),480.000,350.000,-27%,Lưu ý kích cỡ giường,,,,,,,,
Liên Hưng,4 (12922),Limousine 21 phòng đơn (WC),11:20,• Cổng Suối Tiên,7h25m,18:45,• Văn Phòng Diên Toàn,,490.000,300.000,-39%,Hướng đi: Cao tốc Vĩnh Hảo - Dầu Giây,,,,,,,,
Quang Hạnh (NT),3.6 (362),Limousine 22 phòng đơn (WC),18:15,• Ngã Tư Bình Phước (Trạm xe Thành Công),8h40m,02:55,• Bến Xe Phía Nam Nha Trang Mới,(12/10),480.000,350.000,-27%,Lưu ý kích cỡ giường,,,,,,,,
Cúc Tùng,3.8 (2763),Limousine giường nằm đơn 21 chỗ (WC),20:30,• Bến xe Miền Đông mới,9h5m,05:35,• Bưu điện Cam Ranh,(12/10),562.000,299.000,-47%,Kích cỡ giường cuối,,,,,,,,
Cúc Tùng,3.8 (2763),Giường nằm 34 chỗ,20:00,• Ngã 4 An Sương,9h,05:00,• Văn Phòng Nha Trang,(12/10),444.000,350.000,-21%,Kích cỡ giường cuối,,,,,,,,
Dũng Thuỷ Express,4.6 (270),Limousine 24 Phòng,18:00,• Bãi Xe 39 Quốc Lộ 1A,7h30m,01:30,• Ngã 3 Thành,(12/10),590.000,519.200,-12%,,,,,,,,,
Quang Hạnh (NT),3.6 (362),Limousine 22 phòng đơn (WC),18:25,• Ngã 4 An Sương,9h,03:25,• Bến Xe Phía Nam Nha Trang Mới,(12/10),480.000,350.000,-27%,Lưu ý kích cỡ giường,,,,,,,,
Cúc Tùng,3.8 (2763),Limousine giường nằm đơn 21 chỗ,23:30,• Ngã 4 An Sương,8h15m,07:45,• Văn Phòng Nha Trang,(12/10),800.000,500.000,-37%,Kích cỡ giường cuối,,,,,,,,
Cúc Tùng,3.8 (2763),Limousine giường nằm đơn 21 chỗ (WC),19:30,• Văn Phòng Bình Thạnh,10h5m,05:35,• Bưu điện Cam Ranh,(12/10),562.000,299.000,-47%,Kích cỡ giường cuối,,,,,,,,
Hưng Thịnh,4.9 (91),Limousine 24 Phòng,18:30,• Linh Xuân,8h30m,03:00,• Khánh Hòa,(12/10),550.000,450.000,-18%,Lưu ý: Giường A11 và B11,,,,,,,,
Hà Linh,4.1 (1329),Limousine 32 Phòng Đơn (WC),19:15,• Ngã 4 Bình Phước,8h30m,03:45,• Văn Phòng Nha Trang,(12/10),390.000,280.000,-28%,Đón Bx. Miền Đông,,,,,,,,
Cúc Tùng,3.8 (2763),Giường nằm 32 chỗ,04:00,• Bến Xe Miền Tây,11h5m,15:05,• Bưu điện Cam Ranh,,388.000,300.000,-23%,Kích cỡ giường cuối,,,,,,,,
Cúc Tùng,3.8 (2763),Giường nằm 34 chỗ,20:30,• Ngã 4 Bình Phước,8h45m,05:15,• Bến xe Phía Bắc Nha Trang,(12/10),444.000,350.000,-21%,Kích cỡ giường cuối,,,,,,,,
Liên Hưng,4 (12922),Limousine 21 phòng đơn (WC),18:30,• Văn phòng quận 5,6h,00:30,• Bưu điện Cam Lâm,(12/10),490.000,380.000,-22%,,,,,,,,,
Cúc Tùng,3.8 (2763),Giường nằm 32 chỗ,05:00,• Văn Phòng Bình Thạnh,10h5m,15:05,• Bưu điện Cam Ranh,,388.000,300.000,-23%,Kích cỡ giường cuối,,,,,,,,
Liên Hưng,4 (12922),Limousine 21 phòng đơn (WC),19:00,• Bến xe Miền Tây (Quầy 24),5h30m,00:30,• Bưu điện Cam Lâm,(12/10),490.000,380.000,-22%,,,,,,,,,
Dũng Thuỷ Express,4.6 (270),Limousine 24 Phòng,18:30,• Bến xe Miền Đông,7h,01:30,• Ngã 3 Thành,(12/10),590.000,519.200,-12%,,,,,,,,,
Phúc An Express,4.7 (3425),Limousine 32 phòng (WC),20:15,• Trạm Phúc An Express,6h45m,03:00,• Văn Phòng Nha Trang,(12/10),300.000,300.000,,Lộ trình xe chạy,,,,,,,,
Quang Hạnh (NT),3.6 (362),Limousine 22 phòng đơn (WC),19:55,• Ngã 4 An Sương,9h,04:55,• Bến Xe Phía Nam Nha Trang Mới,(12/10),480.000,350.000,-27%,Lưu ý kích cỡ giường,,,,,,,,
Cúc Tùng,3.8 (2763),Giường nằm 32 chỗ,19:00,• Văn Phòng Bình Thạnh,10h5m,05:05,• Bưu điện Cam Ranh,(12/10),388.000,300.000,-23%,Kích cỡ giường cuối,,,,,,,,
Phúc An Express,4.7 (3425),Limousine 32 phòng (WC),20:00,• Văn Phòng Hồ Chí Minh,7h10m,03:10,• Chợ Vĩnh Lương,(12/10),320.000,320.000,,Lộ trình xe chạy,,,,,,,,
Long Nguyễn Limousine,0 (0),Limousine 24 phòng,15:00,• Bến xe Miền Tây,10h45m,01:45,• Ngã 3 Thành,(12/10),500.000,450.000,-10%,,,,,,,,,
Cúc Tùng,3.8 (2763),Limousine giường nằm đơn 21 chỗ (WC),07:30,• Bến xe Miền Đông mới,9h5m,16:35,• Bưu điện Cam Ranh,,562.000,299.000,-47%,Kích cỡ giường cuối,,,,,,,,
Cúc Tùng,3.8 (2763),Limousine giường nằm đơn 21 chỗ (WC),06:30,• Văn Phòng Bình Thạnh,10h5m,16:35,• Bưu điện Cam Ranh,,562.000,299.000,-47%,Kích cỡ giường cuối,,,,,,,,
Cúc Tùng,3.8 (2763),Giường nằm 32 chỗ,06:00,• Bến xe Miền Đông mới,9h5m,15:05,• Bưu điện Cam Ranh,,388.000,300.000,-23%,Kích cỡ giường cuối,,,,,,,,
Phúc An Express,4.7 (3425),Limousine 32 phòng (WC),20:45,• Nhà chờ Phương Trang - Ngã tư Thủ Đức,6h25m,03:10,• Chợ Vĩnh Lương,(12/10),320.000,320.000,,Lộ trình xe chạy,,,,,,,,
Cúc Tùng,3.8 (2763),Giường nằm 32 chỗ,07:00,• Bến xe Miền Đông mới,9h5m,16:05,• Bưu điện Cam Ranh,,388.000,300.000,-23%,Kích cỡ giường cuối,,,,,,,,
Tín Phát Limousine,4.9 (54),Limousine 24 Phòng,18:00,• Bãi xe Phương Hân,7h15m,01:15,• Ngã 3 Thành,(12/10),450.000,405.000,-10%,,,,,,,,,
Ngàn Hà (Bình Định),3.8 (61),Limousine 22 phòng đơn,18:30,• Văn phòng Sài Gòn,7h25m,01:55,• Ngã 3 Thành,(12/10),500.000,400.000,-20%,,,,,,,,,
Liên Hưng,4 (12922),Limousine 21 phòng đơn (WC),19:45,• Cầu Vượt Linh Xuân,4h,23:45,• Bưu điện Cam Ranh,,490.000,380.000,-22%,,,,,,,,,
Liên Hưng,4 (12922),Limousine 34 giường (mới),20:00,• Cầu Vượt Linh Xuân,9h50m,05:50,• Văn Phòng Diên Toàn,(12/10),313.000,280.000,-11%,,,,,,,,,
Cúc Tùng,3.8 (2763),Limousine giường nằm đơn 21 chỗ (WC),06:30,• Bến Xe An Sương - Quầy vé số 10,10h5m,16:35,• Bưu điện Cam Ranh,,562.000,299.000,-47%,Kích cỡ giường cuối,,,,,,,,
Phúc An Express,4.7 (3425),Limousine 32 phòng (WC),20:15,• Trạm Phúc An Express,6h55m,03:10,• Chợ Vĩnh Lương,(12/10),320.000,320.000,,Lộ trình xe chạy,,,,,,,,
Cúc Tùng,3.8 (2763),Giường nằm 32 chỗ,05:00,• Bến Xe An Sương - Quầy vé số 10,10h5m,15:05,• Bưu điện Cam Ranh,,388.000,300.000,-23%,Kích cỡ giường cuối,,,,,,,,
Liên Hưng,4 (12922),Limousine 32 giường (WC),20:20,• Ngã 4 An Sương (Quốc Lộ 1A),4h25m,00:45,• Bưu điện Cam Ranh,(12/10),330.000,280.000,-15%,,,,,,,,,
Liên Hưng,4 (12922),Limousine 21 phòng đơn (WC),19:20,• Ngã 4 An Sương (Quốc Lộ 1A),6h10m,01:30,• Cây xăng số 11 (Khánh Hòa),(12/10),490.000,380.000,-22%,,,,,,,,,
Quang Hạnh (NT),3.6 (362),Limousine 22 phòng đơn (WC),17:55,• Ngã 4 An Sương,9h,02:55,• Bến Xe Phía Nam Nha Trang Mới,(12/10),480.000,350.000,-27%,Lưu ý kích cỡ giường,,,,,,,,
Liên Hưng,4 (12922),Limousine 32 giường (WC),20:00,• Bến xe Miền Tây (Quầy 24),5h30m,01:30,• Bưu điện Cam Lâm,(12/10),330.000,280.000,-15%,,,,,,,,,
Liên Hưng,4 (12922),Limousine 32 giường (WC),20:00,• Cầu Vượt Linh Xuân,9h30m,05:30,• Văn Phòng Diên Toàn,(12/10),330.000,280.000,-15%,,,,,,,,,
Mạnh Hùng,3.1 (289),Limousine 24 Phòng,18:50,• Văn Phòng Sài Gòn,6h40m,01:30,• Ngã 3 Thành,(12/10),500.000,500.000,,,,,,,,,,
Liên Hưng,4 (12922),Limousine 32 giường (WC),20:20,• Ngã 4 An Sương (Quốc Lộ 1A),6h10m,02:30,• Cây xăng số 11 (Khánh Hòa),(12/10),330.000,280.000,-15%,,,,,,,,,
Bốn Luyện Express,4.1 (244),Limousine 24 Phòng,22:10,• Ngã 4 An Sương,7h,05:10,• Nha Trang (dọc quốc lộ 1A),(12/10),Từ 660.000,Từ 660.000,,,,,,,,,,
Bốn Luyện Express,4.1 (244),Giường nằm 34 chỗ Luxury,22:18,• Ngã 4 An Sương,7h,05:18,• Nha Trang (dọc quốc lộ 1A),(12/10),420.000,420.000,,,,,,,,,,
Liên Hưng,4 (12922),Limousine 34 giường (mới),19:00,• Cầu Vượt Linh Xuân,10h,05:00,• Văn Phòng Diên Toàn,(12/10),313.000,280.000,-11%,,,,,,,,,
Liên Hưng,4 (12922),Limousine 32 giường (WC),20:30,• Cầu Vượt Linh Xuân,10h,06:30,• Văn Phòng Diên Toàn,(12/10),313.000,280.000,-11%,,,,,,,,,
Liên Hưng,4 (12922),Limousine 34 giường (mới),20:00,• Ngã 4 An Sương (Quốc Lộ 1A),9h30m,05:30,• Văn Phòng Diên Toàn,(12/10),330.000,280.000,-15%,,,,,,,,,
Liên Hưng,4 (12922),Limousine 32 giường (WC),20:45,• Cầu Vượt Linh Xuân,5h45m,02:30,• Cây xăng số 11 (Khánh Hòa),(12/10),330.000,280.000,-15%,,,,,,,,,
Mạnh Hùng,3.1 (289),Limousine 24 Phòng Đôi,19:01,• Văn Phòng Sài Gòn,6h40m,01:41,• Ngã 3 Thành,(12/10),770.000,770.000,,,,,,,,,,
Liên Hưng,4 (12922),Limousine 32 giường (WC),20:45,• Cầu Vượt Linh Xuân,6h45m,03:30,• Bến Xe Vạn Giã,(12/10),378.000,300.000,-21%,,,,,,,,,
Mạnh Hùng,3.1 (289),Giường nằm 4x chỗ,19:05,• Cổng Bến xe Miền Đông Mới,6h5m,01:10,• Ngã 3 Thành,(12/10),310.000,310.000,,,,,,,,,,
Liên Hưng,4 (12922),Limousine 21 phòng đơn (WC),19:45,• Ngã 4 An Sương (Quốc Lộ 1A),9h30m,05:15,• Văn Phòng Diên Toàn,(12/10),490.000,380.000,-22%,,,,,,,,,
Mạnh Hùng,3.1 (289),Limousine 24 Phòng Đôi,19:36,• Cổng Bến xe Miền Đông Mới,6h5m,01:41,• Ngã 3 Thành,(12/10),770.000,770.000,,,,,,,,,,
Mạnh Hùng,3.1 (289),Limousine 24 Phòng,19:00,• Ngã 4 Bình Phước,6h30m,01:30,• Ngã 3 Thành,(12/10),500.000,500.000,,,,,,,,,,
Cúc Tùng,3.8 (2763),Giường nằm 32 chỗ,05:00,• Bến Xe Miền Tây,11h5m,16:05,• Bưu điện Cam Ranh,,388.000,300.000,-23%,Kích cỡ giường cuối,,,,,,,,
Liên Hưng,4 (12922),Limousine 21 phòng đơn (WC),19:20,• Ngã 4 An Sương (Quốc Lộ 1A),5h10m,00:30,• Bưu điện Cam Lâm,(12/10),490.000,380.000,-22%,,,,,,,,,
Liên Hưng,4 (12922),Limousine 32 giường (WC),20:45,• Cầu Vượt Linh Xuân,4h,00:45,• Bưu điện Cam Ranh,(12/10),330.000,280.000,-15%,,,,,,,,,
Liên Hưng,4 (12922),Limousine 21 phòng đơn (WC),19:30,• Hóc Môn,9h45m,05:15,• Văn Phòng Diên Toàn,(12/10),490.000,420.000,-14%,,,,,,,,,
Liên Hưng,4 (12922),Limousine 21 phòng đơn (WC),22:30,• Ngã 4 An Sương (Quốc Lộ 1A),9h,07:30,• Văn Phòng Diên Toàn,(12/10),490.000,380.000,-22%,,,,,,,,,
Liên Hưng,4 (12922),Limousine 32 giường (WC),20:20,• Ngã 4 An Sương (Quốc Lộ 1A),5h10m,01:30,• Bưu điện Cam Lâm,(12/10),330.000,280.000,-15%,,,,,,,,,
Mạnh Hùng,3.1 (289),Limousine 24 Phòng,19:10,• Cầu Vượt Sóng Thần,6h20m,01:30,• Ngã 3 Thành,(12/10),500.000,500.000,,,,,,,,,,
Mạnh Hùng,3.1 (289),Giường nằm 4x chỗ,18:40,• Ngã 4 Bình Phước,6h30m,01:10,• Ngã 3 Thành,(12/10),310.000,310.000,,,,,,,,,,
Mạnh Hùng,3.1 (289),Limousine 24 Phòng Đôi,17:10,• Bãi Xe 39 Quốc Lộ 1A,7h15m,00:25,• Ngã 3 Thành,(12/10),1.000.000,1.000.000,,,,,,,,,,
Liên Hưng,4 (12922),Limousine 21 phòng đơn (WC),19:45,• Cầu Vượt Linh Xuân,5h45m,01:30,• Cây xăng số 11 (Khánh Hòa),(12/10),490.000,380.000,-22%,,,,,,,,,
Quang Hạnh (NT),3.6 (362),Limousine 24 phòng đơn,20:40,• Ngã Tư Bình Phước (Trạm xe Thành Công),7h5m,03:45,• Bến Xe Phía Nam Nha Trang Mới,(12/10),430.000,420.000,-2%,Lưu ý kích cỡ giường,,,,,,,,
Mộc Thảo,4.6 (1665),Limousine 34 giường,20:05,• Cầu vượt Linh Xuân,10h,06:05,• Ngã 3 Thành,(12/10),320.000,320.000,,,,,,,,,,
Năm Rùm,3.9 (287),Giường nằm 40 chỗ,17:30,"• Đền Vua Hùng, TP. Thủ Đức",8h30m,02:00,• Ngã 3 Thành.,(12/10),Từ 200.000,Từ 200.000,,,,,,,,,,
Mạnh Hùng,3.1 (289),Limousine 24 Phòng,19:25,• Cổng Bến xe Miền Đông Mới,6h5m,01:30,• Ngã 3 Thành,(12/10),500.000,500.000,,,,,,,,,,
Mạnh Hùng,3.1 (289),Limousine 24 Phòng,17:25,• Cầu vượt Tân Thới Hiệp,6h55m,00:20,• Ngã 3 Thành,(12/10),660.000,660.000,,,,,,,,,,
Mạnh Hùng,3.1 (289),Limousine 24 Phòng Đôi,16:55,• Hương Lộ 2,7h30m,00:25,• Ngã 3 Thành,(12/10),1.000.000,1.000.000,,,,,,,,,,
Mạnh Hùng (Bình Định),2.8 (300),Limousine 22 Phòng,17:30,• Cổng Bến xe Miền Đông Mới,8h55m,02:25,• Ngã 3 Thành,(12/10),660.000,660.000,,,,,,,,,,
Liên Hưng,4 (12922),Limousine 32 giường (WC),20:45,• Cầu Vượt Linh Xuân,4h45m,01:30,• Bưu điện Cam Lâm,(12/10),330.000,280.000,-15%,,,,,,,,,
Phúc Yên,4.6 (741),Limousine 34 phòng,17:30,• Bến xe Miền Đông mới,8h,01:30,• Nha Trang (Dọc quốc lộ 1A),(12/10),290.000,290.000,,,,,,,,,,
Phúc An Express,4.7 (3425),Limousine 22 giường phòng (WC),22:15,• Văn Phòng Sài Gòn,7h40m,05:55,• Chợ Vĩnh Lương,(12/10),480.000,480.000,,Lộ trình xe chạy,,,,,,,,
Năm Rùm,3.9 (287),Giường nằm 40 chỗ,17:10,• Cầu vượt Linh Xuân,8h50m,02:00,• Ngã 3 Thành.,(12/10),Từ 200.000,Từ 200.000,,,,,,,,,,
Phúc Yên,4.6 (741),Limousine 34 phòng,17:10,• Cây xăng Quốc Phong,8h30m,01:40,• Nha Trang (Dọc quốc lộ 1A),(12/10),290.000,290.000,,,,,,,,,,
Mạnh Hùng,3.1 (289),Limousine 24 Phòng Đôi,19:26,• Cầu vượt Linh Xuân,6h15m,01:41,• Ngã 3 Thành,(12/10),770.000,770.000,,,,,,,,,,
Phúc An Express,4.7 (3425),Limousine 22 giường phòng (WC),23:00,• Nhà chờ Phương Trang - Ngã tư Thủ Đức,6h45m,05:45,• Văn Phòng Nha Trang,(12/10),470.000,470.000,,Lộ trình xe chạy,,,,,,,,
Mạnh Hùng (Bình Định),2.8 (300),Limousine 22 Phòng Đôi,18:02,• Văn Phòng Tân Phú,9h,03:02,• Ngã 3 Thành,(12/10),770.000,770.000,,,,,,,,,,
Mạnh Hùng,3.1 (289),Limousine 24 Phòng,17:50,• Cổng Bến xe Miền Đông Mới,6h5m,23:55,• Ngã 3 Thành,,600.000,600.000,,,,,,,,,,
Mạnh Hùng,3.1 (289),Limousine 24 Phòng Đôi,19:11,• Ngã 4 Bình Phước,6h30m,01:41,• Ngã 3 Thành,(12/10),770.000,770.000,,,,,,,,,,
Mạnh Hùng,3.1 (289),Limousine 24 Phòng Đôi,19:21,• Cầu Vượt Sóng Thần,6h20m,01:41,• Ngã 3 Thành,(12/10),770.000,770.000,,,,,,,,,,
Mạnh Hùng (Bình Định),2.8 (300),Limousine 22 Phòng,16:31,• Bến xe Miền Tây,9h55m,02:26,• Ngã 3 Thành,(12/10),550.000,550.000,,,,,,,,,,
Liên Hưng,4 (12922),Limousine 34 giường (mới),20:00,• Hóc Môn,9h45m,05:45,• Văn Phòng Diên Toàn,(12/10),373.000,320.000,-14%,,,,,,,,,
Dũng Lệ,3.8 (60),Limousine 24 Phòng Đôi,18:15,• Vp. Bình Tân,7h30m,01:45,• Nha Trang (Dọc QL1A),(12/10),Từ 500.000,Từ 500.000,,,,,,,,,,
Mạnh Hùng (Bình Định),2.8 (300),Limousine 22 Phòng,18:00,• Văn Phòng Tân Phú,9h,03:00,• Ngã 3 Thành,(12/10),500.000,500.000,,,,,,,,,,
Phúc An Express,4.7 (3425),Limousine 22 giường phòng (WC),23:00,• Nhà chờ Phương Trang - Ngã tư Thủ Đức,6h55m,05:55,• Chợ Vĩnh Lương,(12/10),480.000,480.000,,Lộ trình xe chạy,,,,,,,,
Cúc Tùng,3.8 (2763),Giường nằm 32 chỗ,06:00,• Bến Xe An Sương - Quầy vé số 10,10h5m,16:05,• Bưu điện Cam Ranh,,388.000,300.000,-23%,Kích cỡ giường cuối,,,,,,,,
Quang Hạnh (NT),3.6 (362),Limousine 22 phòng đơn (WC),19:00,• Cổng Đại Học Nông Lâm (Quốc Lộ 1A),8h25m,03:25,• Bến Xe Phía Nam Nha Trang Mới,(12/10),480.000,350.000,-27%,Lưu ý kích cỡ giường,,,,,,,,
Mạnh Hùng,3.1 (289),Limousine 24 Phòng,17:40,• Cầu vượt Linh Xuân,6h15m,23:55,• Ngã 3 Thành,,600.000,600.000,,,,,,,,,,
Mạnh Hùng,3.1 (289),Limousine 24 Phòng,17:00,• Ngã 4 Gò Mây,7h20m,00:20,• Ngã 3 Thành,(12/10),660.000,660.000,,,,,,,,,,
Mộc Thảo,4.6 (1665),Limousine 24 giường,20:15,• Cầu vượt Linh Xuân,10h,06:15,• Ngã 3 Thành,(12/10),450.000,450.000,,,,,,,,,,
Mạnh Hùng (Bình Định),2.8 (300),Limousine 22 Phòng Đôi,16:32,• Bến xe Miền Tây,9h55m,02:27,• Ngã 3 Thành,(12/10),880.000,880.000,,,,,,,,,,
Mạnh Hùng,3.1 (289),Limousine 24 Phòng Đôi,17:30,• Cầu vượt Tân Thới Hiệp,6h55m,00:25,• Ngã 3 Thành,(12/10),1.000.000,1.000.000,,,,,,,,,,
Mạnh Hùng,3.1 (289),Limousine 24 Phòng Đôi,17:40,• Cầu Vượt Quang Trung,6h45m,00:25,• Ngã 3 Thành,(12/10),1.000.000,1.000.000,,,,,,,,,,
Phúc Yên,4.6 (741),Limousine 24 phòng,17:15,• Ngã 4 Bình Phước,8h30m,01:45,• Nha Trang (Dọc quốc lộ 1A),(12/10),400.000,400.000,,,,,,,,,,
Liên Hưng,4 (12922),Limousine 21 phòng đơn (WC),19:45,• Cầu Vượt Linh Xuân,4h45m,00:30,• Bưu điện Cam Lâm,(12/10),490.000,380.000,-22%,,,,,,,,,
Mạnh Hùng,3.1 (289),Limousine 24 Phòng,17:05,• Bãi Xe 39 Quốc Lộ 1A,7h15m,00:20,• Ngã 3 Thành,(12/10),660.000,660.000,,,,,,,,,,
Ngàn Hà (Bình Định),3.8 (61),Limousine 24 phòng đôi,18:31,• Văn phòng Sài Gòn,7h25m,01:56,• Ngã 3 Thành,(12/10),500.000,400.000,-20%,,,,,,,,,
Phúc Yên,4.6 (741),Limousine 24 phòng,16:55,• Ngã 4 An Sương,8h50m,01:45,• Nha Trang (Dọc quốc lộ 1A),(12/10),400.000,400.000,,,,,,,,,,
Mạnh Hùng,3.1 (289),Limousine 24 Phòng Đôi,17:50,• Ngã 4 Ga,6h35m,00:25,• Ngã 3 Thành,(12/10),1.000.000,1.000.000,,,,,,,,,,
Mạnh Hùng,3.1 (289),Limousine 24 Phòng,16:50,• Hương Lộ 2,7h30m,00:20,• Ngã 3 Thành,(12/10),660.000,660.000,,,,,,,,,,
Mạnh Hùng,3.1 (289),Limousine 24 Phòng,17:45,• Ngã 4 Ga,6h35m,00:20,• Ngã 3 Thành,(12/10),660.000,660.000,,,,,,,,,,
Mạnh Hùng,3.1 (289),Giường nằm 4x chỗ,18:55,• Cầu vượt Linh Xuân,6h15m,01:10,• Ngã 3 Thành,(12/10),310.000,310.000,,,,,,,,,,
Mạnh Hùng,3.1 (289),Limousine 24 Phòng Đôi,17:20,• Ngã 4 An Sương,7h5m,00:25,• Ngã 3 Thành,(12/10),1.000.000,1.000.000,,,,,,,,,,
Mạnh Hùng,3.1 (289),Limousine 24 Phòng Đôi,17:05,• Ngã 4 Gò Mây,7h20m,00:25,• Ngã 3 Thành,(12/10),1.000.000,1.000.000,,,,,,,,,,
Mạnh Hùng,3.1 (289),Limousine 24 Phòng Đôi,18:10,• Cầu vượt Linh Xuân,6h15m,00:25,• Ngã 3 Thành,(12/10),1.000.000,1.000.000,,,,,,,,,,
Mạnh Hùng,3.1 (289),Limousine 24 Phòng,17:35,• Cầu Vượt Quang Trung,6h45m,00:20,• Ngã 3 Thành,(12/10),660.000,660.000,,,,,,,,,,
Mạnh Hùng,3.1 (289),Limousine 24 Phòng,17:55,• Ngã 4 Bình Phước,6h25m,00:20,• Ngã 3 Thành,(12/10),660.000,660.000,,,,,,,,,,
Mạnh Hùng,3.1 (289),Limousine 24 Phòng,17:25,• Ngã 4 Bình Phước,6h30m,23:55,• Ngã 3 Thành,,600.000,600.000,,,,,,,,,,
Mạnh Hùng,3.1 (289),Limousine 24 Phòng,19:15,• Cầu vượt Linh Xuân,6h15m,01:30,• Ngã 3 Thành,(12/10),500.000,500.000,,,,,,,,,,
Mạnh Hùng,3.1 (289),Giường nằm 4x chỗ,18:50,• Cầu Vượt Sóng Thần,6h20m,01:10,• Ngã 3 Thành,(12/10),310.000,310.000,,,,,,,,,,
Mạnh Hùng,3.1 (289),Limousine 24 Phòng Đôi,18:20,• Cổng Bến xe Miền Đông Mới,6h5m,00:25,• Ngã 3 Thành,(12/10),1.000.000,1.000.000,,,,,,,,,,
Mạnh Hùng,3.1 (289),Limousine 24 Phòng,17:15,• Ngã 4 An Sương,7h5m,00:20,• Ngã 3 Thành,(12/10),660.000,660.000,,,,,,,,,,
Mạnh Hùng,3.1 (289),Limousine 24 Phòng,18:15,• Cổng Bến xe Miền Đông Mới,6h5m,00:20,• Ngã 3 Thành,(12/10),660.000,660.000,,,,,,,,,,
Mạnh Hùng,3.1 (289),Limousine 24 Phòng,18:05,• Cầu vượt Linh Xuân,6h15m,00:20,• Ngã 3 Thành,(12/10),660.000,660.000,,,,,,,,,,
Mạnh Hùng,3.1 (289),Limousine 24 Phòng,17:35,• Cầu Vượt Sóng Thần,6h20m,23:55,• Ngã 3 Thành,,600.000,600.000,,,,,,,,,,
Mạnh Hùng,3.1 (289),Limousine 24 Phòng Đôi,18:00,• Ngã 4 Bình Phước,6h25m,00:25,• Ngã 3 Thành,(12/10),1.000.000,1.000.000,,,,,,,,,,
Quang Hạnh (NT),3.6 (362),Limousine 24 phòng đơn,20:15,• Ngã 4 An Sương,7h30m,03:45,• Bến Xe Phía Nam Nha Trang Mới,(12/10),430.000,420.000,-2%,Lưu ý kích cỡ giường,,,,,,,,
Mộc Thảo,4.6 (1665),Limousine 34 giường,19:40,• Văn Phòng Bình Thạnh,10h25m,06:05,• Ngã 3 Thành,(12/10),320.000,320.000,,,,,,,,,,
Mạnh Hùng (Bình Định),2.8 (300),Giường nằm 4x chỗ,17:30,• Ngã 4 Bình Phước,8h55m,02:25,• Ngã 3 Thành,(12/10),330.000,330.000,,,,,,,,,,
Mạnh Hùng (Bình Định),2.8 (300),Limousine 22 Phòng,20:00,• Bến xe Miền Đông Cũ,7h,03:00,• Ngã 3 Thành,(12/10),500.000,500.000,,,,,,,,,,
Mạnh Hùng (Bình Định),2.8 (300),Limousine 22 Phòng Đôi,17:31,• Cổng Bến xe Miền Đông Mới,8h55m,02:26,• Ngã 3 Thành,(12/10),1.000.000,1.000.000,,,,,,,,,,
Mạnh Hùng (Bình Định),2.8 (300),Limousine 22 Phòng,17:31,• Ngã 4 Bình Phước,8h55m,02:26,• Ngã 3 Thành,(12/10),550.000,550.000,,,,,,,,,,
Mạnh Hùng (Bình Định),2.8 (300),Limousine 22 Phòng Đôi,17:32,• Ngã 4 Bình Phước,8h55m,02:27,• Ngã 3 Thành,(12/10),880.000,880.000,,,,,,,,,,
Mạnh Hùng (Bình Định),2.8 (300),Limousine 22 Phòng Đôi,20:02,• Bến xe Miền Đông Cũ,7h,03:02,• Ngã 3 Thành,(12/10),770.000,770.000,,,,,,,,,,
Phúc Yên,4.6 (741),Limousine 34 phòng,17:05,• Cây xăng Quốc Phong,8h40m,01:45,• Nha Trang (Dọc quốc lộ 1A),(12/10),290.000,290.000,,,,,,,,,,
Phúc Yên,4.6 (741),Limousine 34 phòng,16:50,• Ngã 4 An Sương,8h55m,01:45,• Nha Trang (Dọc quốc lộ 1A),(12/10),290.000,290.000,,,,,,,,,,
Mộc Thảo,4.6 (1665),Limousine 24 giường,19:50,• Văn Phòng Bình Thạnh,10h25m,06:15,• Ngã 3 Thành,(12/10),450.000,450.000,,,,,,,,,,
Thuận Phát (Bình Định),5 (67),Limousine 24 Phòng,17:40,• Bãi Xe Bảo Trân (Đối diện Cổng số 3 Bến Xe Miền Đông),5h50m,23:30,• Nha Trang (Dọc Quốc lộ 1A),,Từ 520.000,Từ 520.000,,,,,,,,,,
Hoàng Huy (Quảng Ngãi),4.3 (7),Giường nằm 44 chỗ,12:00,• Chợ Mới An Sương,8h40m,20:40,• Ngã 3 nhà máy sợi Nha Trang,,400.000,400.000,,,,,,,,,,
Sao Limousine,4.1 (11),Limousine giường phòng 22 chỗ,18:30,• Bến xe Miền Đông Mới,8h30m,03:00,• Nha Trang,(12/10),Từ 420.000,Từ 420.000,,,,,,,,,,
Hoàng Huy (Quảng Ngãi),4.3 (7),Limousine giường phòng 22 chỗ,16:00,• Chợ Mới An Sương,8h40m,00:40,• Ngã 3 nhà máy sợi Nha Trang,(12/10),Từ 560.000,Từ 560.000,,,,,,,,,,
Phúc An Express,4.7 (3425),Limousine 22 giường phòng (WC),22:30,• Văn Phòng Sài Gòn,7h30m,06:00,• Văn Phòng Nha Trang,(12/10),470.000,470.000,,Lộ trình xe chạy,,,,,,,,
Phúc An Express,4.7 (3425),Limousine 22 giường phòng (WC),22:30,• Văn Phòng Sài Gòn,7h40m,06:10,• Chợ Vĩnh Lương,(12/10),480.000,480.000,,Lộ trình xe chạy,,,,,,,,
Phúc An Express,4.7 (3425),Limousine 22 giường phòng (WC),22:45,• Trạm Phúc An Express,7h15m,06:00,• Văn Phòng Nha Trang,(12/10),470.000,470.000,,Lộ trình xe chạy,,,,,,,,
Phúc An Express,4.7 (3425),Limousine 22 giường phòng (WC),22:45,• Trạm Phúc An Express,7h25m,06:10,• Chợ Vĩnh Lương,(12/10),480.000,480.000,,Lộ trình xe chạy,,,,,,,,
Quỳnh Nhật,3.7 (279),Limousine 24 phòng,10:00,• Bến xe Miền Đông mới,8h5m,18:05,• Ngã 3 Thành.,,650.000,650.000,,,,,,,,,,
Quỳnh Nhật,3.7 (279),Limousine 24 phòng,09:00,• Bến xe An Sương,9h5m,18:05,• Ngã 3 Thành.,,650.000,650.000,,,,,,,,,,
